ISO3,year,eci,FHI_pr,FHI_cl,FHI_status,cpi,hdi,pub_per_million
DZA,1999,-0.6868493135,6,5,NF,NA,0.643,10.205302
DZA,1998,-0.8406770245,6,5,NF,NA,0.634,10.008606
DZA,2000,-0.7896694508,6,5,NF,NA,0.651,12.35443
DZA,2001,-0.682260418,6,5,NF,NA,0.659,14.280643
DZA,2005,-0.6930978976,NF,6,5,NA,0.692,27.086086
DZA,2003,-0.7215040475,6,5,NF,NA,0.677,19.747751
DZA,2002,-0.8593053158,6,5,NF,NA,0.669,15.390462
DZA,2004,-0.7310599655,6,5,NF,NA,0.685,26.257586
DZA,2006,-0.7692209326,6,5,NF,NA,0.698,37.870827
DZA,2009,-0.6036632794,6,5,NF,NA,0.714,59.6059
DZA,2010,-0.7105656232,6,5,NF,NA,0.718,57.8478
DZA,2022,-0.7153317957,6,5,NF,33,0.761,167.26224
DZA,2007,-0.7573981135,6,5,NF,NA,0.704,40.841587
DZA,2011,-0.7544055689,6,5,NF,NA,0.718,65.17046
DZA,2008,-0.7278217464,6,5,NF,NA,0.711,50.231552
DZA,2024,-0.6915750048207505,6,5,NF,34,NA,NA
DZA,2023,-0.7475989307,6,5,NF,36,0.763,NA
DZA,2017,-0.9928442642,6,5,NF,33,0.746,123.33382
DZA,2016,-1.0325600136,6,5,NF,34,0.743,108.882286
DZA,2018,-0.9881302492,6,5,NF,35,0.749,124.48525
DZA,2019,-1.0544071113,6,5,NF,35,0.753,143.91144
DZA,2012,-1.0715146861,6,5,NF,34,0.723,79.6615
DZA,2021,-0.9834207663,6,5,NF,33,0.755,152.78893
DZA,2013,-1.0878082627,6,5,NF,36,0.727,88.43169
DZA,2015,-1.0011054839,6,5,NF,36,0.737,101.720085
DZA,2014,-1.0490538954,6,5,NF,36,0.732,92.29964
DZA,2020,-1.2247462254,6,5,NF,36,0.742,129.64507
EGY,1998,-0.6164514098,6,6,NF,NA,0.629,34.347256
EGY,2005,-0.3495038849,NF,6,5,NA,0.648,44.607338
EGY,2017,-0.0880553471,6,6,NF,32,0.72,107.88771
EGY,2018,-0.0950502412,6,6,NF,35,0.728,124.873
EGY,2020,-0.1484934818,6,6,NF,33,0.736,164.74655
EGY,2016,-0.1241391884,6,5,NF,34,0.713,109.47351
EGY,2019,-0.1467538065,6,6,NF,35,0.736,143.63586
EGY,2023,-0.1091920678,6,6,NF,35,0.754,NA
EGY,1999,-0.6058786276,6,5,NF,NA,0.634,33.622875
EGY,2004,-0.4223333471,6,5,NF,NA,0.645,44.798244
EGY,2021,-0.0952148189,6,6,NF,33,0.738,192.68175
EGY,2024,-0.10649493829398925,6,6,NF,30,NA,NA
EGY,2000,-0.5960269839,6,5,NF,NA,0.639,36.708122
EGY,2015,-0.1318372487,6,5,NF,36,0.706,97.49197
EGY,2022,-0.1129900828,6,6,NF,30,0.751,213.33131
EGY,2003,-0.5153509866,6,6,NF,NA,0.643,45.65688
EGY,2002,-0.5533272069,6,6,NF,NA,0.643,39.61627
EGY,2008,-0.2349489919,6,5,NF,NA,0.665,56.568703
EGY,2001,-0.5915598519,6,6,NF,NA,0.642,39.56289
EGY,2006,-0.3906682314,6,5,NF,NA,0.651,47.637856
EGY,2009,-0.2649950008,6,5,NF,NA,0.671,68.71517
EGY,2014,-0.1466010656,6,5,NF,37,0.699,92.43181
EGY,2007,-0.2872831869,6,5,NF,NA,0.658,52.508526
EGY,2010,-0.2850623207,6,5,NF,NA,0.677,73.70437
EGY,2013,-0.2597125972,6,5,NF,32,0.695,89.26249
EGY,2012,-0.3016617219,5,5,PF,32,0.689,88.89256
EGY,2011,-0.3540974069,6,5,NF,NA,0.68,78.70303
LBY,1998,-0.8264166145,7,7,NF,NA,0.721,10.529686
LBY,2011,-0.1843760445,7,6,NF,NA,0.715,19.789686
LBY,1999,-0.8654741783,7,7,NF,NA,0.724,7.554563
LBY,2005,-0.5643896945,NF,7,7,NA,0.747,13.221142
LBY,2001,-0.6916951736,7,7,NF,NA,0.73,8.492425
LBY,2004,-0.6298104432,7,7,NF,NA,0.741,11.438646
LBY,2010,-0.4069785034,7,7,NF,NA,0.755,45.659798
LBY,2002,-0.8018221175,7,7,NF,NA,0.733,7.46858
LBY,2012,-0.33079897,4,5,PF,21,0.758,24.646694
LBY,2000,-1.0482652172,7,7,NF,NA,0.727,11.575826
LBY,2003,-0.7246222432,7,7,NF,NA,0.739,9.262558
LBY,2006,-0.6522999128,7,7,NF,NA,0.751,15.445944
LBY,2007,-0.7018199856,7,7,NF,NA,0.754,19.28779
LBY,2009,-0.6297988159,7,7,NF,NA,0.753,37.51245
LBY,2024,-0.643461309529756,7,6,NF,13,NA,NA
LBY,2017,-0.7824531042,7,6,NF,17,0.74,24.132
LBY,2008,-0.8092752617,7,7,NF,NA,0.754,21.668114
LBY,2022,-0.8619213532,7,6,NF,17,0.741,56.47301
LBY,2016,-0.9053397636,7,6,NF,14,0.725,21.175714
LBY,2023,-0.841850336,7,6,NF,18,0.721,NA
LBY,2013,-1.0837176239,4,5,PF,15,0.748,32.315945
LBY,2018,-1.0489194079,7,6,NF,17,0.743,24.50557
LBY,2021,-1.2779424236,7,6,NF,17,0.729,63.947975
LBY,2015,-1.2844839161,6,6,NF,16,0.728,26.91287
LBY,2019,-1.3496663847,7,6,NF,18,0.737,26.781631
LBY,2020,-1.3181843258,7,6,NF,17,0.688,34.91073
LBY,2014,-1.3593004477,6,6,NF,18,0.728,30.258654
MAR,1998,-0.9876673888,5,4,PF,NA,0.507,24.578548
MAR,2024,-0.26347622756901756,5,5,PF,37,NA,NA
MAR,1999,-0.9959706385,5,4,PF,NA,0.517,29.000063
MAR,2021,-0.3574674324,5,5,PF,39,0.69,199.93916
MAR,2000,-0.9285646209,5,4,PF,NA,0.528,30.620508
MAR,2022,-0.3962198773,5,5,PF,38,0.704,226.23497
MAR,2023,-0.3591385497,5,5,PF,38,0.71,NA
MAR,2020,-0.5380384911,5,5,PF,40,0.683,173.8578
MAR,2001,-0.9548000676,5,5,PF,NA,0.539,33.627693
MAR,2002,-1.0715922491,5,5,PF,NA,0.55,32.564056
MAR,2007,-0.6877103852,5,4,PF,NA,0.586,32.86009
MAR,2019,-0.6014968706,5,5,PF,41,0.687,152.21109
MAR,2003,-1.0924627929,5,5,PF,NA,0.56,31.431705
MAR,2005,-0.9252318067,PF,5,4,NA,0.573,30.397774
MAR,2006,-0.8585446265,5,4,PF,NA,0.579,31.798262
MAR,2004,-1.0310603325,5,4,PF,NA,0.567,32.33564
MAR,2011,-0.7485006606,5,4,PF,NA,0.619,57.34128
MAR,2016,-0.7191143684,5,4,PF,37,0.665,104.30096
MAR,2017,-0.6903622493,5,5,PF,40,0.674,113.33424
MAR,2012,-0.7359426028,5,4,PF,37,0.629,63.51476
MAR,2008,-0.7320423604,5,4,PF,NA,0.593,38.20796
MAR,2009,-0.7915186346,5,4,PF,NA,0.598,45.475636
MAR,2010,-0.8049531024,5,4,PF,NA,0.607,49.123703
MAR,2013,-0.7867718281,5,4,PF,37,0.639,63.953697
MAR,2015,-0.663991437,5,4,PF,36,0.659,71.82731
MAR,2018,-0.6958868065,5,5,PF,43,0.68,133.7149
MAR,2014,-0.6706965399,5,4,PF,39,0.648,72.6457
SDN,2001,-0.781303145,7,7,NF,NA,NA,2.2155385
SDN,2003,-0.7025263502,7,7,NF,NA,NA,2.845528
SDN,2002,-0.7685580419,7,7,NF,NA,NA,2.4612772
SDN,2004,-0.721673,7,7,NF,NA,NA,3.2693388
SDN,2005,-1.1976986019,NF,7,7,NA,NA,3.5074034
SDN,2006,-1.7142869145,7,7,NF,NA,NA,3.1948178
SDN,2007,-1.6731806166,7,7,NF,NA,NA,4.1008253
SDN,2016,-1.3849191833,7,7,NF,14,0.502,8.860663
SDN,2008,-1.772122196,7,7,NF,NA,0.456,4.4521794
SDN,2017,-1.4382133572,7,7,NF,16,0.506,7.5316687
SDN,2020,-1.2976940904,7,6,NF,16,0.513,8.243136
SDN,2022,-1.2876088038,7,6,NF,22,0.516,10.269049
SDN,2023,-1.2434268069,7,6,NF,20,0.511,NA
SDN,2009,-1.9137050139,7,7,NF,NA,0.469,5.5292134
SDN,2018,-1.379230552,7,7,NF,16,0.515,9.055496
SDN,2010,-1.9453094666,7,7,NF,NA,0.479,6.7449965
SDN,2013,-1.443838373,7,7,NF,11,0.488,8.5015955
SDN,2014,-1.2985797256,7,7,NF,11,0.496,5.712289
SDN,2015,-1.3215009472,7,7,NF,12,0.498,6.2921567
SDN,2024,-1.5196552492382505,7,7,NF,15,NA,NA
SDN,2019,-1.4485761259,7,6,NF,16,0.517,8.566315
SDN,2021,-1.3126949568,7,6,NF,20,0.512,11.398898
SDN,2011,-2.0265195158,7,7,NF,NA,0.476,7.5543413
SDN,2012,-1.6519761137,7,7,NF,13,0.482,6.6012735
TUN,2024,0.15915627857827758,6,4,PF,39,NA,NA
TUN,2021,0.1873211705,3,3,PF,44,0.728,425.1283
TUN,2022,0.1733837663,4,3,PF,40,0.745,472.80072
TUN,2023,0.1292216186,5,3,PF,40,0.746,NA
TUN,2020,0.0806958224,2,3,F,44,0.733,413.8731
TUN,2018,0.0544807096,2,3,F,43,0.742,472.4086
TUN,2019,0.0608541545,2,3,F,43,0.74,438.3347
TUN,2016,-0.0190251829,1,3,F,41,0.733,469.7062
TUN,2017,0.0178235611,2,3,F,42,0.737,481.88068
TUN,2015,0.0023490285,1,3,F,38,0.728,427.38617
TUN,2011,-0.1007992555,3,4,PF,NA,0.718,339.80875
TUN,2014,0.0135062709,1,3,F,40,0.725,401.69452
TUN,2005,-0.3361718805,NF,6,5,NA,0.69,167.85283
TUN,2012,-0.0747886915,3,4,PF,41,0.72,345.2118
TUN,2004,-0.405988039,6,5,NF,NA,0.683,133.25676
TUN,2003,-0.4758011206,6,5,NF,NA,0.673,106.51203
TUN,2008,-0.1960689739,7,5,NF,NA,0.709,262.5321
TUN,2001,-0.5417288279,6,5,NF,NA,0.661,81.065475
TUN,2002,-0.5276914659,6,5,NF,NA,0.667,98.42436
TUN,2006,-0.3258821803,6,5,NF,NA,0.697,192.15747
TUN,2007,-0.1956727228,7,5,NF,NA,0.703,221.17084
TUN,2009,-0.200014884,7,5,NF,NA,0.713,303.02945
TUN,2013,-0.1090456204,3,3,PF,41,0.722,379.71304
TUN,2010,-0.1846748104,7,5,NF,NA,0.717,321.37344
TUN,1999,-0.8373773502,6,5,NF,NA,0.646,62.42878
TUN,1998,-0.8918542695,6,5,NF,NA,0.636,58.220436
TUN,2000,-0.717315987,6,5,NF,NA,0.654,67.25083
ETH,2022,-0.7769519147,6,6,NF,38,0.494,57.071903
ETH,2021,-0.8392735298,5,6,NF,39,0.487,46.799297
ETH,2018,-0.7734315657,6,6,NF,34,0.476,18.64364
ETH,2020,-0.8864148422,6,6,NF,38,0.486,34.830147
ETH,2009,-0.9100045729,5,5,PF,NA,0.405,4.638234
ETH,2019,-0.8743185094,6,6,NF,37,0.482,23.633072
ETH,2023,-0.835690556,6,6,NF,37,0.497,NA
ETH,2010,-1.0017931752,6,6,NF,NA,0.415,4.9236503
ETH,2017,-0.9182640035,7,6,NF,35,0.47,14.870543
ETH,2016,-0.9954494476,7,6,NF,34,0.463,10.948559
ETH,2024,-0.9543370975363306,6,6,NF,37,NA,NA
ETH,2011,-1.0814076842,6,6,NF,NA,0.425,5.284382
ETH,2014,-1.0320388849,6,6,NF,33,0.449,9.744589
ETH,2015,-1.0127298435,7,6,NF,33,0.456,9.770174
ETH,2012,-1.1495445302,6,6,NF,33,0.433,6.7853694
ETH,2013,-1.1835300944,6,6,NF,33,0.441,7.836548
KEN,1998,-0.2141163188,6,5,NF,NA,0.496,12.479552
KEN,2000,-0.1452542243,6,5,NF,NA,0.5,11.75085
KEN,1999,-0.1484483937,6,5,NF,NA,0.499,12.17923
KEN,2001,-0.2030740455,6,5,NF,NA,0.505,12.805523
KEN,2002,-0.3355305042,4,4,PF,NA,0.504,13.519541
KEN,2003,-0.5390706481,3,3,PF,NA,0.515,12.617888
KEN,2004,-0.5487323892,3,3,PF,NA,0.526,12.978829
KEN,2005,-0.5148776158,PF,3,3,NA,0.532,12.866068
KEN,2006,-0.4378106223,3,3,PF,NA,0.541,13.103455
KEN,2007,-0.3204574279,4,3,PF,NA,0.548,14.349169
KEN,2008,-0.3410492778,4,3,PF,NA,0.553,15.077149
KEN,2009,-0.3653229336,4,4,PF,NA,0.553,17.390726
KEN,2010,-0.4167365612,4,3,PF,NA,0.552,18.04413
KEN,2019,-0.5208131021,4,4,PF,28,0.611,28.574007
KEN,2020,-0.4951463302,4,4,PF,31,0.6,34.208374
KEN,2018,-0.5428731118,4,4,PF,27,0.605,26.585281
KEN,2021,-0.5599400401,4,4,PF,30,0.608,37.14301
KEN,2014,-0.4467084306,4,4,PF,25,0.576,20.319233
KEN,2016,-0.5656600202,4,4,PF,26,0.594,22.854946
KEN,2024,-0.5063224432168749,4,4,PF,32,NA,NA
KEN,2011,-0.553203551,4,3,PF,NA,0.56,19.430305
KEN,2012,-0.5484721598,4,4,PF,27,0.565,18.036242
KEN,2017,-0.5872214488,4,4,PF,28,0.599,24.21614
KEN,2023,-0.4711243226,4,4,PF,31,0.628,NA
KEN,2015,-0.4959509824,4,4,PF,25,0.583,21.276733
KEN,2022,-0.5598673379,4,4,PF,32,0.626,36.996296
KEN,2013,-0.5738839416,4,4,PF,27,0.57,18.97757
MDG,2012,-1.0600166536,6,4,PF,32,0.496,4.011092
MDG,2009,-1.1889129944,6,4,PF,NA,0.493,3.980085
MDG,2021,-1.1549799417,3,4,PF,26,0.481,5.867081
MDG,2013,-1.2314022694,5,4,PF,28,0.497,4.6745467
MDG,2022,-1.216915505,3,4,PF,26,0.483,5.146981
MDG,2023,-1.1533077912,3,4,PF,25,0.487,NA
MDG,2020,-1.2788791638,3,4,PF,25,0.483,6.070411
MDG,2016,-1.396814457,3,4,PF,26,0.501,3.8582444
MDG,2017,-1.3622582957,3,4,PF,24,0.505,4.9737997
MDG,2024,-1.1894750950930095,4,4,PF,26,NA,NA
MDG,2014,-1.2517883305,4,4,PF,28,0.5,4.6001616
MDG,2015,-1.2468597649,3,4,PF,28,0.501,4.182611
MDG,2018,-1.3444043753,3,4,PF,25,0.501,4.5390196
MDG,2019,-1.3472963508,3,3,PF,24,0.495,4.3391895
MOZ,2005,-0.8477607918,PF,3,4,NA,0.371,1.9143474
MOZ,2004,-0.9372608909,3,4,PF,NA,0.36,1.6254784
MOZ,2006,-1.0287189451,3,4,PF,NA,0.379,2.1436386
MOZ,2007,-1.0385646897,3,3,PF,NA,0.392,2.002571
MOZ,2008,-1.0480083111,3,3,PF,NA,0.403,2.231996
MOZ,2009,-1.0677460899,4,3,PF,NA,0.411,2.606764
MOZ,2010,-1.1726853026,4,3,PF,NA,0.419,2.028763
MOZ,2013,-1.0406029407,4,3,PF,30,0.443,2.791038
MOZ,2011,-1.0889379694,4,3,PF,NA,0.424,3.143468
MOZ,2020,-1.2013350473,5,4,PF,25,0.477,5.7264094
MOZ,2015,-1.1234750228,4,4,PF,31,0.457,3.9615674
MOZ,2016,-1.2400490954,4,4,PF,27,0.46,4.022006
MOZ,2019,-1.2813886725,5,4,PF,26,0.475,5.194352
MOZ,2014,-1.1870401735,4,3,PF,31,0.45,3.3910496
MOZ,2017,-1.3124525724,4,4,PF,25,0.461,4.7219396
MOZ,2018,-1.2674943016,4,4,PF,23,0.469,5.193213
MOZ,2012,-1.2477392361,4,3,PF,31,0.431,2.6066399
MOZ,2022,-1.2735896745,5,4,PF,26,0.49,5.95047
MOZ,2021,-1.2846493245,5,4,PF,26,0.478,6.9279485
MOZ,2023,-1.2692319571,5,4,PF,25,0.493,NA
MOZ,2024,-1.3320129397565574,5,4,PF,25,NA,NA
MWI,2012,-0.8844577909,3,4,PF,37,0.488,10.03146
MWI,2013,-0.8629040684,3,4,PF,37,0.494,8.388909
SSD,2016,-2.1100688885,7,7,NF,11,0.297,0.19482733
SSD,2017,-2.1666831281,7,7,NF,12,0.292,0.55852556
SSD,2019,-2.1588379807,7,7,NF,12,0.403,0.8317836
SSD,2018,-2.0568968543,7,7,NF,13,0.371,0.9503133
SSD,2014,-2.7855158359,7,6,NF,15,0.343,0.5002193
SSD,2015,-2.9330544944,7,6,NF,15,0.317,0.49605852
TZA,2009,-0.6586376341,4,3,PF,NA,0.504,7.16437
TZA,2019,-0.6723675726,5,5,PF,37,0.546,13.36141
TZA,2020,-0.7008237129,5,5,PF,38,0.554,14.585849
TZA,2008,-0.7076735975,4,3,PF,NA,0.495,7.0163236
TZA,2005,-1.0365977036,PF,4,3,NA,0.465,5.57704
TZA,2007,-0.7257991073,4,3,PF,NA,0.486,7.4585776
TZA,2018,-0.6610101811,4,5,PF,36,0.537,10.919937
TZA,2004,-1.1865296578,4,3,PF,NA,0.455,5.0446515
TZA,2006,-0.9754930955,4,3,PF,NA,0.477,6.9921994
TZA,2010,-0.8595296597,3,3,PF,NA,0.513,8.099916
TZA,2011,-0.8046225737,3,3,PF,NA,0.516,8.714654
TZA,2012,-0.8051656465,3,3,PF,35,0.519,8.297755
TZA,2013,-0.8314888875,3,3,PF,33,0.521,8.219092
TZA,2014,-0.8607525758,3,3,PF,31,0.521,10.526596
TZA,2015,-0.9781728235,3,4,PF,30,0.52,10.348712
TZA,2016,-1.0624587273,3,4,PF,32,0.52,10.455185
TZA,2017,-1.1702712017,4,4,PF,36,0.528,11.069865
TZA,2022,-1.1752358405,5,5,PF,38,0.554,18.101948
TZA,2023,-1.1349708809,5,5,PF,40,0.555,NA
TZA,2021,-1.1777394675,5,5,PF,39,0.548,15.8705
TZA,2024,-1.162346175700783,6,5,NF,41,NA,NA
UGA,2016,-0.3950629942,6,5,NF,25,0.553,15.582558
UGA,2014,-0.2849494973,6,5,NF,26,0.539,14.012981
UGA,2015,-0.3244692124,6,5,NF,25,0.547,16.23119
UGA,2013,-0.4199521174,6,4,PF,26,0.532,13.359635
UGA,2012,-0.5282862719,5,4,PF,29,0.526,13.136682
UGA,2017,-0.5501556711,6,4,PF,26,0.557,16.247448
UGA,2008,-0.5057467698,5,4,PF,NA,0.502,8.333782
UGA,2009,-0.4992899637,5,4,PF,NA,0.509,9.859098
UGA,2010,-0.5104265457,5,4,PF,NA,0.514,12.578262
UGA,2011,-0.5946453524,5,4,PF,NA,0.522,12.484056
UGA,2023,-0.6157155566,6,5,NF,26,0.582,NA
UGA,2018,-0.6611393103,6,5,NF,26,0.563,16.49191
UGA,2024,-0.672316135336569,6,5,NF,26,NA,NA
UGA,2019,-0.813976043,6,5,NF,28,0.569,18.65225
UGA,2022,-0.7438863693,6,5,NF,26,0.578,26.29314
UGA,2020,-0.9774267622,6,5,NF,27,0.571,20.706005
UGA,2021,-0.9367343077,6,5,NF,27,0.573,26.30245
AGO,1998,-1.3313775834,6,6,NF,NA,NA,0.27111945
AGO,1999,-1.6533252116,6,6,NF,NA,0.379,0.25084198
AGO,2000,-1.8137180091,6,6,NF,NA,0.391,0.37542754
AGO,2001,-1.7415322299,6,6,NF,NA,0.401,0.5720357
AGO,2002,-1.7429947368,6,5,NF,NA,0.417,0.9308795
AGO,2005,-1.6806712888,NF,6,5,NA,0.463,0.5204456
AGO,2003,-1.807400574,6,5,NF,NA,0.435,0.32824868
AGO,2004,-1.6306248582,6,5,NF,NA,0.448,0.52310634
AGO,2024,-0.9915047185875882,6,5,NF,32,NA,NA
AGO,2006,-1.8688553373,6,5,NF,NA,0.475,0.6280202
AGO,2007,-1.7036526436,6,5,NF,NA,0.492,0.4889655
AGO,2010,-1.2415911692,6,5,NF,NA,0.528,0.6301829
AGO,2009,-1.3986890926,6,5,NF,NA,0.517,0.6147731
AGO,2008,-1.6552197322,6,5,NF,NA,0.504,0.5491538
AGO,2011,-1.5303478949,6,5,NF,NA,0.545,0.73415405
AGO,2023,-1.229129349,6,5,NF,33,0.616,NA
AGO,2016,-1.4771719546,6,6,NF,18,0.609,1.2956142
AGO,2013,-1.4320031693,6,5,NF,23,0.567,0.91150147
AGO,2021,-1.2942575171,6,5,NF,29,0.609,1.2263834
AGO,2017,-1.4895315134,6,6,NF,19,0.61,1.8233932
AGO,2018,-1.4496467376,6,5,NF,19,0.611,0.94896805
AGO,2022,-1.454026729,6,5,NF,33,0.615,1.2625219
AGO,2012,-1.594486395,6,5,NF,22,0.557,0.845997
AGO,2019,-1.4500635525,6,5,NF,26,0.611,1.1239935
AGO,2020,-1.3664242002,6,5,NF,27,0.61,1.450175
AGO,2014,-1.3806050973,6,5,NF,19,0.577,1.2727916
AGO,2015,-1.5775347895,6,6,NF,15,0.603,1.1407142
CMR,1998,-1.7929799128,7,5,NF,NA,0.433,9.18779
CMR,2002,-1.3196733717,6,6,NF,NA,0.458,12.187826
CMR,1999,-1.7763302446,7,6,NF,NA,0.434,8.413689
CMR,2000,-1.8310305672,7,6,NF,NA,0.439,7.9174495
CMR,2003,-1.3275203739,6,6,NF,NA,0.465,13.159995
CMR,2001,-1.585425982,6,6,NF,NA,0.458,9.9422
CMR,2016,-0.8678736572,6,6,NF,26,0.579,28.714733
CMR,2004,-1.3282472668,6,6,NF,NA,0.47,12.81299
CMR,2017,-0.8887548414,6,6,NF,25,0.581,32.985336
CMR,2009,-1.0495561463,6,6,NF,NA,0.516,18.002012
CMR,2015,-0.8424052276,6,6,NF,27,0.575,26.207405
CMR,2005,-1.6949289857,NF,6,6,NA,0.472,16.624699
CMR,2014,-0.9050599922,6,6,NF,27,0.566,25.616623
CMR,2008,-1.1291351775,6,6,NF,NA,0.501,17.149729
CMR,2007,-1.317694921,6,6,NF,NA,0.485,16.711454
CMR,2013,-0.9569946098,6,6,NF,25,0.558,21.89056
CMR,2006,-1.7351509934,6,6,NF,NA,0.473,18.024082
CMR,2021,-0.9710513689,6,6,NF,27,0.574,49.727745
CMR,2010,-1.204668275,6,6,NF,NA,0.529,18.05363
CMR,2020,-1.0937226786,6,6,NF,25,0.579,42.277237
CMR,2019,-1.0889540049,6,6,NF,25,0.582,36.59831
CMR,2022,-1.0145683511,6,6,NF,26,0.581,54.501595
CMR,2011,-1.1437751948,6,6,NF,NA,0.538,19.871193
CMR,2012,-1.1158762777,6,6,NF,26,0.549,19.629469
CMR,2024,-1.0670706288733929,6,6,NF,26,NA,NA
CMR,2018,-1.1298877978,6,6,NF,25,0.582,35.203037
CMR,2023,-1.1970604441,6,6,NF,27,0.588,NA
COD,2013,-0.9374567568,6,6,NF,22,0.456,0.8915495
COD,2011,-1.0719600622,6,6,NF,NA,0.447,0.64531326
COD,2007,-1.6725434265,5,6,NF,NA,0.417,0.5036993
COD,2008,-1.3924389348,6,6,NF,NA,0.426,0.6207422
COD,2012,-1.1052075473,6,6,NF,21,0.451,0.9563902
COD,2009,-1.5756035385,6,6,NF,NA,0.431,0.6708121
COD,2019,-1.3029578808,7,6,NF,18,0.501,1.4919184
COD,2010,-1.6493309338,6,6,NF,NA,0.44,0.77213615
COD,2017,-1.4492785746,7,6,NF,21,0.491,1.4128985
COD,2018,-1.4091880411,7,6,NF,20,0.497,1.5754993
COD,2016,-1.5967207535,7,6,NF,21,0.487,1.1577436
COD,2020,-1.3394852045,7,6,NF,18,0.506,1.8313366
COD,2015,-1.4930711725,6,6,NF,22,0.477,1.218848
COD,2024,-1.747900260707462,7,6,NF,20,NA,NA
COD,2022,-1.676470783,7,6,NF,20,0.514,2.3194046
COD,2021,-1.7142211173,7,6,NF,19,0.508,2.150704
COD,2023,-1.937604893,7,6,NF,20,0.522,NA
COD,2014,-1.6344020958,6,6,NF,22,0.467,1.098424
COG,2000,-1.3693957293,6,4,PF,NA,0.545,5.5055857
COG,2001,-1.3123789388,5,4,PF,NA,0.55,4.8280587
COG,2002,-1.636930619,6,4,PF,NA,0.552,7.14164
COG,2003,-1.7430344522,5,4,PF,NA,0.553,10.0384445
COG,2018,-0.8270262676,7,5,NF,19,0.64,11.347558
COG,2020,-0.9598389278,7,5,NF,19,0.643,13.162307
COG,2019,-0.9585453391,7,5,NF,19,0.634,13.6682625
COG,2005,-1.8248172614,PF,5,5,NA,0.569,12.341761
COG,2004,-1.8571505573,5,4,PF,NA,0.557,11.510133
COG,2010,-1.1900257709,6,5,NF,NA,0.609,9.268784
COG,2017,-0.9958199692,7,5,NF,21,0.635,12.472409
COG,2008,-1.3429272915,6,5,NF,NA,0.591,11.831724
COG,2009,-1.2017238531,6,5,NF,NA,0.602,9.436565
COG,2006,-1.9913902095,6,5,NF,NA,0.582,12.036767
COG,2016,-1.1535979678,7,5,NF,20,0.64,14.671034
COG,2021,-1.0949543331,7,6,NF,21,0.643,15.050449
COG,2007,-1.8332289771,6,5,NF,NA,0.583,11.652008
COG,2011,-1.5153584683,6,5,NF,NA,0.613,9.981074
COG,2012,-1.2941020852,6,5,NF,26,0.624,11.484141
COG,2022,-1.4219043803,7,6,NF,21,0.644,14.977372
COG,2014,-1.3060446851,6,5,NF,23,0.639,14.180406
COG,2013,-1.4620393593,6,5,NF,22,0.63,10.574213
COG,2024,-1.6453960556139129,7,6,NF,23,NA,NA
COG,2015,-1.4940813857,6,5,NF,23,0.643,15.322954
COG,2023,-1.7340172418,7,6,NF,22,0.649,NA
GAB,2000,-0.8966599206,5,4,PF,NA,0.652,18.509344
GAB,1999,-1.136515753,5,4,PF,NA,0.653,29.364063
GAB,2017,-0.5308658361,7,5,NF,32,0.726,28.457508
GAB,2019,-0.5364209586,7,5,NF,31,0.73,33.633106
GAB,2018,-0.5181673117,7,5,NF,31,0.727,27.780815
GAB,1998,-1.3911976131,5,4,PF,NA,0.654,27.448221
GAB,2016,-0.5683816073,6,5,NF,35,0.724,28.210175
GAB,2020,-0.6024969223,7,5,NF,30,0.732,26.737978
GAB,2023,-0.6223058924,7,5,NF,28,0.733,NA
GAB,2021,-0.684928695,7,5,NF,31,0.72,38.93598
GAB,2001,-1.4145150069,5,4,PF,NA,0.657,21.93818
GAB,2022,-0.7349316915,7,5,NF,29,0.73,39.132004
GAB,2002,-1.4647269928,5,4,PF,NA,0.661,22.213383
GAB,2003,-1.3768017766,5,4,PF,NA,0.664,19.459616
GAB,2024,-0.8029704083289291,7,5,NF,27,NA,NA
GAB,2004,-1.5040294498,5,4,PF,NA,0.665,22.826248
GAB,2014,-0.922782151,6,5,NF,37,0.716,30.378098
GAB,2006,-1.7220468497,6,4,PF,NA,0.67,27.957941
GAB,2012,-1.0577692306,6,5,NF,35,0.699,27.354107
GAB,2005,-1.8759289521,PF,6,4,NA,0.671,33.40633
GAB,2015,-0.9705741754,6,5,NF,34,0.72,29.90217
GAB,2013,-1.1149978682,6,5,NF,34,0.707,28.268862
GAB,2007,-1.7250431026,6,4,PF,NA,0.674,21.301384
GAB,2010,-1.4473334859,6,5,NF,NA,0.684,24.961058
GAB,2011,-1.3844040424,6,5,NF,NA,0.69,32.08781
GAB,2008,-1.665949794,6,4,PF,NA,0.675,25.83415
GAB,2009,-1.8110921259,6,5,NF,NA,0.681,30.363106
TCD,2010,0.0087737123,7,6,NF,NA,0.375,0.31187627
TCD,2011,-0.1596098072,7,6,NF,NA,0.384,0.5535086
TCD,2006,-1.3164285298,6,6,NF,NA,0.339,0.9256125
TCD,2012,-1.0473562802,7,6,NF,19,0.391,0.34516695
TCD,2009,-1.4446307286,7,6,NF,NA,0.369,0.78192306
TCD,2007,-2.0626231846,7,6,NF,NA,0.35,0.3898333
TCD,2008,-2.5118783465,7,6,NF,NA,0.354,0.54111534
TCD,2016,-1.8523750006,7,6,NF,20,0.396,0.70395255
TCD,2017,-1.6785364768,7,6,NF,20,0.397,0.9678188
TCD,2018,-1.7928415403,7,6,NF,19,0.402,1.0453976
TCD,2020,-1.5369072505,7,6,NF,21,0.408,0.7872426
TCD,2022,-1.8703582692,7,6,NF,19,0.414,1.564319
TCD,2024,-2.8770181028430186,7,6,NF,21,NA,NA
TCD,2013,-2.1772012879,7,6,NF,19,0.396,0.36593172
TCD,2014,-2.5145764578,7,6,NF,22,0.401,0.6103458
TCD,2015,-2.1508225411,7,6,NF,22,0.396,0.6390116
TCD,2021,-1.9478587669,7,6,NF,20,0.408,1.3843181
TCD,2023,-2.4091673042,7,6,NF,20,0.416,NA
BWA,2001,-0.2373082487,2,2,F,NA,0.595,59.850937
BWA,2010,-0.113387381,3,2,F,NA,0.652,80.6498
BWA,2002,-0.4466995532,2,2,F,NA,0.594,69.40198
BWA,2011,-0.1563583113,3,2,F,NA,0.661,80.914955
BWA,2009,-0.2544650027,3,2,F,NA,0.644,84.22278
BWA,2012,-0.2730755837,3,2,F,65,0.667,75.87438
BWA,2003,-0.6768409867,2,2,F,NA,0.602,68.89537
BWA,2013,-0.3388349571,3,2,F,64,0.676,78.22273
BWA,2004,-0.666637142,2,2,F,NA,0.608,73.82912
BWA,2014,-0.2805460082,3,2,F,63,0.685,94.28446
BWA,2018,-0.483674463,3,2,F,61,0.71,124.050674
BWA,2019,-0.438089724,3,2,F,61,0.718,132.30661
BWA,2017,-0.4286928345,3,2,F,61,0.704,105.962425
BWA,2023,-0.4066969843,3,2,F,59,0.731,NA
BWA,2015,-0.3386107111,3,2,F,63,0.69,74.2804
BWA,2005,-0.7094874832,F,2,2,NA,0.616,67.18384
BWA,2016,-0.5205608239,3,2,F,60,0.696,105.61237
BWA,2020,-0.5000600581,3,2,F,60,0.718,137.06024
BWA,2024,-0.43551338750763,2,2,F,57,NA,NA
BWA,2022,-0.510945399,3,2,F,60,0.729,160.94565
BWA,2008,-0.5464083515,2,2,F,NA,0.645,84.9808
BWA,2006,-0.8387987283,2,2,F,NA,0.627,98.76683
BWA,2021,-0.6393072714,3,2,F,55,0.7,160.9367
BWA,2007,-0.7683440856,2,2,F,NA,0.64,79.7509
NAM,2003,-0.3075301852,2,3,F,NA,0.558,24.047388
NAM,2004,-0.4224517434,2,3,F,NA,0.563,16.811855
NAM,2005,-0.4766843154,F,2,2,NA,0.564,27.194391
NAM,2015,-0.3114415921,2,2,F,53,0.63,42.235607
NAM,2006,-0.5753793726,2,2,F,NA,0.569,17.962856
NAM,2010,-0.4121192402,2,2,F,NA,0.591,17.921038
NAM,2016,-0.5160601315,2,2,F,52,0.634,41.23871
NAM,2011,-0.4676673994,2,2,F,NA,0.598,22.894949
NAM,2014,-0.347051307,2,2,F,49,0.624,39.77702
NAM,2009,-0.4889189457,2,2,F,NA,0.585,15.350964
NAM,2007,-0.5684929777,2,2,F,NA,0.576,19.865252
NAM,2013,-0.5347635038,2,2,F,48,0.616,37.95325
NAM,2017,-0.598229856,2,2,F,51,0.638,45.57108
NAM,2008,-0.5994982263,2,2,F,NA,0.581,16.154907
NAM,2018,-0.6304739332,3,2,F,53,0.642,62.30874
NAM,2024,-0.6073662710106003,3,2,F,49,NA,NA
NAM,2012,-0.6541444707,2,2,F,48,0.607,29.375929
NAM,2019,-0.7042755665,2,2,F,52,0.647,59.551163
NAM,2022,-0.7066339516,2,2,F,49,0.649,76.05388
NAM,2021,-0.7119271233,2,2,F,49,0.631,82.05517
NAM,2020,-0.7399432736,2,2,F,51,0.647,74.61992
NAM,2023,-0.735227921,2,2,F,49,0.665,NA
ZAF,1998,0.5453028149,1,2,F,NA,0.634,86.63704
ZAF,2002,0.4674923882,1,2,F,NA,0.614,92.89931
ZAF,1999,0.4392384797,1,2,F,NA,0.626,86.56112
ZAF,2000,0.419329387,1,2,F,NA,0.618,84.066444
ZAF,2003,0.3872673821,1,2,F,NA,0.61,90.44533
ZAF,2004,0.3262246055,1,2,F,NA,0.613,101.36999
ZAF,2005,0.3955757504,F,1,2,NA,0.616,106.61823
ZAF,2001,0.3882892926,1,2,F,NA,0.613,87.38826
ZAF,2006,0.365414753,2,2,F,NA,0.622,116.85742
ZAF,2007,0.3933343037,2,2,F,NA,0.632,118.68707
ZAF,2008,0.3713464803,2,2,F,NA,0.643,125.27751
ZAF,2009,0.3539023632,2,2,F,NA,0.657,139.17894
ZAF,2010,0.3500037173,2,2,F,NA,0.669,147.05148
ZAF,2011,0.3329672165,2,2,F,NA,0.683,157.07968
ZAF,2012,0.3423988389,2,2,F,43,0.696,169.29575
ZAF,2014,0.3860492936,2,2,F,44,0.713,185.69763
ZAF,2013,0.3279229962,2,2,F,42,0.705,176.59938
ZAF,2017,0.2300838274,2,2,F,43,0.726,225.90845
ZAF,2015,0.2826622461,2,2,F,44,0.722,196.53975
ZAF,2016,0.2633321288,2,2,F,45,0.722,212.7963
ZAF,2018,0.1877335336,2,2,F,43,0.732,229.93362
ZAF,2019,0.1781907198,2,2,F,44,0.742,254.2188
ZAF,2020,0.1584067577,2,2,F,44,0.724,259.97543
ZAF,2022,0.1053073903,2,2,F,43,0.737,266.9374
ZAF,2021,0.0750465913,2,2,F,44,0.721,261.6577
ZAF,2024,0.060405060037222444,2,2,F,41,NA,NA
ZAF,2023,0.0699775943,2,2,F,41,0.741,NA
ZMB,2013,-0.3016913588,3,4,PF,38,0.557,7.8277826
ZMB,2014,-0.315798163,3,4,PF,38,0.559,8.150829
ZMB,2015,-0.4403971922,3,4,PF,38,0.565,9.849328
ZMB,2006,-0.7766758481,3,4,PF,NA,0.492,5.739701
ZMB,2012,-0.5465214329,3,4,PF,37,0.551,7.165258
ZMB,2007,-0.6833421863,3,4,PF,NA,0.504,5.512895
ZMB,2008,-0.555522923,3,3,PF,NA,0.514,7.1352196
ZMB,2004,-0.9319945598,4,4,PF,NA,0.468,3.7783782
ZMB,2010,-0.5750344519,3,4,PF,NA,0.533,6.287595
ZMB,2011,-0.6266287917,3,4,PF,NA,0.538,6.9671297
ZMB,2005,-0.9764606828,PF,4,4,NA,0.48,5.208716
ZMB,2009,-0.6511123594,3,4,PF,NA,0.526,5.6892357
ZMB,2020,-0.7156889009,4,4,PF,33,0.578,13.989952
ZMB,2023,-0.6527576251,4,4,PF,37,0.595,NA
ZMB,2016,-0.7281680065,4,4,PF,38,0.565,10.625842
ZMB,2024,-0.7165899796359781,4,4,PF,39,NA,NA
ZMB,2022,-0.7806440028,4,4,PF,33,0.589,17.082869
ZMB,2019,-0.8571144157,4,4,PF,34,0.578,11.332603
ZMB,2021,-0.8404963234,4,4,PF,33,0.574,15.954717
ZMB,2017,-0.8664813347,4,4,PF,37,0.57,11.92857
ZMB,2018,-0.9478217722,4,4,PF,35,0.575,12.101659
ZWE,1998,-0.1873087999,5,5,PF,NA,0.467,17.77167
ZWE,2000,-0.2386219325,6,5,PF,NA,0.458,19.809025
ZWE,1999,-0.2740663113,6,5,PF,NA,0.462,21.567522
ZWE,2002,-0.3374968599,6,6,NF,NA,0.459,14.039119
ZWE,2004,-0.3438427129,7,6,NF,NA,0.453,11.363512
ZWE,2003,-0.3618088951,6,6,NF,NA,0.45,14.906408
ZWE,2001,-0.3496045961,6,6,NF,NA,0.456,17.469238
ZWE,2005,-0.3012450544,NF,7,6,NA,0.455,11.314998
ZWE,2006,-0.184864848,7,6,NF,NA,0.457,13.603509
ZWE,2007,-0.1897292626,7,6,NF,NA,0.459,14.518834
ZWE,2008,-0.2346214453,7,6,NF,NA,0.456,9.741381
ZWE,2009,-0.3718699219,6,6,NF,NA,0.488,8.947871
ZWE,2010,-0.4836634017,6,6,NF,NA,0.512,11.0178175
ZWE,2011,-0.675038041,6,6,NF,NA,0.529,10.425567
ZWE,2016,-0.7109263244,5,5,PF,22,0.57,22.14476
ZWE,2012,-0.7543482839,6,6,NF,20,0.545,14.816302
ZWE,2013,-0.7651493847,5,6,NF,21,0.554,15.76802
ZWE,2014,-0.6305741354,5,6,NF,21,0.56,18.99368
ZWE,2017,-0.7954752686,6,5,NF,22,0.575,22.949564
ZWE,2019,-0.8179356901,5,5,PF,24,0.584,27.920223
ZWE,2022,-0.7732160107,6,5,NF,23,0.594,35.039394
ZWE,2015,-0.7092026711,5,5,PF,21,0.567,19.070751
ZWE,2020,-0.8736958292,6,5,NF,24,0.582,29.399967
ZWE,2018,-0.7824482906,5,5,PF,22,0.586,26.106705
ZWE,2021,-0.8746672223,6,5,NF,23,0.581,31.377691
ZWE,2023,-0.9753358023,6,5,NF,24,0.598,NA
ZWE,2024,-1.0434826826142753,6,5,NF,21,NA,NA
BEN,2016,-0.4480989605,2,2,F,36,0.51,14.816409
BEN,2023,-0.4314936661,4,3,PF,43,0.515,NA
BEN,2015,-0.4602590793,2,2,F,37,0.511,15.844121
BEN,2020,-0.5944770999,4,2,PF,41,0.504,24.267475
BEN,2022,-0.5585216848,5,3,PF,43,0.512,30.065771
BEN,2019,-0.669580972,4,2,PF,41,0.507,21.762028
BEN,2024,-0.630276926352347,4,3,PF,45,NA,NA
BEN,2018,-0.6548505177,2,2,F,40,0.507,18.828512
BEN,2014,-0.5977749231,2,2,F,39,0.509,16.275606
BEN,2021,-0.7146826714,5,3,PF,42,0.506,28.449871
BEN,2012,-1.0995346349,2,2,F,36,0.497,13.781951
BFA,2011,-1.1303107998,5,3,PF,NA,0.389,9.013974
BFA,2014,-1.1530153126,6,3,PF,38,0.409,9.289358
BFA,2015,-1.1267374516,4,3,PF,38,0.419,10.277201
BFA,2016,-1.3656087124,4,3,PF,42,0.427,10.65123
BFA,2013,-1.3399715835,5,3,PF,38,0.405,9.260593
BFA,2024,-1.3065528799236354,7,5,NF,41,NA,NA
BFA,2012,-1.4044821194,5,3,PF,38,0.398,11.006105
BFA,2017,-1.4846640982,4,3,PF,42,0.438,10.501946
BFA,2023,-1.36443,7,5,NF,41,0.459,NA
BFA,2018,-1.5110343798,4,3,PF,41,0.449,12.472179
BFA,2019,-1.5353124511,4,4,PF,40,0.453,12.48691
BFA,2022,-1.6477734805,7,4,NF,42,0.457,18.26955
BFA,2020,-1.5870819818,4,4,PF,40,0.453,12.180445
BFA,2021,-1.6608613195,4,4,PF,42,0.454,15.085534000000001
CIV,2002,-0.6456013769,6,6,NF,NA,0.424,4.2332335
CIV,2000,-0.9992148776,6,5,PF,NA,0.419,4.280467
CIV,1998,-1.3316847096,6,4,NF,NA,0.413,5.952371
CIV,2001,-0.7962587772,5,4,PF,NA,0.422,4.4634132
CIV,2003,-0.7665103472,6,5,NF,NA,0.425,5.19567
CIV,2005,-0.7437891705,NF,6,6,NA,0.435,5.086091
CIV,2004,-0.7530898974,6,6,NF,NA,0.43,5.467211
CIV,1999,-1.3996242801,6,5,PF,NA,0.416,6.2790666
CIV,2006,-0.8671570668,7,6,NF,NA,0.44,4.871804
CIV,2007,-0.9631925918,7,5,NF,NA,0.445,5.6669917
CIV,2008,-1.0097110105,6,5,NF,NA,0.452,7.6999454
CIV,2015,-0.882908937,4,4,PF,32,0.519,7.02676
CIV,2019,-0.9615902384,4,4,PF,35,0.552,8.554957
CIV,2009,-1.1155092969,6,5,NF,NA,0.458,6.8188205
CIV,2016,-0.9527555985,4,4,PF,34,0.53,6.700038
CIV,2017,-0.9901754684,4,4,PF,36,0.539,7.688517
CIV,2020,-1.0317471886,5,4,PF,36,0.553,8.619267
CIV,2014,-0.9990246091,5,4,PF,32,0.511,7.3970346
CIV,2018,-1.0036408498,4,4,PF,35,0.545,9.04269
CIV,2010,-1.2133858478,7,6,NF,NA,0.465,6.895213
CIV,2022,-1.0322283318,4,4,PF,37,0.565,9.792728
CIV,2024,-1.0648719430125904,4,4,PF,45,NA,NA
CIV,2021,-1.094432192,4,4,PF,36,0.557,11.283839
CIV,2023,-1.0790273803,4,4,PF,40,0.582,NA
CIV,2011,-1.220292608,6,6,NF,NA,0.469,7.845705
CIV,2013,-1.1465887996,5,4,PF,27,0.487,6.586528
CIV,2012,-1.1923839441,5,5,PF,29,0.478,7.908526
GHA,1998,-1.2914101087,3,3,PF,NA,0.475,6.9573927
GHA,1999,-1.2509361856,3,3,PF,NA,0.48,6.7420845
GHA,2000,-1.2693407329,2,3,F,NA,0.487,7.086081
GHA,2001,-1.177467059,2,3,F,NA,0.486,5.8144298
GHA,2003,-1.2897962573,2,2,F,NA,0.495,7.007657
GHA,2002,-1.36154644,2,3,F,NA,0.493,7.182074
GHA,2004,-1.1801443067,2,2,F,NA,0.503,7.932945
GHA,2005,-1.1672969158,F,1,2,NA,0.515,8.4207
GHA,2006,-1.3533911463,1,2,F,NA,0.524,8.159907
GHA,2007,-1.1886187572,1,2,F,NA,0.534,9.921209
GHA,2008,-1.0709843299,1,2,F,NA,0.546,10.509302
GHA,2013,-0.9347273801,1,2,F,46,0.582,21.191334
GHA,2016,-1.0486063117,1,2,F,43,0.59,34.336235
GHA,2023,-0.9682588548,2,2,F,43,0.628,NA
GHA,2010,-1.2111416175,1,2,F,NA,0.558,13.947009
GHA,2014,-1.0119032116,1,2,F,48,0.58,22.22306
GHA,2024,-1.0424033788234837,2,2,F,42,NA,NA
GHA,2011,-1.127175434,1,2,F,NA,0.568,15.697974
GHA,2009,-1.2284594322,1,2,F,NA,0.551,12.362311
GHA,2015,-1.0076096998,1,2,F,47,0.588,27.401316
GHA,2017,-1.0827019179,1,2,F,40,0.594,37.20897
GHA,2012,-1.1363234021,1,2,F,45,0.575,19.237482
GHA,2022,-1.0516250408,2,2,F,43,0.625,92.7704
GHA,2020,-1.2593211705,2,2,F,43,0.614,65.11956
GHA,2018,-1.3154796555,1,2,F,41,0.6,44.50416
GHA,2021,-1.1906162171,2,2,F,43,0.618,78.71049
GHA,2019,-1.3310469335,2,2,F,41,0.609,52.99123
GIN,2007,-1.7083659967,6,5,NF,NA,0.416,1.4603176
GIN,2008,-1.9906942417,7,5,NF,NA,0.422,1.2163005
GIN,2010,-1.7935171267,5,5,PF,NA,0.43,1.110995
GIN,2009,-1.9706165436,7,6,NF,NA,0.424,1.1662602
GIN,2011,-1.7624726561,5,5,PF,NA,0.436,0.98528546
GIN,2015,-1.4170255392,5,5,PF,25,0.465,2.3463786
GIN,2016,-1.6319941864,5,5,PF,27,0.482,3.2021787
GIN,2017,-1.5894194317,5,5,PF,27,0.482,2.9469566
GIN,2018,-1.7304845349,5,4,PF,28,0.479,2.1920893
GIN,2019,-1.5246403144,5,5,PF,29,0.486,2.6414828
GIN,2013,-1.5400377693,5,5,PF,24,0.445,0.9390743
GIN,2024,-2.406857742222983,6,5,NF,28,NA,NA
GIN,2012,-1.9372328473,5,5,PF,24,0.44,1.0666953
GIN,2014,-1.6324638728,5,5,PF,25,0.451,1.7798427000000001
GIN,2020,-1.7922588053,5,5,PF,28,0.488,3.034885
GIN,2021,-1.8554674734,6,5,NF,25,0.49,3.5352435
GIN,2022,-2.0158341219,6,5,NF,25,0.498,3.3567798
GIN,2023,-2.1759246458,6,5,NF,26,0.5,NA
LBR,2021,-0.8233718197,3,4,PF,29,0.503,4.9740243
LBR,2015,-0.9329189002,3,4,PF,37,0.48,2.298564
LBR,2022,-1.0541319184,3,4,PF,26,0.508,4.8219957
LBR,2024,-1.5260646531145898,2,4,PF,27,NA,NA
LBR,2023,-1.436257069,2,4,PF,25,0.51,NA
MLI,2008,-0.5486197729,2,3,F,NA,0.395,4.3632255
MLI,2011,-0.7847982441,2,3,F,NA,0.415,5.2261667
MLI,2017,-0.802264314,5,4,PF,31,0.416,4.9936886
MLI,2012,-0.8469121218,7,5,NF,34,0.411,5.002054
MLI,2019,-0.9343374423,5,5,PF,29,0.425,4.3596087
MLI,2013,-0.8832897877,5,4,PF,28,0.409,3.5287147
MLI,2018,-0.8819186425,4,4,PF,32,0.421,4.267678
MLI,2014,-0.9483641308,5,4,PF,32,0.414,3.899498
MLI,2020,-1.0333671581,6,5,NF,30,0.414,4.573121
MLI,2016,-1.0886766733,5,4,PF,32,0.411,4.0247426
MLI,2024,-1.0994017429997602,6,5,NF,27,NA,NA
MLI,2015,-1.2716101592,5,4,PF,35,0.413,3.5524082
MLI,2023,-1.4064809867,6,5,NF,28,0.419,NA
MLI,2021,-1.4970633308,6,5,NF,29,0.414,5.0422916
MLI,2022,-1.9755333459,6,5,NF,28,0.417,5.118183
MRT,2016,-0.8889573472,6,5,NF,27,0.548,3.7022927
MRT,2012,-1.0436163744,6,5,NF,31,0.538,3.5893555
MRT,2011,-0.9693537602,6,5,NF,NA,0.53,3.8369184
MRT,2007,-1.2558196029,4,4,PF,NA,0.512,2.9776347
MRT,2008,-1.3117529383,6,5,NF,NA,0.512,1.3947926
MRT,2009,-1.1509811386,6,5,NF,NA,0.522,2.2225957
MRT,2014,-1.0112982347,6,5,NF,30,0.547,3.1674562
MRT,2017,-1.0032899986,6,5,NF,28,0.551,2.7074525
MRT,2015,-0.9828962472,6,5,NF,31,0.551,3.6056852
MRT,2013,-1.0886873218,6,5,NF,30,0.544,4.0623217
MRT,2018,-1.0541534537,6,5,NF,27,0.561,3.8545904
MRT,2019,-1.1596948365,5,5,PF,28,0.566,4.61758
MRT,2023,-1.1280628905,5,5,PF,30,0.563,NA
MRT,2024,-1.0982486752126515,5,5,PF,30,NA,NA
MRT,2010,-1.4730508295,6,5,NF,NA,0.525,1.5423338
MRT,2022,-1.2614340263,5,5,PF,30,0.562,5.429034
MRT,2020,-1.3084696138,5,5,PF,29,0.554,4.8368187
MRT,2021,-1.3034698727,5,5,PF,28,0.553,7.7404385
NER,2024,-0.6030394758666383,7,5,NF,34,NA,NA
NER,2022,-0.659320601,4,4,PF,32,0.414,2.9061344
NER,2021,-0.6676286132,4,4,PF,31,0.413,2.3165324
NER,2020,-0.7087143969,4,4,PF,32,0.404,2.8577917
NER,2023,-0.6292191661,6,4,PF,32,0.419,NA
NER,2013,-0.8296022739,3,4,PF,34,0.362,1.691154
NER,2014,-0.7503293219,3,4,PF,35,0.369,2.514063
NER,2015,-0.8112243748,3,4,PF,34,0.374,2.6570377
NGA,1998,-2.1624582405,6,4,PF,NA,0.419,7.383043
NGA,1999,-1.8574681203,4,3,PF,NA,0.425,7.824795
NGA,2000,-2.3093299223,4,4,PF,NA,0.435,8.200107
NGA,2002,-1.6184994265,4,5,PF,NA,0.451,9.051637
NGA,2003,-1.3977750301,4,4,PF,NA,0.464,9.629698
NGA,2001,-2.23087993,4,5,PF,NA,0.438,8.152694
NGA,2004,-1.5022455728,4,4,PF,NA,0.477,10.463072
NGA,2005,-1.8475324389,PF,4,4,NA,0.484,12.30826
NGA,2006,-2.0463721828,4,4,PF,NA,0.489,13.13694
NGA,2008,-1.637142147,5,4,PF,NA,0.497,14.3865595
NGA,2007,-2.0052580061,4,4,PF,NA,0.492,13.969585
NGA,2009,-1.819955874,5,4,PF,NA,0.499,17.722551
NGA,2010,-1.8114266693,4,4,PF,NA,0.502,19.042818
NGA,2016,-1.4914813175,3,5,PF,28,0.532,20.255142
NGA,2011,-1.8405888355,4,4,PF,NA,0.508,19.89776
NGA,2015,-1.4695360043,4,5,PF,26,0.53,18.680677
NGA,2022,-1.6177949282,4,5,PF,24,0.557,42.1599
NGA,2014,-1.4234718022,4,5,PF,27,0.524,19.118338
NGA,2017,-1.7703900619,3,5,PF,27,0.534,22.48433
NGA,2013,-1.5347079194,4,4,PF,25,0.517,17.33101
NGA,2018,-1.8139691613,3,5,PF,27,0.537,26.97679
NGA,2019,-1.5919961419,4,5,PF,26,0.544,32.909798
NGA,2021,-1.5911524149,4,5,PF,24,0.554,43.118935
NGA,2024,-1.8290449084173572,4,5,PF,26,NA,NA
NGA,2012,-1.7241068604,4,4,PF,27,0.512,17.67383
NGA,2020,-1.6501193395,4,5,PF,25,0.547,38.1797
NGA,2023,-1.7481877342,4,5,PF,25,0.56,NA
SEN,2007,-0.0779602917,2,3,F,NA,0.45,17.65114
SEN,2008,-0.23842944160000001,3,3,PF,NA,0.462,17.338428
SEN,2009,-0.3494061803,3,3,PF,NA,0.47,14.516849
SEN,2016,-0.5038520408,2,2,F,45,0.516,22.156342
SEN,2017,-0.5215273669,2,2,F,45,0.517,21.918575
SEN,2010,-0.4761493723,3,3,PF,NA,0.477,14.994366
SEN,2022,-0.4930457932,3,3,PF,43,0.526,25.545145
SEN,2015,-0.4026250961,2,2,F,44,0.509,22.488354
SEN,2011,-0.5225261252,3,3,PF,NA,0.491,20.142145
SEN,2021,-0.5800899798,3,3,PF,43,0.522,24.465668
SEN,2013,-0.5502801619,2,2,F,41,0.504,20.105247
SEN,2014,-0.4526256233,2,2,F,43,0.508,20.93682
SEN,2023,-0.5115993371,3,3,PF,43,0.53,NA
SEN,2024,-0.5553777336275622,2,3,F,45,NA,NA
SEN,2020,-0.6542071809,3,3,PF,45,0.522,24.624136
SEN,2012,-0.6257215783,2,3,F,36,0.499,19.589806
SEN,2019,-0.7217527539,3,3,PF,45,0.52,23.07294
SEN,2018,-0.665032919,2,3,F,45,0.522,24.188637
SLE,2015,-0.4862792301,3,3,PF,29,0.432,4.6535387
SLE,2014,-0.7877054974,3,3,PF,31,0.438,2.9346817
TGO,2016,-0.5427732523,4,4,PF,32,0.528,8.547662
TGO,2018,-0.6473206022,5,4,PF,30,0.542,10.329615
TGO,2017,-0.6672486461,4,4,PF,32,0.534,8.227486
TGO,2010,-0.7750448733,5,4,PF,NA,0.483,7.2602077
TGO,2014,-0.5674372912,4,4,PF,29,0.514,10.046236
TGO,2015,-0.5844519425,4,4,PF,32,0.523,9.120216
TGO,2009,-0.783189986,5,4,PF,NA,0.473,6.466861
TGO,2011,-0.7568321291,5,4,PF,NA,0.495,7.067185
TGO,2013,-0.7455252214,4,4,PF,29,0.507,7.7648
TGO,2020,-0.738503231,5,4,PF,29,0.554,10.406334
TGO,2019,-0.8207479419,5,4,PF,29,0.549,10.715972
TGO,2024,-0.7807715496007296,5,4,PF,32,NA,NA
TGO,2012,-0.893814742,5,4,PF,30,0.5,6.1993575
TGO,2023,-0.8458661926,5,4,PF,31,0.571,NA
TGO,2021,-0.9561843313,5,4,PF,30,0.56,12.09455
TGO,2022,-0.9631300014,5,4,PF,30,0.567,14.82331
KAZ,1998,0.393328956,6,5,NF,NA,0.678,13.542492
KAZ,1999,-0.0144330742,6,5,NF,NA,0.683,10.586914
KAZ,2001,-0.0358274466,6,5,NF,NA,0.707,13.123775
KAZ,2000,-0.155236657,6,5,NF,NA,0.692,12.4487915
KAZ,2002,-0.2026000128,6,5,NF,NA,0.72,14.710018
KAZ,2003,-0.2271307768,6,5,NF,NA,0.732,16.18555
KAZ,2014,0.067291631,6,5,NF,29,0.813,50.89276
KAZ,2015,0.0690420916,6,5,NF,28,0.819,61.400112
KAZ,2012,0.0029067831,6,5,NF,28,0.799,25.860813
KAZ,2004,-0.3746633193,6,5,NF,NA,0.743,15.233917
KAZ,2013,0.0145747482,6,5,NF,26,0.808,35.400562
KAZ,2016,-0.0469962787,7,5,NF,29,0.82,80.08288
KAZ,2005,-0.3788238039,NF,6,5,NA,0.754,15.6875105
KAZ,2017,-0.0957608569,7,5,NF,31,0.824,90.608315
KAZ,2006,-0.3091654075,6,5,NF,NA,0.765,14.329612
KAZ,2009,-0.1784649515,6,5,NF,NA,0.774,16.408094
KAZ,2024,-0.1247102602710167,7,5,NF,40,NA,NA
KAZ,2018,-0.1963195987,7,5,NF,31,0.828,104.245415
KAZ,2022,-0.1766830722,7,5,NF,36,0.831,177.2308
KAZ,2023,-0.1789691506,7,5,NF,39,0.837,NA
KAZ,2007,-0.2864627811,6,5,NF,NA,0.772,14.046072
KAZ,2020,-0.2424783793,7,5,NF,38,0.826,149.21376
KAZ,2019,-0.2462849737,7,5,NF,34,0.834,125.62083
KAZ,2008,-0.295701018,6,5,NF,NA,0.771,14.550247
KAZ,2011,-0.2897469051,6,5,NF,NA,0.79,22.382513
KAZ,2021,-0.2913412793,7,5,NF,37,0.816,166.88596
KAZ,2010,-0.3535992142,6,5,NF,NA,0.781,19.124168
KGZ,2017,-0.0199963678,5,5,PF,29,0.704,18.310698
KGZ,2015,-0.0076325795,5,5,PF,28,0.695,7.9867077
KGZ,2018,-0.0714105835,5,4,PF,29,0.708,20.952568
KGZ,2023,-0.111660897,7,5,NF,26,0.72,NA
KGZ,2021,-0.1142512451,7,5,NF,27,0.704,36.84451
KGZ,2019,-0.1927037209,5,4,PF,30,0.708,28.246439
KGZ,2013,-0.1686483994,5,5,PF,24,0.686,9.700285
KGZ,2014,-0.106689323,5,5,PF,27,0.691,8.603337
KGZ,2020,-0.2037489474,7,5,NF,31,0.7,31.158403
KGZ,2022,-0.1616210537,7,5,NF,27,0.717,33.953053
KGZ,2012,-0.2614612593,5,5,PF,24,0.679,9.191313
KGZ,2024,-0.13326628415191488,7,5,NF,25,NA,NA
KGZ,2011,-0.3374365435,5,5,PF,NA,0.67,8.93883
TJK,2021,-0.6566744617,7,6,NF,25,0.672,12.989986
TJK,2022,-0.8453295599,7,7,NF,24,0.687,10.819839
TJK,2024,-0.8030184538936047,7,7,NF,19,NA,NA
TJK,2023,-0.8879015728,7,7,NF,20,0.691,NA
TKM,2021,-0.5818491568,7,7,NF,19,0.754,1.7540784
TKM,2002,-1.073265545,7,7,NF,NA,NA,1.1762326
TKM,2020,-0.6208652071,7,7,NF,19,0.744,0.79137695
TKM,2001,-1.2917925851,7,7,NF,NA,NA,1.1977562
TKM,2003,-1.2439054643,7,7,NF,NA,NA,0.8121114
TKM,2022,-0.7404536397,7,7,NF,19,0.761,3.031731
TKM,2023,-0.687693832,7,7,NF,18,0.764,NA
TKM,2004,-1.3029127604,7,7,NF,NA,NA,0.907607
TKM,2005,-1.347306853,NF,7,7,NA,0.653,0.62942165
TKM,2019,-0.8384834145,7,7,NF,19,0.741,0.39976814
TKM,2016,-0.8720432638,7,7,NF,22,0.729,0.46855044
TKM,2024,-0.7880199491649986,7,7,NF,17,NA,NA
TKM,2006,-1.3575121916,7,7,NF,NA,0.662,0.7460504
TKM,2017,-0.903081753,7,7,NF,19,0.732,1.2186761
TKM,2018,-0.8423857718,7,7,NF,20,0.735,0.7422406
TKM,2007,-1.2034827755,7,7,NF,NA,0.673,0.92867225
TKM,2010,-1.0362935915,7,7,NF,NA,0.7,1.2364414
TKM,2011,-0.979968268,7,7,NF,NA,0.709,2.1518743
TKM,2009,-1.1422634707,7,7,NF,NA,0.69,0.7043814
TKM,2008,-1.2691919409,7,7,NF,NA,0.683,0.2956018
TKM,2014,-1.0613264271,7,7,NF,17,0.719,3.1093202
TKM,2015,-1.0347265175,7,7,NF,18,0.725,0.99746287
TKM,2012,-1.2075311435,7,7,NF,17,0.714,2.1812687
TKM,2013,-1.3874204876,7,7,NF,17,0.716,0.98495775
UZB,1998,-0.1347236281,7,6,NF,NA,NA,15.415417
UZB,1999,-0.2230605383,7,6,NF,NA,NA,14.228628
UZB,2000,-0.247977115,7,6,NF,NA,0.603,14.657248
UZB,2002,-0.4286711593,7,6,NF,NA,0.618,14.65631
UZB,2001,-0.3856881981,7,6,NF,NA,0.61,16.864298
UZB,2003,-0.4485477002,7,6,NF,NA,0.625,12.335841
UZB,2005,-0.5470387188,NF,7,7,NA,0.638,13.275803
UZB,2023,-0.2247765807,7,6,NF,33,0.74,NA
UZB,2004,-0.5757001498,7,6,NF,NA,0.632,14.441774
UZB,2022,-0.3266096986,7,6,NF,31,0.737,62.606335
UZB,2024,-0.2665286056121436,7,6,NF,32,NA,NA
UZB,2006,-0.5699892161,7,7,NF,NA,0.644,12.083579
UZB,2018,-0.4878186004,7,6,NF,23,0.725,10.827377
UZB,2021,-0.3961636984,7,6,NF,28,0.727,70.33324
UZB,2007,-0.5240590518,7,7,NF,NA,0.658,12.302035
UZB,2019,-0.5481402425,7,6,NF,25,0.73,23.437191
UZB,2020,-0.5424367617,7,6,NF,26,0.723,37.491993
UZB,2009,-0.5181929939,7,7,NF,NA,0.672,12.211819
UZB,2017,-0.5832019706,7,7,NF,22,0.719,10.6860075
UZB,2012,-0.5499224292,7,7,NF,17,0.692,11.3420515
UZB,2016,-0.5872409391,7,7,NF,21,0.714,12.072406
UZB,2008,-0.6191682076,7,7,NF,NA,0.663,11.1595745
UZB,2014,-0.5451937606,7,7,NF,18,0.703,11.060122
UZB,2010,-0.6715976064,7,7,NF,NA,0.681,13.915905
UZB,2011,-0.6442502636,7,7,NF,NA,0.686,13.209153
UZB,2015,-0.5595351169,7,7,NF,19,0.707,9.566708
UZB,2013,-0.6970149209,7,7,NF,17,0.698,11.887674
CHN,2022,1.1447621637,7,6,NF,45,0.796,636.57056
CHN,2023,1.1566897702,7,6,NF,42,0.797,NA
CHN,2024,1.1447591372428831,7,6,NF,43,NA,NA
CHN,2021,1.1181727529,7,6,NF,45,0.794,542.4966
CHN,2019,0.9591412915,7,6,NF,41,0.781,438.64087
CHN,2020,1.0050275983,7,6,NF,42,0.786,476.74487
CHN,2018,0.9365239708,7,6,NF,39,0.774,379.4628
CHN,2012,0.7774632885,7,6,NF,39,0.725,242.99942
CHN,2014,0.8333937791,7,6,NF,36,0.742,280.71436
CHN,2013,0.775585193,7,6,NF,40,0.733,260.88626
CHN,2015,0.8429111868,7,6,NF,37,0.75,294.76462
CHN,2017,0.8582603124,7,6,NF,41,0.765,335.70242
CHN,2016,0.8437068598,7,6,NF,40,0.758,314.6107
CHN,2011,0.6725486789,7,6,NF,NA,0.717,240.38914
CHN,2010,0.5842520437,7,6,NF,NA,0.71,231.1372
CHN,2007,0.4546301191,7,6,NF,NA,0.68,162.11444
CHN,2009,0.5630002911,7,6,NF,NA,0.7,214.65054
CHN,2008,0.5238344224,7,6,NF,NA,0.689,187.3093
CHN,2006,0.2742656684,7,6,NF,NA,0.666,147.12328
CHN,2004,0.0272170757,7,6,NF,NA,0.642,93.93835
CHN,2005,0.1286471588,NF,7,6,NA,0.654,127.22606
CHN,2002,-0.2338497677,7,6,NF,NA,0.619,58.709137
CHN,2003,-0.1638292891,7,6,NF,NA,0.63,68.75588
CHN,2001,-0.209968405,7,6,NF,NA,0.608,55.569084
CHN,1998,-0.4311325504,7,6,NF,NA,0.576,35.24768
CHN,2000,-0.2989118725,7,6,NF,NA,0.598,42.200920000000004
CHN,1999,-0.4028239558,7,6,NF,NA,0.587,36.074806
HKG,2022,1.1421674408,NA,NA,NA,76,0.95,NA
HKG,2023,1.1208217627,NA,NA,NA,75,0.955,NA
HKG,2024,1.1022054127714687,NA,NA,NA,74,NA,NA
HKG,2018,0.9384543166,NA,NA,NA,76,0.952,NA
HKG,2021,1.0882109531,NA,NA,NA,76,0.961,NA
HKG,2020,0.9716449268,NA,NA,NA,77,0.95,NA
HKG,2016,0.8560993613,NA,NA,NA,77,0.94,NA
HKG,2019,0.9315903102,NA,NA,NA,76,0.952,NA
HKG,2017,0.8673607244,NA,NA,NA,77,0.946,NA
HKG,2014,0.7798285789,NA,NA,NA,74,0.932,NA
HKG,2012,0.7277257054,NA,NA,NA,77,0.923,NA
HKG,2015,0.7613111305,NA,NA,NA,75,0.937,NA
HKG,2013,0.7241049981,NA,NA,NA,75,0.928,NA
HKG,2011,0.6454953789,NA,NA,NA,NA,0.918,NA
HKG,2010,0.5298936918,NA,NA,NA,NA,0.912,NA
HKG,2004,0.1164996969,NA,NA,NA,NA,0.866,NA
HKG,2009,0.3690640087,NA,NA,NA,NA,0.909,NA
HKG,2005,0.152221496,NA,NA,NA,NA,0.872,NA
HKG,2003,-0.0096339486,NA,NA,NA,NA,0.861,NA
HKG,2008,0.329090561,NA,NA,NA,NA,0.907,NA
HKG,2002,-0.0510011502,NA,NA,NA,NA,0.854,NA
HKG,2006,0.2110278023,NA,NA,NA,NA,0.879,NA
HKG,2000,-0.1342942695,NA,NA,NA,NA,0.839,NA
HKG,2007,0.2999526299,NA,NA,NA,NA,0.891,NA
HKG,2001,-0.0818624586,NA,NA,NA,NA,0.847,NA
HKG,1998,-0.3482771397,NA,NA,NA,NA,0.823,NA
HKG,1999,-0.2603461088,NA,NA,NA,NA,0.83,NA
JPN,2002,1.9431731989,1,2,F,NA,0.894,770.093
JPN,2003,1.997987099,1,2,F,NA,0.896,793.7955
JPN,2004,2.0824881846,1,2,F,NA,0.899,812.68665
JPN,2005,1.9930875147,F,1,2,NA,0.9,878.5681
JPN,2006,1.9771104224,1,2,F,NA,0.903,887.9906
JPN,2007,1.9479996186,1,2,F,NA,0.905,852.65216
JPN,2008,2.0300112763,1,2,F,NA,0.905,840.32184
JPN,2009,2.0502362109,1,2,F,NA,0.905,851.4572
JPN,2010,2.101528276,1,2,F,NA,0.907,849.0114
JPN,2011,2.18729631,1,2,F,NA,0.906,864.07635
JPN,2012,2.1989250589,1,2,F,74,0.909,854.35156
JPN,2013,2.1684905793,1,1,F,74,0.912,851.74866
JPN,2014,2.0995345992,1,1,F,76,0.914,827.2306
JPN,2015,2.1051345439,1,1,F,75,0.917,802.4044
JPN,2016,2.1348306482,1,1,F,72,0.918,806.2051
JPN,2017,2.1767003313,1,1,F,73,0.92,806.6775
JPN,2018,2.1872569173,1,1,F,73,0.921,819.7824
JPN,2019,2.1932959148,1,1,F,73,0.922,821.31525
JPN,2020,2.2285475696,1,1,F,74,0.922,814.0923
JPN,2021,2.1442211824,1,1,F,73,0.922,867.8669
JPN,2022,2.070971544,1,1,F,73,0.921,828.95483
JPN,2023,2.0670909985,1,1,F,73,0.925,NA
JPN,2024,2.0215514641499657,1,1,F,71,NA,NA
JPN,2001,1.8480857038,1,2,F,NA,0.892,755.8296
JPN,2000,1.7301748587,1,2,F,NA,0.889,761.62823
JPN,1999,1.6801517554,1,2,F,NA,0.885,743.85077
JPN,1998,1.6158201028,1,2,F,NA,0.884,729.79266
KOR,2021,1.8695312226,2,2,F,62,0.933,1498.3032
KOR,2022,1.825652733,2,2,F,63,0.928,1488.9082
KOR,2023,1.8491087536,2,2,F,63,0.937,NA
KOR,2024,1.817097617200779,2,2,F,64,NA,NA
KOR,2013,1.7548638785,2,2,F,55,0.905,1136.6523
KOR,2014,1.7548242338,2,2,F,55,0.91,1185.3505
KOR,2015,1.7422245259,2,2,F,54,0.914,1229.4979
KOR,2016,1.7814293346,2,2,F,53,0.918,1228.384
KOR,2017,1.8340151862,2,2,F,54,0.922,1247.946
KOR,2018,1.8695435707,2,2,F,57,0.924,1296.7445
KOR,2019,1.8735594798,2,2,F,59,0.927,1365.8281
KOR,2020,1.9073625845,2,2,F,61,0.928,1413.2156
KOR,2012,1.7077853252,1,2,F,56,0.901,1117.5509
KOR,2011,1.581296313,1,2,F,NA,0.899,1073.8429
KOR,2009,1.4728175492,1,2,F,NA,0.881,932.0511
KOR,2010,1.5025598754,1,2,F,NA,0.894,1015.838
KOR,2008,1.3870389236,1,2,F,NA,0.878,895.4009
KOR,2007,1.3166005123,1,2,F,NA,0.876,848.6851
KOR,2006,1.2289169024,1,2,F,NA,0.871,768.96783
KOR,2005,1.1509375689,F,1,2,NA,0.866,666.1372
KOR,2004,1.0803272927,1,2,F,NA,0.859,576.9473
KOR,2002,0.8183956187,2,2,F,NA,0.846,420.2649
KOR,2003,0.9090593515,2,2,F,NA,0.852,498.61597
KOR,2001,0.7064796793,2,2,F,NA,0.838,389.18613
KOR,2000,0.6226434252,2,2,F,NA,0.83,337.70874
KOR,1999,0.561856432,2,2,F,NA,0.821,314.96796
KOR,1998,0.4992144143,2,2,F,NA,0.809,262.67572
MNG,2010,-0.9799326561,2,2,F,NA,0.714,32.815773
MNG,2013,-0.8483755595,1,2,F,38,0.744,56.212276
MNG,2007,-1.1820710939,2,2,F,NA,0.696,43.29996
MNG,2012,-0.9010089062,1,2,F,36,0.735,45.04341
MNG,2016,-0.9078137139,1,2,F,38,0.759,38.0076
MNG,2011,-0.9594857457,2,2,F,NA,0.725,36.54645
MNG,2017,-0.9669062352,1,2,F,36,0.759,47.902184
MNG,2018,-0.9386284722,1,2,F,37,0.767,47.487854
MNG,2015,-0.9404277326,1,2,F,39,0.753,33.618954
MNG,2009,-1.1505019146,2,2,F,NA,0.711,37.189045
MNG,2008,-1.3421222641,2,2,F,NA,0.707,36.289333
MNG,2014,-1.0132691167,1,2,F,39,0.748,38.938778
MNG,2019,-1.1543180096,1,2,F,35,0.758,59.22869
MNG,2020,-1.1660600435,1,2,F,35,0.741,64.37838
MNG,2021,-1.0920458977,1,2,F,35,0.727,83.91895
MNG,2024,-1.199178356053929,1,2,F,33,NA,NA
MNG,2022,-1.3943823426,1,2,F,33,0.742,76.316025
MNG,2023,-1.3176055017,1,2,F,33,0.747,NA
PRK,2007,0.7632519509,7,7,NF,NA,NA,0.259673
PRK,2008,0.8283675273,7,7,NF,NA,NA,0.4223768
PRK,2009,0.8177720895,7,7,NF,NA,NA,0.2709185
PRK,2010,0.6985546613,7,7,NF,NA,NA,0.3325695
PRK,2006,0.5883105254,7,7,NF,NA,NA,0.08889068
PRK,2011,0.5504928056,7,7,NF,NA,NA,0.29962698
PRK,2012,0.3718007037,7,7,NF,8,NA,0.7091937
PRK,2013,0.0384848611,7,7,NF,8,NA,0.35966036
PRK,2018,-0.1768158451,7,7,NF,14,NA,3.4668734
PRK,2014,-0.1107435716,7,7,NF,8,NA,0.65733474
PRK,2015,-0.2043636367,7,7,NF,8,NA,1.5252968
PRK,2016,-0.3612664959,7,7,NF,12,NA,1.6366825
PRK,2017,-0.3187706139,7,7,NF,17,NA,2.1922936
TWN,2020,2.0097605262,1,1,F,65,NA,NA
TWN,2021,2.024421424,1,1,F,68,NA,NA
TWN,2022,1.9785662439,1,1,F,68,NA,NA
TWN,2023,1.9965383336,1,1,F,67,NA,NA
TWN,2024,1.9679032756325832,1,1,F,67,NA,NA
TWN,2017,1.9378987676,1,1,F,63,NA,NA
TWN,2018,1.9239717801,1,1,F,63,NA,NA
TWN,2019,1.9649211481,1,1,F,65,NA,NA
TWN,2012,1.7890333884,1,2,F,61,NA,NA
TWN,2013,1.8145010201,1,2,F,61,NA,NA
TWN,2014,1.8006756991,1,2,F,61,NA,NA
TWN,2015,1.8081397282,1,2,F,62,NA,NA
TWN,2016,1.8486507188,1,1,F,61,NA,NA
TWN,2011,1.6967594985,1,2,F,NA,NA,NA
TWN,2007,1.4661627149,2,1,F,NA,NA,NA
TWN,2008,1.5220298793,2,1,F,NA,NA,NA
TWN,2009,1.5685054089,1,2,F,NA,NA,NA
TWN,2010,1.5885772281,1,2,F,NA,NA,NA
TWN,2006,1.3667693553,2,1,F,NA,NA,NA
TWN,2005,1.3116845094,F,1,1,NA,NA,NA
TWN,2004,1.2961623379,2,1,F,NA,NA,NA
TWN,2003,1.1761739073,2,2,F,NA,NA,NA
TWN,2002,1.1078189424,2,2,F,NA,NA,NA
TWN,2000,0.8145621537,1,2,F,NA,NA,NA
TWN,2001,1.0294785466,1,2,F,NA,NA,NA
TWN,1999,0.6718341342,2,2,F,NA,NA,NA
TWN,1998,0.5448957493,2,2,F,NA,NA,NA
IDN,2021,0.0203001192,2,4,PF,38,0.707,142.9626
IDN,2020,-0.106288735,2,4,PF,37,0.71,119.701355
IDN,2019,-0.1279154816,2,4,PF,40,0.714,113.7855
IDN,2022,-0.0511486716,2,4,PF,34,0.726,114.57533
IDN,2023,-0.0853674914,3,4,PF,34,0.728,NA
IDN,1998,-0.7491476514,6,4,PF,NA,0.591,1.5630989
IDN,2018,-0.1347843617,2,4,PF,38,0.715,80.73729
IDN,1999,-0.7212600838,4,4,PF,NA,0.595,1.5751299
IDN,2000,-0.6408746737,3,4,PF,NA,0.6,1.8422995
IDN,2024,-0.12883459755133686,3,4,PF,37,NA,NA
IDN,2005,-0.4656577433,F,2,3,NA,0.638,2.6179914
IDN,2016,-0.1781733254,2,4,PF,37,0.705,25.52162
IDN,2001,-0.5795987112,3,4,PF,NA,0.608,1.5066324
IDN,2004,-0.5277107035,3,4,PF,NA,0.624,2.071807
IDN,2006,-0.3892984913,2,3,F,NA,0.646,3.1198754
IDN,2007,-0.2757014597,2,3,F,NA,0.649,2.7761896
IDN,2015,-0.1908816584,2,4,PF,36,0.701,17.089813
IDN,2002,-0.5925386349,3,4,PF,NA,0.617,1.7380459
IDN,2017,-0.2139549453,2,4,PF,37,0.712,48.63371
IDN,2008,-0.2822128338,2,3,F,NA,0.653,3.2143018
IDN,2009,-0.3085541166,2,3,F,NA,0.663,4.5000405
IDN,2010,-0.3305600327,2,3,F,NA,0.67,5.8711276
IDN,2012,-0.3003558389,2,3,F,32,0.686,8.354382
IDN,2003,-0.5976992893,3,4,PF,NA,0.625,1.7185667
IDN,2013,-0.3294035866,2,4,PF,32,0.69,11.003764
IDN,2014,-0.2577787997,2,4,PF,34,0.693,12.957176
IDN,2011,-0.3933819937,2,3,F,NA,0.678,7.786627
KHM,2022,-0.6797748185,7,5,NF,24,0.602,11.812769
KHM,2024,-0.648907858299564,7,5,NF,21,NA,NA
KHM,2023,-0.6648739863,7,5,NF,22,0.606,NA
KHM,2021,-0.7151092779,7,5,NF,23,0.594,10.089367
KHM,2001,-1.7233018913,6,5,NF,NA,0.453,1.0459388
KHM,2002,-1.7784035714,6,5,NF,NA,0.473,1.8856122
KHM,2003,-1.7892028786,6,5,NF,NA,0.488,1.832048
KHM,2005,-1.8708609299,NF,6,5,NA,0.514,2.6430142
KHM,2004,-1.877398897,6,5,NF,NA,0.502,2.759588
KHM,2020,-1.0767068925,7,5,NF,21,0.595,9.748603
KHM,2007,-1.5164185295,6,5,NF,NA,0.534,3.7430186
KHM,2019,-1.0552020172,7,5,NF,20,0.593,8.840927
KHM,2006,-1.8364779136,6,5,NF,NA,0.525,3.2502317
KHM,2018,-1.0361512907,6,5,NF,20,0.586,9.074306
KHM,2016,-1.1328830337,6,5,NF,21,0.57,7.898288
KHM,2017,-1.056388759,6,5,NF,21,0.578,7.7905245
KHM,2008,-1.5596594994,6,5,NF,NA,0.539,3.6603036
KHM,2009,-1.6134436661,6,5,NF,NA,0.539,4.5682473
KHM,2010,-1.6111485106,6,5,NF,NA,0.543,3.8515313
KHM,2015,-1.1451863881,6,5,NF,21,0.562,7.1361585
KHM,2011,-1.6186777653,6,5,NF,NA,0.547,4.8469753
KHM,2014,-1.2947246695,6,5,NF,21,0.557,6.0688047
KHM,2012,-1.505597317,6,5,NF,22,0.551,5.169593
KHM,2013,-1.5097474317,6,5,NF,20,0.554,5.6287956
LAO,2021,-0.740563428,7,6,NF,30,0.613,11.687607
LAO,2022,-0.8713069871,7,6,NF,31,0.614,11.103311
LAO,2020,-0.9970667361,7,6,NF,29,0.616,12.281984
LAO,2024,-0.9223412145976543,7,6,NF,33,NA,NA
LAO,2019,-1.0476116849,7,6,NF,29,0.615,13.081619
LAO,2023,-0.8891360102,7,6,NF,28,0.617,NA
LAO,2010,-1.3088197456,7,6,NF,NA,0.556,6.867488
LAO,2016,-1.1467724778,7,6,NF,30,0.609,12.882117
LAO,2018,-1.0694089577,7,6,NF,29,0.613,12.599527
LAO,2017,-1.1356540717,7,6,NF,29,0.612,11.230885
LAO,2011,-1.4466166012,7,6,NF,NA,0.567,7.70393
LAO,2014,-1.2209327712,7,6,NF,25,0.597,8.445255
LAO,2015,-1.1461174197,7,6,NF,25,0.604,10.43277
LAO,2012,-1.3589642351,7,6,NF,21,0.577,9.634946
LAO,2013,-1.4026417159,7,6,NF,26,0.587,10.906943
MMR,2001,-1.6114517789,7,7,NF,NA,0.423,0.24709895
MMR,2002,-1.6370994793,7,7,NF,NA,0.433,0.2513375
MMR,2005,-1.5182998575,NF,7,7,NA,0.463,1.0708632
MMR,2003,-1.7756155554,7,7,NF,NA,0.443,0.25756854
MMR,2004,-1.6152574102,7,7,NF,NA,0.453,0.35777438
MMR,2006,-1.4342964436,7,7,NF,NA,0.473,0.614417
MMR,2021,-0.9302484817,7,6,NF,28,0.605,5.1291413
MMR,2024,-0.950687010520555,7,7,NF,16,NA,NA
MMR,2022,-0.9329658145,7,6,NF,23,0.606,3.0394301
MMR,2007,-1.4284791498,7,7,NF,NA,0.483,0.7736097
MMR,2023,-0.9134405573,7,6,NF,20,0.609,NA
MMR,2008,-1.579784617,7,7,NF,NA,0.468,1.2556107
MMR,2019,-1.2268672489,5,6,NF,29,0.61,5.4947963
MMR,2018,-1.2069132054,5,5,PF,29,0.6,4.4750323
MMR,2020,-1.2393636736,5,6,NF,28,0.609,8.105964
MMR,2017,-1.3597059967,5,5,PF,30,0.587,2.886987
MMR,2009,-1.6493670126,7,7,NF,NA,0.504,1.8043398
MMR,2010,-1.7345041139,7,7,NF,NA,0.515,1.0398908
MMR,2011,-1.7428850625,7,6,NF,NA,0.525,1.9510391
MMR,2016,-1.5304590748,5,5,PF,28,0.574,1.673538
MMR,2012,-1.6063538179,6,5,NF,15,0.535,0.774518
MMR,2014,-1.534464528,6,6,NF,21,0.557,0.9064427
MMR,2015,-1.5121361398,6,5,NF,22,0.566,1.4369028
MMR,2013,-1.5733355507,6,5,NF,21,0.546,0.68281305
MYS,2013,1.0011440139,4,4,PF,50,0.791,497.40897
MYS,2014,1.0047463335,4,4,PF,52,0.795,541.058
MYS,2015,0.9941618082,4,4,PF,50,0.8,579.51776
MYS,2016,1.010065842,4,4,PF,49,0.805,589.7334
MYS,2017,0.9651348634,4,4,PF,47,0.807,615.0692
MYS,2018,1.0028485104,4,4,PF,47,0.809,607.472
MYS,2019,1.0430651285,4,4,PF,53,0.812,647.46814
MYS,2020,1.0213858916,4,4,PF,51,0.81,648.96277
MYS,2012,0.9551410479,4,4,PF,49,0.787,478.83395
MYS,2022,1.0583099555,4,4,PF,47,0.81,763.97095
MYS,2023,1.0396369079,4,4,PF,50,0.819,NA
MYS,2024,1.0166264294632685,4,4,PF,50,NA,NA
MYS,2021,1.0412374497,4,4,PF,48,0.802,767.23566
MYS,2010,0.7719979914,4,4,PF,NA,0.779,381.69235
MYS,2011,0.8101623998,4,4,PF,NA,0.782,464.65305
MYS,2009,0.6877764026,4,4,PF,NA,0.773,279.13892
MYS,2004,0.4514812547,4,4,PF,NA,0.739,82.883125
MYS,2008,0.6669058095,4,4,PF,NA,0.765,212.5262
MYS,2005,0.4214030685,PF,4,4,NA,0.736,97.09526
MYS,2003,0.3486887695,5,4,PF,NA,0.737,71.37676
MYS,2006,0.4520148845,4,4,PF,NA,0.742,121.53763
MYS,2007,0.5526018907,4,4,PF,NA,0.754,139.41425
MYS,2002,0.2500537345,5,5,PF,NA,0.732,61.58828
MYS,2001,0.1862132662,5,5,PF,NA,0.731,49.76295
MYS,2000,-0.0324366689,5,5,PF,NA,0.733,57.7913
MYS,1998,-0.1706447382,5,5,PF,NA,0.718,42.051037
MYS,1999,-0.1302857595,5,5,PF,NA,0.723,44.278423
PHL,2021,0.7055862934,3,4,PF,33,0.69,35.83462
PHL,2020,0.6100236066,3,4,PF,34,0.699,29.1112
PHL,2022,0.6630315756,3,4,PF,33,0.714,34.760788
PHL,2024,0.6435832648302737,3,4,PF,33,NA,NA
PHL,2018,0.5186404265,3,3,PF,36,0.7,19.378746
PHL,2023,0.6376832721,3,4,PF,34,0.72,NA
PHL,2019,0.5012108097,3,4,PF,34,0.708,30.50196
PHL,2017,0.4275966336,3,3,PF,34,0.694,18.424397
PHL,2016,0.3751491259,3,3,PF,35,0.69,15.502214
PHL,2015,0.313735068,3,3,PF,35,0.69,12.962408
PHL,2014,0.2891380208,3,3,PF,38,0.689,10.011069
PHL,2011,0.1738460985,3,3,PF,NA,0.674,8.9448595
PHL,2013,0.1560977044,3,3,PF,36,0.687,9.164318
PHL,2010,0.1670641742,3,3,PF,NA,0.669,7.0566773
PHL,2012,0.2123777985,3,3,PF,34,0.681,8.188727
PHL,2009,0.0219750783,4,3,PF,NA,0.662,6.307514
PHL,2008,0.0325383592,4,3,PF,NA,0.662,5.8794537
PHL,2004,-0.3858771433,2,3,F,NA,0.655,4.503643
PHL,2007,-0.0811682137,4,3,PF,NA,0.659,5.409377
PHL,2005,-0.3926314666,PF,3,3,NA,0.656,5.198035
PHL,1998,-0.8760839032,2,3,F,NA,0.624,3.985696
PHL,2003,-0.5325155958,2,3,F,NA,0.648,4.429858
PHL,2006,-0.3294059222,3,3,PF,NA,0.654,4.980729
PHL,2000,-0.7608416742,2,3,F,NA,0.632,4.3418307
PHL,2001,-0.6681215013,2,3,F,NA,0.636,3.734944
PHL,2002,-0.6046436566,2,3,F,NA,0.643,4.9094195
PHL,1999,-0.9275115948,2,3,F,NA,0.628,3.6195266
SGP,2018,1.7014457201,4,4,PF,85,0.939,2140.9548
SGP,2019,1.6845444102,4,4,PF,85,0.942,2119.0732
SGP,2020,1.6996244315,4,4,PF,85,0.944,2171.6196
SGP,2023,1.6213788003,4,4,PF,83,0.946,NA
SGP,2024,1.6906879833742359,4,4,PF,84,NA,NA
SGP,2012,1.6607989456,4,4,PF,87,0.933,2037.3381
SGP,2021,1.6163460684,4,4,PF,85,0.948,2312.441
SGP,2022,1.6104362259,4,4,PF,83,0.942,2253.023
SGP,2014,1.6130561629,4,4,PF,84,0.934,2071.9893
SGP,2016,1.6182124551,4,4,PF,84,0.934,2153.4102
SGP,2017,1.6322833977,4,4,PF,84,0.935,2171.9656
SGP,2015,1.588674662,4,4,PF,85,0.935,2084.357
SGP,2010,1.5793141059,5,4,PF,NA,0.932,1961.4784
SGP,2013,1.6096372684,4,4,PF,86,0.934,2053.189
SGP,2008,1.4557985371,5,4,PF,NA,0.924,1799.1193
SGP,2009,1.5068839475,5,4,PF,NA,0.928,1805.3691
SGP,2004,1.3781967976,5,4,PF,NA,0.905,1816.5923
SGP,2005,1.3732971927,PF,5,4,NA,0.911,1899.8856
SGP,2011,1.5808004854,4,4,PF,NA,0.933,1969.3353
SGP,2007,1.3640595568,5,4,PF,NA,0.914,1783.7449
SGP,2006,1.3378608715,5,4,PF,NA,0.911,1913.6426
SGP,2003,1.2019566157,5,4,PF,NA,0.897,1510.7954
SGP,2002,1.1151332757,5,4,PF,NA,0.891,1315.77
SGP,1999,0.7739300241,5,5,PF,NA,0.875,1020.55896
SGP,2000,0.8562850002,5,5,PF,NA,0.882,1194.8052
SGP,2001,1.0668788122,5,5,PF,NA,0.885,1188.2662
SGP,1998,0.6464706872,5,5,PF,NA,0.869,817.70715
THA,2016,0.8705691983,6,5,NF,35,0.792,135.26434
THA,2017,0.8816808078,6,5,NF,37,0.794,156.10484
THA,2018,0.9250996884,7,5,NF,36,0.796,179.1173
THA,2021,0.9626732097,7,5,NF,35,0.8,232.9023
THA,2022,0.9498281212,6,5,NF,36,0.792,257.76044
THA,2023,0.9573769278,5,5,PF,35,0.798,NA
THA,2024,0.9441278431793392,6,5,NF,34,NA,NA
THA,2015,0.8504928254,6,5,NF,38,0.788,120.996796
THA,2019,0.9129443946,6,4,PF,36,0.8,190.43692
THA,2020,0.9072231924,7,5,NF,36,0.798,195.70128
THA,2014,0.7881444288,6,5,NF,38,0.784,116.837715
THA,2012,0.6284557828,4,4,PF,37,0.75,108.927635
THA,2010,0.4729548106,5,4,PF,NA,0.742,99.17782
THA,2013,0.6548147728,4,4,PF,35,0.752,108.536156
THA,2009,0.4396717548,5,4,PF,NA,0.725,88.768265
THA,2011,0.5349112026,4,4,PF,NA,0.747,104.974106
THA,2008,0.3885352447,5,4,PF,NA,0.723,81.2037
THA,2007,0.3513693474,6,4,PF,NA,0.721,70.465744
THA,2004,0.0478664663,2,3,F,NA,0.699,42.7131
THA,2005,0.0611512801,PF,3,3,NA,0.707,55.53443
THA,2003,-0.1182897515,2,3,F,NA,0.69,36.547974
THA,2006,0.1407387525,7,4,NF,NA,0.71,66.48751
THA,2001,-0.1768685586,2,3,F,NA,0.667,28.140266
THA,2002,-0.2151049837,2,3,F,NA,0.678,33.367027
THA,2000,-0.2834970385,2,3,F,NA,0.657,26.46862
THA,1998,-0.4938088187,2,3,F,NA,0.642,19.166445
THA,1999,-0.4001445508,2,3,F,NA,0.65,20.973999
VNM,2024,0.08175093335560588,7,6,NF,40,NA,NA
VNM,2021,0.0404006004,7,6,NF,39,0.754,97.5492
VNM,2022,0.0619098473,7,6,NF,42,0.764,105.63926
VNM,2023,0.0670963325,7,6,NF,41,0.766,NA
VNM,2020,-0.1379566891,7,6,NF,36,0.755,84.276596
VNM,2019,-0.1783658898,7,5,NF,37,0.744,62.909874
VNM,2018,-0.1939425096,7,5,NF,33,0.737,44.69888
VNM,2016,-0.3365007566,7,5,NF,33,0.723,32.139324
VNM,2014,-0.2516903682,7,5,NF,31,0.711,21.200796
VNM,2017,-0.3033778265,7,5,NF,35,0.729,34.452133
VNM,2015,-0.3041728277,7,5,NF,31,0.717,23.949171
VNM,2012,-0.323314612,7,5,NF,31,0.698,17.427591
VNM,2013,-0.3466697116,7,5,NF,31,0.704,20.771729
VNM,2011,-0.4072545131,7,5,NF,NA,0.693,13.796239
VNM,1998,-1.3317045274,7,7,NF,NA,0.588,2.251139
VNM,2007,-0.5039345119,7,5,NF,NA,0.664,6.2202435
VNM,1999,-1.2983637789,7,7,NF,NA,0.596,2.6206145
VNM,2000,-1.1116766232,7,6,NF,NA,0.604,2.6191769
VNM,2006,-0.7310701793,7,5,NF,NA,0.656,5.5270977
VNM,2008,-0.4957076486,7,5,NF,NA,0.672,9.220813
VNM,2002,-1.0654999791,7,6,NF,NA,0.621,2.9723675
VNM,2005,-0.8613710444,NF,7,5,NA,0.647,4.9801254
VNM,2009,-0.5577148089,7,5,NF,NA,0.679,10.249247
VNM,2001,-1.0660587936,7,6,NF,NA,0.612,3.091599
VNM,2010,-0.5475432638,7,5,NF,NA,0.686,12.573645
VNM,2003,-1.1118148598,7,6,NF,NA,0.63,3.7753363
VNM,2004,-0.959633748,7,6,NF,NA,0.638,4.178545
AFG,2020,-1.1755789491,5,6,NF,19,0.501,3.7295575
AFG,2019,-1.1646765318,5,6,NF,16,0.507,3.6813068
AFG,2021,-1.1597163613,7,6,NF,16,0.486,4.4347043
AFG,2024,-1.153278979941075,7,7,NF,17,NA,NA
AFG,2022,-1.2275039708,7,7,NF,24,0.495,4.169414
AFG,2023,-1.193270039,7,7,NF,20,0.496,NA
BGD,1998,-1.659564098,2,4,PF,NA,0.459,3.0068893
BGD,1999,-1.7521106756,3,4,PF,NA,0.468,3.0827794
BGD,2000,-1.6139015441,3,4,PF,NA,0.477,3.3014405
BGD,2001,-1.7139261223,3,4,PF,NA,0.486,3.1744266
BGD,2002,-1.7286673773,4,4,PF,NA,0.494,3.0286398
BGD,2005,-1.5713296178,PF,4,4,NA,0.52,4.1001053
BGD,2003,-1.7761987519,4,4,PF,NA,0.503,3.5017292
BGD,2007,-1.122535721,5,4,PF,NA,0.534,5.88671
BGD,2006,-1.4685971282,4,4,PF,NA,0.527,5.0558047
BGD,2004,-1.7152267636,4,4,PF,NA,0.511,3.7179103
BGD,2021,-0.9456190585,5,5,PF,26,0.663,45.042534
BGD,2008,-1.2013788556,4,4,PF,NA,0.538,7.0680394
BGD,2022,-0.9898126259,5,5,PF,25,0.68,41.657608
BGD,2009,-1.3157488181,3,4,PF,NA,0.551,7.6831803
BGD,2023,-1.0299800756,5,5,PF,24,0.685,NA
BGD,2010,-1.3547835443,3,4,PF,NA,0.561,9.375436
BGD,2024,-1.070984960115543,5,4,PF,23,NA,NA
BGD,2011,-1.3800593107,3,4,PF,NA,0.572,9.05951
BGD,2019,-1.3014583729,5,5,PF,26,0.656,31.56142
BGD,2012,-1.2911195409,3,4,PF,26,0.583,12.3902025
BGD,2020,-1.2852106809,5,5,PF,26,0.663,30.796999
BGD,2016,-1.4587917607,4,4,PF,26,0.632,16.111864
BGD,2018,-1.3227846677,5,5,PF,26,0.646,19.461714
BGD,2014,-1.2632206923,4,4,PF,25,0.6,15.245536
BGD,2017,-1.447337322,4,4,PF,28,0.633,19.27939
BGD,2013,-1.4444426027,3,4,PF,27,0.589,11.418869
BGD,2015,-1.3343949978,4,4,PF,25,0.621,13.694921
IND,2018,0.5350228289,2,3,F,41,0.648,94.73982
IND,2023,0.6525508334,2,4,PF,39,0.685,NA
IND,2020,0.5444385653,2,4,PF,40,0.652,105.80898
IND,2022,0.5992544223,2,4,PF,40,0.676,145.4939
IND,2024,0.6322617098892567,2,4,PF,38,NA,NA
IND,2021,0.5902376113,2,4,PF,40,0.647,127.14307
IND,2017,0.456850041,2,3,F,40,0.649,83.48322
IND,2019,0.4785165544,2,3,F,41,0.651,95.62039
IND,2005,0.1557052074,F,2,3,NA,0.547,28.348932
IND,2016,0.4192999594,2,3,F,40,0.644,79.976456
IND,2002,0.0480186958,2,3,F,NA,0.516,22.15145
IND,2004,0.1028940968,2,3,F,NA,0.538,25.138683
IND,2015,0.4188161357,2,3,F,38,0.633,74.020424
IND,2001,0.022717429,2,3,F,NA,0.511,20.904516
IND,2003,0.0230239085,2,3,F,NA,0.529,23.85187
IND,2008,0.3300855959,2,3,F,NA,0.574,39.537045
IND,2007,0.3417823224,2,3,F,NA,0.566,35.312244
IND,2014,0.389298648,2,3,F,38,0.625,69.97915
IND,1998,-0.0752405073,2,3,F,NA,0.488,19.356598
IND,2000,-0.0249436231,2,3,F,NA,0.501,20.236809
IND,2009,0.330595595,2,3,F,NA,0.579,43.410336
IND,2011,0.2961092541,2,3,F,NA,0.603,56.591602
IND,2013,0.3342021679,2,3,F,36,0.615,63.93544
IND,2006,0.2273429363,2,3,F,NA,0.557,32.17722
IND,2012,0.3237306428,2,3,F,36,0.609,61.106308
IND,1999,-0.0995739287,2,3,F,NA,0.496,20.07046
IND,2010,0.2471120412,2,3,F,NA,0.59,48.46523
IRN,1998,-0.2741963462,6,6,NF,NA,0.695,15.020492
IRN,2021,0.0805962848,7,6,NF,25,0.777,671.2343
IRN,2024,0.09157266107992575,7,7,NF,23,NA,NA
IRN,2014,0.1253925608,6,6,NF,27,0.795,434.93033
IRN,2015,0.1629088616,6,6,NF,27,0.788,446.44925
IRN,2023,0.0843932264,7,7,NF,24,0.799,NA
IRN,2016,0.0752799646,6,6,NF,29,0.791,500.3197
IRN,2017,0.0900609122,6,6,NF,30,0.793,538.96875
IRN,2022,0.0688788548,7,6,NF,25,0.793,680.70746
IRN,2006,-0.1161289378,6,6,NF,NA,0.757,136.41225
IRN,2018,0.0112434245,6,6,NF,28,0.79,565.58936
IRN,2019,-0.0514245987,6,6,NF,26,0.787,626.1287
IRN,1999,-0.3661741516,6,6,NF,NA,0.703,18.051691
IRN,2002,-0.3707486722,6,6,NF,NA,0.727,40.47944
IRN,2005,-0.2312292775,NF,6,6,NA,0.746,99.43789
IRN,2020,-0.0411805837,6,6,NF,25,0.775,649.3817
IRN,2003,-0.383219705,6,6,NF,NA,0.732,56.805984
IRN,2000,-0.4151917088,6,6,NF,NA,0.71,23.47488
IRN,2001,-0.3640370444,6,6,NF,NA,0.719,28.323101
IRN,2009,-0.1394192091,6,6,NF,NA,0.771,267.14832
IRN,2013,-0.0336302767,6,6,NF,25,0.794,402.67023
IRN,2004,-0.4169523635,6,6,NF,NA,0.741,73.67537
IRN,2007,-0.1564617268,6,6,NF,NA,0.761,174.08484
IRN,2012,-0.116464482,6,6,NF,28,0.795,396.39813
IRN,2008,-0.230752675,6,6,NF,NA,0.765,223.07922
IRN,2010,-0.2130394759,6,6,NF,NA,0.778,320.22964
IRN,2011,-0.1894036943,6,6,NF,NA,0.787,397.5505
LKA,1998,-1.328685461,3,4,PF,NA,0.685,10.701762
LKA,2022,-0.4432143847,4,4,PF,36,0.777,111.93769
LKA,2024,-0.4225677388696281,3,4,PF,32,NA,NA
LKA,2021,-0.427338352,4,4,PF,37,0.777,107.98429
LKA,1999,-1.3039667012,3,4,PF,NA,0.692,10.98564
LKA,2000,-1.1837824073,3,4,PF,NA,0.702,10.851574
LKA,2019,-0.5809217713,4,4,PF,38,0.781,78.29427
LKA,2020,-0.5686019801,4,4,PF,38,0.78,81.92573
LKA,2023,-0.4385052109,4,4,PF,34,0.776,NA
LKA,2018,-0.5927687067,3,4,PF,38,0.782,67.30549
LKA,2017,-0.632880495,3,4,PF,38,0.777,55.437004
LKA,2001,-1.2027858169,3,4,PF,NA,0.704,11.003878
LKA,2002,-1.2196781815,3,4,PF,NA,0.709,12.395389
LKA,2007,-0.7211226971,4,4,PF,NA,0.729,21.349716
LKA,2016,-0.7076731147,3,4,PF,36,0.772,53.003445
LKA,2003,-1.2914938514,3,3,PF,NA,0.713,13.275178
LKA,2006,-0.9015732085,4,4,PF,NA,0.724,19.101423
LKA,2005,-1.0641772432,PF,3,3,NA,0.721,16.603745
LKA,2004,-1.1880590045,3,3,PF,NA,0.695,13.206652
LKA,2008,-0.7730977976,4,4,PF,NA,0.73,24.86454
LKA,2009,-0.8164826175,4,4,PF,NA,0.723,23.440441
LKA,2014,-0.6379297262,5,5,PF,38,0.767,33.962845
LKA,2012,-0.7921102261,5,4,PF,40,0.759,28.729124
LKA,2015,-0.6742829264,4,4,PF,37,0.769,35.94087
LKA,2010,-0.8760868084,5,4,PF,NA,0.748,24.160059
LKA,2011,-0.8609905079,5,4,PF,NA,0.753,27.170198
LKA,2013,-0.8823342953,5,4,PF,37,0.764,35.602623
PAK,1998,-1.340214732,4,5,PF,NA,0.426,6.514842
PAK,1999,-1.3270669363,7,5,NF,NA,0.431,6.571763
PAK,2022,-0.5583057173,5,5,PF,27,0.544,92.91185
PAK,2024,-0.5335734255983132,5,5,PF,27,NA,NA
PAK,2000,-1.2399644088,6,5,NF,NA,0.436,6.692639
PAK,2006,-0.8344482101,6,5,NF,NA,0.489,15.56171
PAK,2021,-0.6336471309,5,5,PF,28,0.537,86.66252
PAK,2023,-0.55324965,5,5,PF,29,0.544,NA
PAK,2007,-0.7031151132,6,5,NF,NA,0.495,18.077356
PAK,2005,-0.9935961227,NF,6,5,NA,0.48,13.428195
PAK,2008,-0.6800549207,4,5,PF,NA,0.496,21.511341
PAK,2002,-1.3547137107,6,5,NF,NA,0.45,8.276553
PAK,2001,-1.3166725163,6,5,NF,NA,0.443,7.7436614
PAK,2010,-0.7592257267,4,5,PF,NA,0.5,27.456717
PAK,2003,-1.3056055023,6,5,NF,NA,0.458,8.766727
PAK,2004,-1.1379939062,6,5,NF,NA,0.472,10.102052
PAK,2009,-0.7573855561,4,5,PF,NA,0.497,24.836332
PAK,2019,-0.7536523536,5,5,PF,32,0.54,66.62977
PAK,2011,-0.7717471343,4,5,PF,NA,0.504,29.791101
PAK,2016,-0.7811934104,4,5,PF,32,0.535,42.22176
PAK,2017,-0.7947858907,4,5,PF,32,0.537,49.948948
PAK,2012,-0.7784495155,4,5,PF,27,0.508,31.218952
PAK,2018,-0.7519862841,5,5,PF,33,0.538,54.5106
PAK,2020,-0.7542082103,5,5,PF,31,0.536,72.245804
PAK,2013,-0.8316501726,4,5,PF,28,0.512,33.993294
PAK,2014,-0.7148831398,4,5,PF,29,0.522,34.176006
PAK,2015,-0.7130806162,4,5,PF,30,0.527,37.35523
ARE,2019,0.2170180654,7,6,NF,71,0.915,438.05676
ARE,2020,0.2090224223,7,6,NF,71,0.909,475.25388
ARE,2018,0.1992998215,7,6,NF,70,0.901,329.61578
ARE,2017,0.202610112,7,6,NF,71,0.884,310.78607
ARE,2016,0.2142971104,6,6,NF,66,0.861,286.81506
ARE,2022,0.1533017489,7,6,NF,67,0.921,635.4198
ARE,2023,0.1520338528,7,6,NF,68,0.94,NA
ARE,2014,0.1842032195,6,6,NF,70,0.853,225.14592
ARE,2021,0.1402736855,7,6,NF,69,0.903,550.0299
ARE,2006,-0.0147085367,6,5,NF,NA,0.823,166.83437
ARE,2012,0.0901918341,6,6,NF,68,0.843,217.46213
ARE,2015,0.2238978297,6,6,NF,70,0.857,272.09708
ARE,2013,0.1008176282,6,6,NF,69,0.846,229.17366
ARE,2004,-0.2820393538,6,6,NF,NA,0.815,127.14025
ARE,2005,-0.2186904953,NF,6,6,NA,0.819,154.0841
ARE,2007,-0.0721800111,6,5,NF,NA,0.827,140.16554
ARE,2024,0.04671106426554352,7,6,NF,68,NA,NA
ARE,2011,-0.0615920207,6,6,NF,NA,0.839,200.32549
ARE,2003,-0.4087186963,6,6,NF,NA,0.81,130.38177
ARE,2008,-0.1685667459,6,5,NF,NA,0.831,143.86139
ARE,1998,-0.7747928383,6,5,NF,NA,0.77,105.46566
ARE,2001,-0.4962017783,6,5,NF,NA,0.798,101.10404
ARE,2002,-0.4854452159,6,5,NF,NA,0.805,99.44587
ARE,2010,-0.1529313779,6,5,NF,NA,0.835,184.09312
ARE,1999,-0.819930372,6,5,NF,NA,0.78,75.866295
ARE,2009,-0.2233821472,6,5,NF,NA,0.832,155.70761
ARE,2000,-0.6907432544,6,5,NF,NA,0.79,92.99644
ARM,2013,0.1058439924,5,4,PF,36,0.766,176.1648
ARM,2023,0.0937886972,4,4,PF,47,0.811,NA
ARM,2014,0.0311800895,5,4,PF,37,0.772,179.41138
ARM,2024,0.023256800068550552,4,4,PF,47,NA,NA
ARM,2016,-0.0415182266,5,4,PF,33,0.783,179.45392
ARM,2015,-0.015536027000000001,5,4,PF,35,0.777,177.73747
ARM,2022,-0.1005769961,4,4,PF,46,0.801,220.69917
ARM,2017,-0.1898835335,5,4,PF,35,0.785,181.0096
ARM,2021,-0.2266684,4,4,PF,49,0.786,194.49077
ARM,2020,-0.3250312228,4,4,PF,49,0.761,210.1604
ARM,2018,-0.3557844532,4,4,PF,35,0.789,176.68239
ARM,2019,-0.4171508824,4,4,PF,42,0.796,211.6557
AZE,2001,0.2522600246,6,5,PF,NA,0.66,20.788538
AZE,2002,0.1939600097,6,5,PF,NA,0.669,31.313211
AZE,2003,0.0541488698,6,5,NF,NA,0.676,34.89999
AZE,2004,-0.0534564195,6,5,NF,NA,0.682,44.52778
AZE,2005,-0.2266829895,NF,6,5,NA,0.692,42.84276
AZE,2006,-0.239406147,6,5,NF,NA,0.711,33.66236
AZE,2007,-0.3115771515,6,5,NF,NA,0.72,48.481
AZE,2020,-0.3711165384,7,6,NF,30,0.757,102.43412
AZE,2017,-0.3991703972,7,6,NF,31,0.774,74.296486
AZE,2016,-0.476789254,7,6,NF,30,0.772,60.76567
AZE,2012,-0.3256093052,6,5,NF,27,0.751,73.14821
AZE,2018,-0.508528919,7,6,NF,25,0.775,81.55922
AZE,2021,-0.4055831006,7,7,NF,30,0.765,100.04982
AZE,2008,-0.4347809824,6,5,NF,NA,0.731,55.067665
AZE,2011,-0.4890978122,6,5,NF,NA,0.746,69.85111
AZE,2013,-0.4790805683,6,6,NF,28,0.757,50.597862
AZE,2024,-0.45247751354809895,7,7,NF,22,NA,NA
AZE,2022,-0.5142452582,7,7,NF,23,0.784,115.81525
AZE,2023,-0.4348026169,7,7,NF,23,0.789,NA
AZE,2019,-0.5919607892,7,6,NF,30,0.78,92.19014
AZE,2014,-0.4850526677,6,6,NF,29,0.766,41.034794
AZE,2009,-0.604944186,6,5,NF,NA,0.74,70.51446
AZE,2010,-0.633509526,6,5,NF,NA,0.744,66.695145
AZE,2015,-0.6090407517,7,6,NF,29,0.771,46.629093
GEO,2006,0.2705735398,3,3,PF,NA,0.75,113.827446
GEO,2007,0.2591211568,4,4,PF,NA,0.76,92.711235
GEO,2024,0.13823886939535768,4,4,PF,53,NA,NA
GEO,2009,0.0693123572,4,4,PF,NA,0.76,115.530045
GEO,2023,0.132187988,4,3,PF,53,0.844,NA
GEO,2008,0.0814613581,4,4,PF,NA,0.757,106.29736
GEO,2019,0.0688946048,3,3,PF,56,0.83,166.97127
GEO,2011,0.0239956442,4,3,PF,NA,0.78,127.55691
GEO,2012,0.0780632139,3,3,PF,52,0.789,121.406624
GEO,2020,-0.0362738271,4,3,PF,56,0.822,166.4027
GEO,2010,-0.0309097836,4,3,PF,NA,0.77,90.99228
GEO,2018,-0.0169546161,3,3,PF,58,0.824,147.05563
GEO,2022,0.0462062032,4,3,PF,56,0.838,161.22012
GEO,2013,0.0169620298,3,3,PF,49,0.796,126.45293
GEO,2021,-0.0149053011,4,3,PF,55,0.819,177.2497
GEO,2016,-0.0838234372,3,3,PF,57,0.809,158.82205
GEO,2017,-0.0589780413,3,3,PF,56,0.816,145.64095
GEO,2014,-0.0354293635,3,3,PF,52,0.802,123.70766
GEO,2015,-0.0396172402,3,3,PF,52,0.807,131.64125
IRQ,2003,-0.1860167457,7,5,NF,NA,0.582,4.5029116
IRQ,2019,-0.4385566279,5,6,NF,20,0.693,155.02097
IRQ,2004,-0.7074199992,7,5,NF,NA,0.604,3.3628402
IRQ,2005,-0.8034446387,NF,6,5,NA,0.609,4.98144
IRQ,2001,-1.0596665346,7,7,NF,NA,0.598,3.5364141
IRQ,1999,-1.5968781808,7,7,NF,NA,0.589,2.565944
IRQ,2002,-1.0809046999,7,7,NF,NA,0.6,3.9724593
IRQ,2015,-0.5315834269,5,6,NF,16,0.675,22.352451
IRQ,1998,-2.325264907,7,7,NF,NA,0.58,2.970583
IRQ,2000,-2.2619405578,7,7,NF,NA,0.592,3.7659595
IRQ,2020,-0.7168906687,5,6,NF,21,0.68,178.57613
IRQ,2018,-0.6802426295,5,6,NF,18,0.689,86.32425
IRQ,2024,-0.6831794995357211,5,6,NF,26,NA,NA
IRQ,2016,-0.8226813081,5,6,NF,17,0.676,31.027596
IRQ,2023,-0.7137896476,5,6,NF,23,0.695,NA
IRQ,2006,-1.2099210375,6,6,NF,NA,0.611,8.718042
IRQ,2022,-0.8878246917,5,6,NF,23,0.695,304.23035
IRQ,2017,-1.0280011163,5,6,NF,18,0.681,50.11674
IRQ,2007,-1.7764268414,6,6,NF,NA,0.618,8.561686
IRQ,2008,-1.6343898521,6,6,NF,NA,0.634,10.5836735
IRQ,2021,-1.1019218299,5,6,NF,23,0.687,264.71674
IRQ,2009,-1.4529387877,5,6,NF,NA,0.644,12.089211
IRQ,2010,-1.4489103221,5,6,NF,NA,0.65,17.266666
IRQ,2013,-1.2678883421,5,6,NF,16,0.668,22.82666
IRQ,2014,-1.2092502123,6,6,NF,16,0.671,22.057693
IRQ,2011,-1.7016324516,5,6,NF,NA,0.656,18.574738
IRQ,2012,-1.4680151996,6,6,NF,18,0.664,25.030575
ISR,2002,1.2747772304,1,3,F,NA,0.846,1473.5602
ISR,2001,1.1924160842,1,3,F,NA,0.841,1455.1871
ISR,1998,1.0467205736,1,3,F,NA,0.831,1425.4363
ISR,1999,1.1113399268,1,2,F,NA,0.839,1386.6824
ISR,2000,1.0898471629,1,3,F,NA,0.839,1486.0455
ISR,2003,1.1674638784,1,3,F,NA,0.847,1485.0188
ISR,2004,1.1852709168,1,3,F,NA,0.85,1536.7147
ISR,2006,1.1346117808,1,2,F,NA,0.867,1591.5265
ISR,2022,1.2436078672,2,3,F,63,0.921,1613.1268
ISR,2023,1.2843426612,2,3,F,62,0.919,NA
ISR,2024,1.2371126363729876,2,3,F,64,NA,NA
ISR,2005,1.1406950472,F,1,2,NA,0.858,1525.7384
ISR,2007,1.1712901557,1,2,F,NA,0.878,1567.7749
ISR,2012,1.2433188673,1,2,F,60,0.893,1468.275
ISR,2013,1.2177263897,1,2,F,61,0.899,1413.3271
ISR,2014,1.2413909277,1,2,F,60,0.902,1471.1637
ISR,2015,1.2472068919,1,2,F,61,0.902,1461.7773
ISR,2016,1.2163195109,1,2,F,64,0.905,1460.2926
ISR,2017,1.2057722337,1,3,F,62,0.908,1435.4309
ISR,2018,1.2072143841,2,3,F,61,0.911,1435.6171
ISR,2019,1.1968051859,2,3,F,60,0.913,1465.3987
ISR,2020,1.2160159678,2,3,F,60,0.912,1484.024
ISR,2021,1.2319987957,2,3,F,59,0.918,1614.7949
ISR,2008,1.1739816574,1,2,F,NA,0.878,1559.152
ISR,2009,1.1929346938,1,2,F,NA,0.884,1500.6453
ISR,2011,1.1819707324,1,2,F,NA,0.892,1451.0005
ISR,2010,1.147266082,1,2,F,NA,0.889,1437.6042
JOR,1999,0.499071086,4,4,PF,NA,0.668,90.32599
JOR,1998,0.363025357,4,5,PF,NA,0.664,88.610535
JOR,2000,0.3144926404,4,4,PF,NA,0.672,99.60748
JOR,2001,0.3182408632,5,5,PF,NA,0.679,98.16156
JOR,2002,0.2031256253,6,5,PF,NA,0.686,105.04506
JOR,2003,0.0657805035,5,5,PF,NA,0.693,114.45484
JOR,2004,-0.0187433369,5,4,PF,NA,0.705,126.22447
JOR,2009,0.0232965482,6,5,NF,NA,0.735,179.52736
JOR,2005,-0.1430318667,PF,5,4,NA,0.713,130.79669
JOR,2010,0.0446496855,6,5,NF,NA,0.732,196.71666
JOR,2011,0.0301669978,6,5,NF,NA,0.734,189.30478
JOR,2012,0.0489875328,6,5,NF,48,0.74,181.9292
JOR,2014,0.1156504601,6,5,NF,49,0.742,155.65913
JOR,2015,0.0806223299,6,5,NF,53,0.743,148.9817
JOR,2008,-0.0062630857,5,5,PF,NA,0.733,177.40968
JOR,2013,0.0468949968,6,5,NF,45,0.742,175.63608
JOR,2016,0.0123068135,5,5,PF,48,0.745,167.09862
JOR,2006,-0.1174112866,5,4,PF,NA,0.719,142.61197
JOR,2007,-0.075210143,5,4,PF,NA,0.725,151.92404
JOR,2019,-0.0742709926,5,5,PF,48,0.75,282.0297
JOR,2018,-0.0338426651,5,5,PF,49,0.747,236.2787
JOR,2020,-0.0806262922,6,5,NF,49,0.743,310.48312
JOR,2021,0.0021762244,6,5,NF,49,0.736,367.68924
JOR,2017,-0.031024067,5,5,PF,48,0.747,194.92339
JOR,2022,-0.0353152408,6,5,NF,47,0.751,466.34927
JOR,2023,-0.0154732353,6,5,NF,46,0.754,NA
JOR,2024,-0.10493142011225336,5,5,PF,49,NA,NA
KWT,2013,0.3719752992,5,5,PF,43,0.814,248.30922
KWT,2014,0.3972525989,5,5,PF,44,0.818,213.8943
KWT,2015,0.399246091,5,5,PF,49,0.832,225.41487
KWT,2010,0.3188958781,4,5,PF,NA,0.812,252.98195
KWT,2018,0.217509201,5,5,PF,41,0.84,231.54309
KWT,2016,0.3227255003,5,5,PF,41,0.836,203.89871
KWT,2021,0.244297531,5,5,PF,43,0.839,287.82822
KWT,2022,0.2287279044,5,5,PF,42,0.845,290.77643
KWT,2011,0.2028871363,4,5,PF,NA,0.817,253.88356
KWT,2012,0.253055075,5,5,PF,44,0.822,246.74052
KWT,2023,0.2100796919,5,5,PF,46,0.852,NA
KWT,2024,0.13966806741188056,6,5,NF,46,NA,NA
KWT,2019,0.1478449762,5,5,PF,40,0.843,261.618
KWT,2017,0.154809593,5,5,PF,39,0.838,204.76498
KWT,2020,0.1124693748,5,5,PF,42,0.837,257.81616
KWT,2002,-0.2683467197,4,5,PF,NA,0.783,248.8915
KWT,2003,-0.2470762613,4,5,PF,NA,0.795,253.70624
KWT,2001,-0.2402121059,4,5,PF,NA,0.777,261.96628
KWT,1998,-0.4699823737,5,5,PF,NA,0.77,295.19025
KWT,2005,-0.290017896,PF,4,5,NA,0.798,280.17856
KWT,2009,-0.0391278474,4,4,PF,NA,0.809,286.7911
KWT,1999,-0.42436766930000003,4,5,PF,NA,0.773,296.10583
KWT,2004,-0.3902310652,4,5,PF,NA,0.798,263.92468
KWT,2008,-0.1126728699,4,4,PF,NA,0.805,288.65277
KWT,2006,-0.2230204267,4,4,PF,NA,0.799,277.58737
KWT,2000,-0.5643743377,4,5,PF,NA,0.778,258.72394
KWT,2007,-0.3786368042,4,4,PF,NA,0.801,290.1287
LBN,2004,0.2178726436,6,5,NF,NA,NA,108.58224
LBN,2003,0.1804248366,6,5,NF,NA,NA,104.24686
LBN,2005,0.2383670818,PF,5,4,NA,0.71,123.527596
LBN,2008,0.3631818562,5,4,PF,NA,0.734,150.33438
LBN,2023,0.4192585091,5,4,PF,24,0.752,NA
LBN,2007,0.3562333901,5,4,PF,NA,0.726,136.61723
LBN,2009,0.3446733775,5,3,PF,NA,0.743,158.02777
LBN,2021,0.3735948316,5,4,PF,24,0.733,386.02536
LBN,2022,0.3903067125,5,4,PF,24,0.755,364.03064
LBN,2011,0.3119374455,5,4,PF,NA,0.758,173.16847
LBN,2013,0.3353298461,5,4,PF,28,0.762,191.49861
LBN,2016,0.3434215605,5,4,PF,28,0.767,232.80185
LBN,2024,0.32886133139811946,5,4,PF,22,NA,NA
LBN,2006,0.2451124473,5,4,PF,NA,0.713,136.56734
LBN,2012,0.3381992031,5,4,PF,30,0.762,195.55203
LBN,2015,0.3815391486,5,4,PF,28,0.763,201.06548
LBN,2017,0.2829435713,6,4,PF,28,0.772,253.47038
LBN,2018,0.2816985054,5,4,PF,28,0.774,318.7186
LBN,2019,0.2615504429,5,4,PF,28,0.771,361.7734
LBN,2020,0.3117450367,5,4,PF,25,0.75,392.235
LBN,2010,0.3048595096,5,3,PF,NA,0.75,158.50116
LBN,2014,0.3686304511,5,4,PF,27,0.761,192.07687
OMN,2002,-0.4829992181,6,5,NF,NA,0.729,105.885826
OMN,2003,-0.5118841441,6,5,NF,NA,0.739,128.47556
OMN,2016,-0.1548401066,6,5,NF,45,0.845,175.72343
OMN,2017,-0.1646967261,6,5,NF,44,0.848,173.66127
OMN,2000,-0.6849713958,6,5,NF,NA,0.707,91.49343
OMN,2015,-0.1561506987,6,5,NF,45,0.838,182.08821
OMN,1998,-0.8796268999,6,6,NF,NA,NA,70.97448
OMN,2020,-0.2200987983,6,5,NF,54,0.843,237.60767
OMN,2021,-0.2265397092,6,5,NF,52,0.834,310.87958
OMN,2019,-0.2448056557,6,5,NF,52,0.857,213.96393
OMN,2022,-0.2034709793,6,5,NF,44,0.846,335.74506
OMN,2018,-0.2755000474,6,5,NF,52,0.854,184.05234
OMN,2023,-0.3165681532,6,5,NF,43,0.858,NA
OMN,1999,-0.9574100319,6,6,NF,NA,NA,65.78162
OMN,2012,-0.3184589316,6,5,NF,47,0.824,170.00621
OMN,2013,-0.3354955741,6,5,NF,47,0.827,174.89182
OMN,2001,-0.7355206733,6,5,NF,NA,0.719,102.16789
OMN,2004,-0.6501716293,6,5,NF,NA,0.743,129.03247
OMN,2005,-0.6679132028,NF,6,5,NA,0.756,133.04323
OMN,2014,-0.2744066078,6,5,NF,45,0.831,172.76465
OMN,2024,-0.28164482711202454,6,5,NF,55,NA,NA
OMN,2009,-0.4046895681,6,5,NF,NA,0.799,181.20364
OMN,2006,-0.6118333874,6,5,NF,NA,0.766,140.08698
OMN,2007,-0.4645513926,6,5,NF,NA,0.774,160.93852
OMN,2008,-0.4315805139,6,5,NF,NA,0.782,170.81479
OMN,2011,-0.5229936565,6,5,NF,NA,0.822,195.21815
OMN,2010,-0.5346482379,6,5,NF,NA,0.804,195.20238
QAT,2011,0.1677323682,6,5,NF,NA,0.835,282.8539
QAT,2005,-0.1091518097,NF,6,5,NA,0.815,199.76787
QAT,2010,0.0120503534,6,5,NF,NA,0.834,247.52109
QAT,2016,0.1137445725,6,5,NF,61,0.861,580.3449
QAT,2017,0.0934150131,6,5,NF,63,0.87,559.52893
QAT,2013,0.0539806155,6,5,NF,68,0.859,416.7132
QAT,2009,0.0063619844,6,5,NF,NA,0.838,201.06868
QAT,2020,-0.0408231875,6,5,NF,63,0.872,834.98083
QAT,2015,0.0483096358,6,5,NF,71,0.86,508.5566
QAT,2014,0.022325273,6,5,NF,69,0.857,520.7402
QAT,2012,-0.0395439898,6,5,NF,68,0.846,354.52075
QAT,2018,-0.0636641393,6,5,NF,62,0.876,602.8053
QAT,2006,-0.2102716531,6,5,NF,NA,0.822,195.6866
QAT,2008,-0.0905706599,6,5,NF,NA,0.839,207.59135
QAT,2007,-0.1386580774,6,5,NF,NA,0.831,181.50827
QAT,2019,-0.1454607037,6,5,NF,62,0.88,696.6574
QAT,2004,-0.4774076694,6,5,NF,NA,0.807,176.72874
QAT,2022,-0.1296929741,6,5,NF,58,0.883,997.105
QAT,2021,-0.2770803072,6,5,NF,63,0.866,1060.0101
QAT,2024,-0.250259381053232,6,5,NF,59,NA,NA
QAT,2002,-0.7187004143,6,6,NF,NA,0.798,125.63185
QAT,2023,-0.3348580835,6,5,NF,58,0.886,NA
QAT,2003,-0.7181210698,6,6,NF,NA,0.804,143.45721
QAT,2001,-0.8840354277,6,6,NF,NA,0.795,111.20699
QAT,2000,-1.1460295226,6,6,NF,NA,0.795,68.31124
QAT,1998,-1.6993624021,7,6,NF,NA,0.796,93.58529
QAT,1999,-1.5190406342,6,6,NF,NA,0.796,72.04898
SAU,2015,0.8702145145,7,7,NF,52,0.851,296.432
SAU,2013,0.8438090003,7,7,NF,46,0.827,257.66684
SAU,2016,0.8443154171,7,7,NF,46,0.86,301.75842
SAU,2018,0.8692255908,7,7,NF,49,0.875,355.8511
SAU,2019,0.9043669923,7,7,NF,53,0.878,432.6692
SAU,2020,0.8884033712,7,7,NF,53,0.875,539.1685
SAU,2021,0.8685233325,7,7,NF,53,0.878,701.9858
SAU,2022,0.844446207,7,7,NF,51,0.893,802.64557
SAU,2017,0.7600749456,7,7,NF,49,0.869,321.01062
SAU,2002,0.4126884832,7,7,NF,NA,0.75,91.57994
SAU,2014,0.7778706179,7,7,NF,49,0.841,286.8258
SAU,2003,0.3349596023,7,7,NF,NA,0.762,94.6677
SAU,2005,0.3480918623,NF,7,6,NA,0.782,87.51944
SAU,2023,0.7551050792,7,7,NF,52,0.9,NA
SAU,2001,0.3661393796,7,7,NF,NA,0.744,92.97243
SAU,2004,0.2452833398,7,7,NF,NA,0.773,90.181335
SAU,2006,0.3839640017,7,6,NF,NA,0.785,89.205795
SAU,2011,0.5459069557,7,7,NF,NA,0.811,192.53369
SAU,2024,0.6551867522062674,7,6,NF,59,NA,NA
SAU,1998,0.3109318349,7,7,NF,NA,0.725,114.5469
SAU,2000,0.210540613,7,7,NF,NA,0.737,98.63688
SAU,2010,0.4708590072,7,6,NF,NA,0.801,151.25267
SAU,2012,0.5752483856,7,7,NF,44,0.819,222.86412
SAU,1999,0.0900983273,7,7,NF,NA,0.729,100.480385
SAU,2007,0.4063647322,7,6,NF,NA,0.786,91.813805
SAU,2009,0.3319799899,7,6,NF,NA,0.794,119.0842
SAU,2008,0.2371856853,7,6,NF,NA,0.792,97.2871
SYR,2014,-0.0062307307,7,7,NF,20,0.561,11.662424
SYR,2012,-0.299541269,7,7,NF,26,0.626,13.211913
SYR,1998,-1.1314479487,7,7,NF,NA,0.595,4.4410977
SYR,2005,-0.6245787468,NF,7,7,NA,0.646,7.7335653
SYR,2006,-0.5642688035,7,6,NF,NA,0.658,6.845742
SYR,2011,-0.3895166186,7,7,NF,NA,0.664,11.685849
SYR,2007,-0.4235519246,7,6,NF,NA,0.665,7.379768
SYR,2008,-0.4094935897,7,6,NF,NA,0.66,9.338359
SYR,2013,-0.3590779229,7,7,NF,17,0.567,11.416484
SYR,2009,-0.4372183849,7,6,NF,NA,0.668,7.2339363
SYR,2010,-0.4606550529,7,6,NF,NA,0.669,10.328069
SYR,1999,-1.2526984811,7,7,NF,NA,0.595,5.21997
SYR,2004,-0.7290656292,7,7,NF,NA,0.635,7.4058423
SYR,2002,-0.9697555138,7,7,NF,NA,0.61,4.753173
SYR,2000,-1.2296266661,7,7,NF,NA,0.594,6.015787
SYR,2001,-1.0609723307,7,7,NF,NA,0.602,5.5661325
SYR,2003,-0.8683392321,7,7,NF,NA,0.621,5.826948
TUR,2019,0.5405288578,5,6,NF,39,0.841,459.88275
TUR,2020,0.562664812,5,6,NF,40,0.838,490.77744
TUR,2022,0.6112183168,5,6,NF,36,0.853,619.6492
TUR,2024,0.6425951372604519,5,6,NF,34,NA,NA
TUR,2018,0.5158834721,5,6,NF,41,0.838,416.4527
TUR,2021,0.621264491,5,6,NF,38,0.841,565.6793
TUR,2023,0.624347049,5,6,NF,34,0.853,NA
TUR,2017,0.4764324418,5,6,NF,40,0.833,411.97845
TUR,2012,0.4494783068,3,4,PF,49,0.772,371.95135
TUR,2015,0.4712551064,3,4,PF,42,0.821,416.0082
TUR,2016,0.4209245441,4,5,PF,41,0.826,440.63004
TUR,2013,0.4329901014,3,4,PF,50,0.802,394.06863
TUR,2014,0.4684602876,3,4,PF,45,0.813,396.61093
TUR,2011,0.3765257374,3,3,PF,NA,0.764,361.5928
TUR,1998,-0.0705243758,4,5,PF,NA,0.649,90.53825
TUR,2000,-0.0246989518,4,5,PF,NA,0.669,104.169655
TUR,2010,0.3223498532,3,3,PF,NA,0.75,357.4601
TUR,2008,0.3107434068,3,3,PF,NA,0.721,306.64526
TUR,1999,-0.0761085617,4,5,PF,NA,0.652,104.38318
TUR,2009,0.3150461964,3,3,PF,NA,0.728,343.6798
TUR,2001,-0.0437516162,4,5,PF,NA,0.675,129.6992
TUR,2002,-0.0663704888,3,4,PF,NA,0.685,163.63292
TUR,2003,-0.0553495446,3,4,PF,NA,0.691,197.19798
TUR,2007,0.3044822251,3,3,PF,NA,0.719,306.21805
TUR,2004,0.0060758657,3,3,PF,NA,0.696,231.3918
TUR,2005,0.017420023,PF,3,3,NA,0.701,254.54193
TUR,2006,0.14876477330000001,3,3,PF,NA,0.711,277.26352
YEM,2000,-1.544850882,5,6,NF,NA,0.439,1.163363
YEM,1999,-1.8490193085,5,6,NF,NA,0.429,1.5192266
YEM,2002,-1.3931773228,6,5,NF,NA,0.458,1.3021305
YEM,2001,-1.47426555,6,6,NF,NA,0.449,2.1501873
YEM,2006,-0.9655774318,5,5,PF,NA,0.486,2.3119316
YEM,2005,-1.1440465265,PF,5,5,NA,0.481,2.1421597
YEM,2016,-0.847278972,7,6,NF,14,0.467,3.5852866
YEM,2003,-1.6175066995,5,5,PF,NA,0.467,1.515167
YEM,2007,-1.0018764287,5,5,PF,NA,0.489,2.0009801
YEM,2004,-1.4106006642,5,5,PF,NA,0.475,1.907657
YEM,2009,-0.9151331301,6,5,NF,NA,0.497,3.1842363
YEM,2010,-0.9925442939,6,5,NF,NA,0.502,3.8774948
YEM,2011,-0.895082541,6,6,NF,NA,0.501,3.695406
YEM,2014,-0.9024971077,6,6,NF,19,0.502,4.571183
YEM,2015,-0.8777193785,7,6,NF,18,0.475,3.3935206
YEM,2008,-1.0801377279,5,5,PF,NA,0.492,2.4008498
YEM,2012,-1.056801251,6,6,NF,23,0.503,3.6878843
YEM,2013,-1.0631501406,6,6,NF,18,0.507,3.9975502
YEM,2017,-1.0206322989,7,6,NF,16,0.459,3.73607
YEM,2022,-1.0095337051,7,6,NF,16,0.466,10.861297
YEM,2023,-0.9982472046,7,6,NF,16,0.47,NA
YEM,2018,-1.3180940469,7,6,NF,14,0.454,4.134935
YEM,2019,-1.3193772273,7,6,NF,15,0.458,5.9903607
YEM,2020,-1.2878919735,7,6,NF,15,0.459,7.5481124
YEM,2021,-1.2120025962,7,6,NF,16,0.458,11.645055
BGR,2024,0.6680657790080647,2,2,F,43,NA,NA
BGR,2022,0.6711346741,2,2,F,43,0.835,739.9935
BGR,2023,0.6913365187,2,2,F,45,0.845,NA
BGR,2021,0.6492934089,2,2,F,42,0.817,746.69824
BGR,2015,0.5016499441,2,2,F,41,0.824,365.79147
BGR,2017,0.4859078009,2,2,F,43,0.829,435.63812
BGR,1999,0.0877097767,2,3,F,NA,0.728,219.23303
BGR,2016,0.4566441742,2,2,F,41,0.827,369.05118
BGR,2020,0.543646182,2,2,F,44,0.826,695.9871
BGR,1998,0.1111933212,2,3,F,NA,0.723,213.72722
BGR,2000,0.1258752803,2,3,F,NA,0.733,205.24292
BGR,2002,0.1032627071,1,2,F,NA,0.753,214.48328
BGR,2013,0.4411145756,2,2,F,41,0.815,374.36285
BGR,2014,0.4820027996,2,2,F,43,0.819,376.3134
BGR,2019,0.4876218416,2,2,F,43,0.835,650.24
BGR,2004,0.1234007157,1,2,F,NA,0.769,239.75037
BGR,2009,0.3947163544,2,2,F,NA,0.793,360.4017
BGR,2018,0.5019905288,2,2,F,42,0.832,502.9745
BGR,2001,0.10262046,1,3,F,NA,0.742,206.98598
BGR,2003,0.0289620008,1,2,F,NA,0.762,220.47047
BGR,2007,0.3660618318,1,2,F,NA,0.785,327.30014
BGR,2010,0.3538650806,2,2,F,NA,0.799,352.4096
BGR,2011,0.3963870896,2,2,F,NA,0.803,334.63394
BGR,2012,0.432290413,2,2,F,41,0.807,362.57193
BGR,2005,0.1541696477,F,1,2,NA,0.775,265.42728
BGR,2008,0.3447747261,2,2,F,NA,0.791,313.0185
BGR,2006,0.2100237064,1,2,F,NA,0.779,254.18819
BLR,1998,0.7206979455,6,6,NF,NA,0.709,130.30032
BLR,1999,0.6719721225,6,6,NF,NA,0.716,113.0577
BLR,2012,0.9647018541,7,6,NF,31,0.818,110.41792
BLR,2013,0.9574443678,7,6,NF,29,0.821,117.231316
BLR,2000,0.6260195129,6,6,NF,NA,0.724,120.5478
BLR,2004,0.7519019978,7,6,NF,NA,0.758,132.10182
BLR,2007,0.8351387369,7,6,NF,NA,0.786,137.02504
BLR,2008,0.8474832788,7,6,NF,NA,0.796,112.37738
BLR,2009,0.8935006596,7,6,NF,NA,0.798,126.812515
BLR,2010,0.8735582956,7,6,NF,NA,0.803,111.18285
BLR,2011,0.9067980373,7,6,NF,NA,0.812,117.8326
BLR,2014,0.9180817303,7,6,NF,31,0.825,112.179535
BLR,2015,0.8808650975,7,6,NF,32,0.825,104.457466
BLR,2001,0.6115152129,6,6,NF,NA,0.731,133.97325
BLR,2003,0.6595745066,6,6,NF,NA,0.747,130.56065
BLR,2005,0.7190643619,NF,7,6,NA,0.767,138.60014
BLR,2006,0.7704314932,7,6,NF,NA,0.777,125.99371
BLR,2002,0.591446196,6,6,NF,NA,0.738,134.35544
BLR,2017,0.7653004127,6,6,NF,44,0.828,114.21728
BLR,2018,0.7689116907,7,6,NF,44,0.827,130.18732
BLR,2023,0.8056958545,7,7,NF,37,0.824,NA
BLR,2024,0.779366916689419,7,7,NF,33,NA,NA
BLR,2016,0.7679156989,7,6,NF,40,0.825,106.46422
BLR,2019,0.7856447676,7,6,NF,45,0.826,159.49773
BLR,2020,0.7999029216,7,6,NF,47,0.815,162.18953
BLR,2021,0.8369478866,7,7,NF,41,0.817,171.67593
BLR,2022,0.830457229,7,7,NF,39,0.824,164.64655
CZE,2011,1.6604219908,1,1,F,NA,0.883,1275.2179
CZE,2021,1.6745696221,1,1,F,54,0.901,1511.8118
CZE,2022,1.6135622798,1,1,F,56,0.911,1351.6746
CZE,2013,1.6586769743,1,1,F,48,0.892,1309.1453
CZE,2014,1.6268093244,1,1,F,51,0.898,1428.8793
CZE,2015,1.6382127605,1,1,F,56,0.9,1563.4523
CZE,2016,1.63052311,1,1,F,55,0.902,1553.8116
CZE,2017,1.633367488,1,1,F,57,0.904,1546.8088
CZE,2018,1.6280923271,1,1,F,59,0.901,1495.7505
CZE,2019,1.6645665972,1,1,F,56,0.903,1550.5239
CZE,2020,1.6690181273,1,1,F,54,0.898,1449.0143
CZE,2023,1.5954823471,1,1,F,57,0.915,NA
CZE,2024,1.5541585916234493,1,1,F,56,NA,NA
CZE,2010,1.5908067563,1,1,F,NA,0.88,1189.6937
CZE,2012,1.6500473174,1,1,F,49,0.885,1295.616
CZE,2007,1.422113558,1,1,F,NA,0.87,973.17194
CZE,2008,1.471445197,1,1,F,NA,0.873,1035.4406
CZE,2009,1.5318213394,1,1,F,NA,0.875,1063.5435
CZE,2006,1.3719109043,1,1,F,NA,0.864,858.0966
CZE,2003,1.324734191,1,2,F,NA,0.842,627.4349
CZE,2004,1.3715326504,1,1,F,NA,0.848,685.43896
CZE,2005,1.3453351468,F,1,1,NA,0.856,769.54694
CZE,2000,1.1231063602,1,2,F,NA,0.817,519.7725
CZE,2001,1.170860637,1,2,F,NA,0.828,562.0439
CZE,2002,1.2114917375,1,2,F,NA,0.835,592.2134
CZE,1998,0.9910290656,1,2,F,NA,0.802,446.8062
CZE,1999,1.0835764865,1,2,F,NA,0.806,479.3103
HUN,2021,1.4635813922,3,3,PF,43,0.852,870.8431
HUN,2014,1.4198112383,2,2,F,54,0.848,678.3295
HUN,2015,1.4292734514,2,2,F,51,0.847,672.1989
HUN,2016,1.4383049574,3,2,F,48,0.851,669.1828
HUN,2017,1.4616229065,3,2,F,45,0.853,695.6163
HUN,2018,1.4649015416,3,3,PF,46,0.857,708.33887
HUN,2019,1.4427086827,3,3,PF,44,0.861,760.98236
HUN,2020,1.4762647449,3,3,PF,44,0.857,802.6612
HUN,2022,1.4340716718,3,3,PF,42,0.867,916.36145
HUN,2023,1.4149482576,3,3,PF,42,0.87,NA
HUN,2024,1.3857271573437373,3,3,PF,41,NA,NA
HUN,2011,1.3931041491,1,2,F,NA,0.841,645.9683
HUN,2012,1.4607519616,1,2,F,55,0.841,655.89844
HUN,2013,1.4238226103,1,2,F,54,0.85,638.76636
HUN,2009,1.3063567924,1,1,F,NA,0.834,603.22473
HUN,2010,1.3351618194,1,1,F,NA,0.838,595.44763
HUN,2007,1.1990138899,1,1,F,NA,0.826,585.7547
HUN,2008,1.235333346,1,1,F,NA,0.833,645.7161
HUN,2005,1.0234565703,F,1,1,NA,0.816,555.0227
HUN,2006,1.0973984296,1,1,F,NA,0.823,556.8736
HUN,2003,0.9298310824,1,2,F,NA,0.807,459.3352
HUN,2004,1.03525511,1,1,F,NA,0.811,483.266
HUN,2002,0.8091231956,1,2,F,NA,0.8,455.64807
HUN,2000,0.6717304622,1,2,F,NA,0.781,432.03824
HUN,2001,0.7327287471,1,2,F,NA,0.791,426.78946
HUN,1998,0.5749259046,1,2,F,NA,0.764,422.98062
HUN,1999,0.6224800308,1,2,F,NA,0.771,388.9737
MDA,2008,-0.0584359078,4,4,PF,NA,0.728,57.120785
MDA,2007,-0.091424271,3,4,PF,NA,0.718,49.949574
MDA,2009,-0.09422801,3,4,PF,NA,0.729,63.318153
MDA,2024,-0.06647320558235363,3,3,PF,43,NA,NA
MDA,2012,-0.1050117206,3,3,PF,36,0.754,71.00594
MDA,2013,-0.0681150551,3,3,PF,35,0.758,74.47305
MDA,2021,-0.0710273266,3,3,PF,36,0.773,110.92881
MDA,2022,-0.0897953135,3,3,PF,39,0.784,112.2969
MDA,2010,-0.1404956982,3,3,PF,NA,0.739,60.680824
MDA,2014,-0.0537626364,3,3,PF,35,0.762,72.11453
MDA,2023,-0.131912124,3,3,PF,42,0.785,NA
MDA,2015,-0.1343737983,3,3,PF,33,0.759,67.207855
MDA,2020,-0.2007035235,3,3,PF,34,0.77,113.29611
MDA,2011,-0.201649492,3,3,PF,NA,0.748,65.777626
MDA,2016,-0.2577311707,3,3,PF,30,0.763,104.19216
MDA,2018,-0.2646891267,3,4,PF,33,0.772,78.11383
MDA,2019,-0.2786632841,3,4,PF,32,0.775,102.99434
MDA,2017,-0.2568614171,3,3,PF,31,0.769,86.923256
POL,2018,1.1697603236,2,2,F,60,0.884,933.7056
POL,2019,1.1741335104,2,2,F,58,0.887,961.23724
POL,2020,1.1723524385,2,2,F,56,0.88,1024.7748
POL,2017,1.1554373204,1,2,F,60,0.882,892.3438
POL,2021,1.1382057327,2,2,F,56,0.884,1116.251
POL,2008,0.972959381,1,1,F,NA,0.841,626.8733
POL,2009,1.0510417667,1,1,F,NA,0.846,623.3851
POL,2010,1.0455755187,1,1,F,NA,0.852,649.87787
POL,2011,1.1160688748,1,1,F,NA,0.858,672.898
POL,2012,1.1462310012,1,1,F,58,0.863,728.028
POL,2013,1.1443523424,1,1,F,60,0.873,779.0428
POL,2022,1.1332174962,2,2,F,55,0.902,1014.83905
POL,2007,0.9487680431,1,1,F,NA,0.836,579.5654
POL,2014,1.0684429907,1,1,F,61,0.873,818.2844
POL,2015,1.1087784349,1,1,F,63,0.879,861.45935
POL,2016,1.1206417322,1,2,F,62,0.884,902.48486
POL,2023,1.0915776913,2,2,F,54,0.906,NA
POL,2005,0.8001418536,F,1,1,NA,0.826,534.647
POL,2006,0.8976761386,1,1,F,NA,0.831,582.677
POL,2024,1.057980970668788,2,2,F,53,NA,NA
POL,2003,0.7201294287,1,2,F,NA,0.822,438.41666
POL,2004,0.7528220772,1,1,F,NA,0.82,494.90076
POL,2001,0.6255010592,1,2,F,NA,0.809,375.43378
POL,1998,0.5492022195,1,2,F,NA,0.784,294.05606
POL,2002,0.6161078116,1,2,F,NA,0.816,408.40338
POL,2000,0.5956018948,1,2,F,NA,0.801,339.38354
POL,1999,0.5503050657,1,2,F,NA,0.793,308.6657
ROU,2020,1.0269799364,2,2,F,44,0.832,536.45557
ROU,2018,0.9430087945,2,2,F,47,0.833,477.3346
ROU,2019,1.009047922,2,2,F,44,0.838,552.6597
ROU,2021,1.0917384822,2,2,F,45,0.829,628.6818
ROU,2017,0.8868962117,2,2,F,48,0.828,496.96008
ROU,2022,1.031674157,2,2,F,46,0.84,612.6304
ROU,2023,1.0232496753,2,2,F,46,0.845,NA
ROU,2024,0.9966036515532615,2,2,F,46,NA,NA
ROU,2012,0.7397207913,2,2,F,44,0.817,490.77838
ROU,2010,0.6784420307,2,2,F,NA,0.822,487.84723
ROU,2014,0.7782716694,2,2,F,43,0.82,489.5339
ROU,2015,0.8223727383,2,2,F,46,0.823,522.71857
ROU,2016,0.8200831903,2,2,F,48,0.823,479.95795
ROU,2013,0.7482012999,2,2,F,43,0.821,487.44446
ROU,2009,0.644210408,2,2,F,NA,0.826,428.25656
ROU,2011,0.6662404697,2,2,F,NA,0.823,479.61862
ROU,2008,0.5249187602,2,2,F,NA,0.815,340.62143
ROU,2007,0.4512499054,2,2,F,NA,0.792,238.8313
ROU,2000,0.0266936336,2,2,F,NA,0.73,101.13456
ROU,2006,0.2682493467,2,2,F,NA,0.781,171.85577
ROU,2003,0.0277283399,2,2,F,NA,0.749,116.66227
ROU,1998,0.0534739084,2,2,F,NA,0.715,95.012985
ROU,2004,0.0618338236,3,2,F,NA,0.757,125.47602
ROU,1999,-0.0079895217,2,2,F,NA,0.724,92.118034
ROU,2005,0.1430024346,F,2,2,NA,0.765,155.86816
ROU,2001,-0.0126306946,2,2,F,NA,0.737,103.0708
ROU,2002,-0.0634661979,2,2,F,NA,0.745,106.765625
RUS,1998,0.7334383305,4,4,PF,NA,0.738,234.44792
RUS,1999,0.7050712536,4,5,PF,NA,0.74,221.29735
RUS,2000,0.6707781466,5,5,PF,NA,0.75,223.106
RUS,2002,0.7347641252,5,5,PF,NA,0.764,250.06178
RUS,2001,0.6745461615,5,5,PF,NA,0.758,250.41568
RUS,2005,0.7918886835,NF,6,5,NA,0.78,240.81749
RUS,2003,0.7070117517,5,5,PF,NA,0.772,240.94125
RUS,2006,0.7844878262,6,5,NF,NA,0.791,211.60425
RUS,2004,0.6442524049,6,5,NF,NA,0.777,243.49332
RUS,2007,0.7487415892,6,5,NF,NA,0.802,216.77858
RUS,2008,0.7657650456,6,5,NF,NA,0.807,229.31104
RUS,2009,0.7973410979,6,5,NF,NA,0.805,234.91107
RUS,2010,0.7582172435,6,5,NF,NA,0.808,240.07265
RUS,2011,0.7217502035,6,5,NF,NA,0.822,254.49265
RUS,2013,0.7522054895,6,5,NF,28,0.83,270.87213
RUS,2012,0.7144477344,6,5,NF,28,0.825,254.79373
RUS,2014,0.6060465202,6,6,NF,27,0.831,310.45212
RUS,2016,0.4858575437,7,6,NF,29,0.835,421.5916
RUS,2015,0.4966278779,6,6,NF,29,0.833,359.2113
RUS,2019,0.4997548725,7,6,NF,28,0.847,624.39215
RUS,2017,0.4592798582,7,6,NF,29,0.838,472.43143
RUS,2018,0.5020622382,7,6,NF,28,0.845,533.9107
RUS,2020,0.4856209028,7,6,NF,30,0.818,653.4465
RUS,2021,0.4635624269,7,6,NF,29,0.813,696.67834
RUS,2022,0.3920772002,7,6,NF,28,0.826,584.12036
RUS,2023,0.2977254043,7,6,NF,26,0.832,NA
RUS,2024,0.10071553908655695,7,6,NF,22,NA,NA
SVK,2021,1.4109635371,1,1,F,52,0.859,1072.8868
SVK,2022,1.3931026852,1,1,F,53,0.873,992.3852
SVK,2023,1.3502695779,1,1,F,54,0.88,NA
SVK,2024,1.3255563455752524,1,1,F,49,NA,NA
SVK,2011,1.3669522061,1,1,F,NA,0.856,708.46014
SVK,2018,1.3698026887,1,2,F,50,0.868,961.66156
SVK,2019,1.3932164348,1,2,F,50,0.871,1071.8413
SVK,2020,1.3919624939,1,1,F,49,0.867,1038.9686
SVK,2012,1.3604366529,1,1,F,46,0.856,774.7164
SVK,2013,1.3637307247,1,1,F,47,0.858,810.97565
SVK,2015,1.3084883434,1,1,F,51,0.861,934.0848
SVK,2016,1.3006011108,1,1,F,51,0.864,1010.0449
SVK,2017,1.3253626687,1,1,F,50,0.865,1046.4492
SVK,2010,1.2612124847,1,1,F,NA,0.851,661.53534
SVK,2014,1.2695313957,1,1,F,50,0.859,911.8509
SVK,2008,1.1920926683,1,1,F,NA,0.842,616.66595
SVK,2009,1.2525499396,1,1,F,NA,0.845,579.2248
SVK,1998,0.7529018953,2,2,F,NA,0.758,378.2458
SVK,2007,1.1342399069,1,1,F,NA,0.834,526.41656
SVK,1999,0.7710102794,1,2,F,NA,0.765,375.90485
SVK,2005,1.0139713203,F,1,1,NA,0.815,465.82913
SVK,2006,1.0382448847,1,1,F,NA,0.824,482.88925
SVK,2000,0.7904016644,1,2,F,NA,0.774,391.2024
SVK,2001,0.8405953378,1,2,F,NA,0.781,389.23996
SVK,2004,0.9578740783,1,1,F,NA,0.806,424.4827
SVK,2002,0.8067771654,1,2,F,NA,0.79,389.64
SVK,2003,0.8860386235,1,2,F,NA,0.796,399.27054
UKR,1998,0.7095271687,3,4,PF,NA,0.71,125.8268
UKR,1999,0.6486068647,3,4,PF,NA,0.714,111.59217
UKR,2004,0.6509120023,4,3,PF,NA,0.751,124.27097
UKR,2000,0.6076271912,4,4,PF,NA,0.716,111.53799
UKR,2002,0.6158302165,4,4,PF,NA,0.736,124.08314
UKR,2003,0.6193622895,4,4,PF,NA,0.745,122.35565
UKR,2005,0.6650849432,F,3,2,NA,0.757,128.55246
UKR,2006,0.6853701685,3,2,F,NA,0.762,114.75719
UKR,2001,0.5763832564,4,4,PF,NA,0.728,138.51753
UKR,2008,0.7417274047,3,2,F,NA,0.776,127.15004
UKR,2009,0.7451495376,3,2,F,NA,0.773,121.688675
UKR,2010,0.7112799781,3,3,PF,NA,0.782,130.64017
UKR,2007,0.6758193988,3,2,F,NA,0.77,116.533875
UKR,2011,0.6753951351,4,3,PF,NA,0.786,136.46907
UKR,2012,0.6994219183,4,3,PF,26,0.789,144.10976
UKR,2013,0.7047420118,4,3,PF,25,0.789,159.47247
UKR,2014,0.6590688004,3,3,PF,26,0.788,158.41946
UKR,2015,0.6236874695,3,3,PF,27,0.778,164.56104
UKR,2016,0.5457906946,3,3,PF,29,0.78,174.54916
UKR,2017,0.496724341,3,3,PF,30,0.785,201.64125
UKR,2019,0.5073513038,3,3,PF,30,0.789,295.8272
UKR,2020,0.5086016042,3,4,PF,33,0.783,314.6552
UKR,2021,0.5130154647,3,3,PF,32,0.772,341.6335
UKR,2022,0.4943986781,4,4,PF,33,0.772,321.7042
UKR,2018,0.4993160064,3,4,PF,32,0.784,229.0542
UKR,2024,0.35687878610393037,4,4,PF,35,NA,NA
UKR,2023,0.3914416937,4,4,PF,36,0.779,NA
DNK,1998,1.2509099302,1,1,F,NA,0.883,1286.263
DNK,1999,1.2912965905,1,1,F,NA,0.894,1262.3063
DNK,2000,1.2730394265,1,1,F,NA,0.896,1344.8364
DNK,2001,1.3143180298,1,1,F,NA,0.902,1335.8126
DNK,2002,1.3410407166,1,1,F,NA,0.902,1337.4856
DNK,2003,1.2950276851,1,1,F,NA,0.907,1403.5148
DNK,2004,1.3062487238,1,1,F,NA,0.912,1469.0953
DNK,2005,1.2078440942,F,1,1,NA,0.917,1562.1951
DNK,2006,1.1171501872,1,1,F,NA,0.917,1597.382
DNK,2010,1.1972853343,1,1,F,NA,0.92,1859.1761
DNK,2021,1.1422283998,1,1,F,88,0.958,2773.285
DNK,2007,1.1117046355,1,1,F,NA,0.918,1656.0912
DNK,2008,1.1373215304,1,1,F,NA,0.922,1691.7985
DNK,2009,1.164506342,1,1,F,NA,0.915,1772.5641
DNK,2011,1.1517013475,1,1,F,NA,0.934,2052.3403
DNK,2012,1.1979071083,1,1,F,90,0.938,2217.2854
DNK,2013,1.1773277347,1,1,F,91,0.941,2299.6343
DNK,2014,1.1558648112,1,1,F,92,0.939,2505.6016
DNK,2015,1.1627702897,1,1,F,91,0.943,2523.7007
DNK,2016,1.1438792123,1,1,F,90,0.951,2513.2202
DNK,2023,1.1286342784,1,1,F,90,0.962,NA
DNK,2018,1.1272396218,1,1,F,88,0.95,2555.0293
DNK,2019,1.1299622757,1,1,F,87,0.953,2592.3884
DNK,2020,1.1346056768,1,1,F,88,0.954,2645.5378
DNK,2017,1.1320817761,1,1,F,88,0.951,2542.0264
DNK,2022,1.1324194162,1,1,F,90,0.959,2731.8174
DNK,2024,1.0975265159693586,1,1,F,90,NA,NA
FIN,2005,1.777194939,F,1,1,NA,0.914,1755.9305
FIN,2006,1.7048973037,1,1,F,NA,0.917,1799.5477
FIN,2007,1.6088108298,1,1,F,NA,0.92,1786.8878
FIN,2008,1.6319399931,1,1,F,NA,0.921,1815.7585
FIN,2009,1.700077459,1,1,F,NA,0.916,1878.0581
FIN,2010,1.6545007357,1,1,F,NA,0.92,1877.999
FIN,2004,1.7590458597,1,1,F,NA,0.911,1687.1613
FIN,1998,1.5859910808,1,1,F,NA,0.88,1344.4053
FIN,1999,1.6630782059,1,1,F,NA,0.889,1342.1595
FIN,2000,1.6307461798,1,1,F,NA,0.898,1449.8641
FIN,2001,1.7161535331,1,1,F,NA,0.908,1497.2162
FIN,2002,1.7154350923,1,1,F,NA,0.912,1509.4283
FIN,2003,1.7106568693,1,1,F,NA,0.915,1552.198
FIN,2011,1.6481940611,1,1,F,NA,0.924,1919.6655
FIN,2014,1.5653293189,1,1,F,89,0.936,2065.9956
FIN,2013,1.6007296901,1,1,F,89,0.934,1992.5549
FIN,2015,1.522569314,1,1,F,90,0.938,2029.9
FIN,2017,1.5234189937,1,1,F,85,0.942,1993.3267
FIN,2020,1.5219711049,1,1,F,85,0.947,2046.3553
FIN,2012,1.5569432048,1,1,F,90,0.924,1955.6404
FIN,2016,1.4986153266,1,1,F,89,0.94,2056.025
FIN,2018,1.5054284283,1,1,F,85,0.945,2021.6536
FIN,2019,1.5061588288,1,1,F,86,0.947,2067.3242
FIN,2022,1.4529019443,1,1,F,87,0.946,2162.0771
FIN,2023,1.4561983705,1,1,F,87,0.948,NA
FIN,2024,1.4259776539933202,1,1,F,88,NA,NA
FIN,2021,1.4604201222,1,1,F,88,0.949,2131.549
GBR,2001,1.816173501,1,2,F,NA,0.876,1258.4325
GBR,1999,1.6988163992,1,2,F,NA,0.862,1249.6775
GBR,2002,1.8421601025,1,1,F,NA,0.881,1269.5852
GBR,1998,1.6231502148,1,2,F,NA,0.856,1268.7859
GBR,2000,1.6847156648,1,2,F,NA,0.87,1323.9215
GBR,2003,1.8182876665,1,1,F,NA,0.886,1293.4551
GBR,2004,1.777809589,1,1,F,NA,0.897,1347.2003
GBR,2005,1.6964676624,F,1,1,NA,0.903,1429.4624
GBR,2006,1.6402209619,1,1,F,NA,0.902,1477.6782
GBR,2007,1.5731526801,1,1,F,NA,0.905,1509.0277
GBR,2009,1.6047503667,1,1,F,NA,0.915,1525.5679
GBR,2010,1.6120380218,1,1,F,NA,0.921,1515.9467
GBR,2008,1.5685995954,1,1,F,NA,0.91,1500.663
GBR,2011,1.6287084974,1,1,F,NA,0.916,1524.1216
GBR,2012,1.5960926804,1,1,F,74,0.917,1548.9506
GBR,2016,1.4997182037,1,1,F,81,0.934,1548.1885
GBR,2023,1.4973890654,1,1,F,71,0.946,NA
GBR,2024,1.4655586159352934,1,1,F,71,NA,NA
GBR,2013,1.5949158212,1,1,F,76,0.931,1556.9131
GBR,2014,1.5259406671,1,1,F,78,0.932,1544.5782
GBR,2015,1.5200194035,1,1,F,81,0.931,1554.4362
GBR,2017,1.4953430115,1,1,F,82,0.937,1546.6573
GBR,2021,1.4810711942,1,1,F,78,0.941,1641.2758
GBR,2022,1.4740901097,1,1,F,73,0.946,1561.8
GBR,2018,1.4904054801,1,1,F,80,0.936,1550.5142
GBR,2019,1.4898180724,1,1,F,77,0.941,1559.9039
GBR,2020,1.5045190262,1,1,F,77,0.93,1567.9043
IRL,1999,1.4541334021,1,1,F,NA,0.858,609.8537
IRL,2000,1.4461043227000001,1,1,F,NA,0.869,685.3169
IRL,2001,1.5923980325,1,1,F,NA,0.876,718.0951
IRL,2002,1.6011081145,1,1,F,NA,0.883,772.9987
IRL,2003,1.6239951798,1,1,F,NA,0.891,789.882
IRL,2004,1.6444266053,1,1,F,NA,0.899,946.15533
IRL,2005,1.6343807313,F,1,1,NA,0.905,1146.6727
IRL,2006,1.5188001134,1,1,F,NA,0.908,1149.979
IRL,1998,1.3478499883,1,1,F,NA,0.855,623.3098
IRL,2007,1.3879740892,1,1,F,NA,0.911,1252.0602
IRL,2008,1.3568778063,1,1,F,NA,0.907,1278.0162
IRL,2010,1.3738221698,1,1,F,NA,0.915,1522.0798
IRL,2009,1.3468425326,1,1,F,NA,0.907,1401.119
IRL,2012,1.3795466574,1,1,F,69,0.911,1525.9288
IRL,2013,1.3764107495,1,1,F,72,0.915,1530.6405
IRL,2011,1.3614987772,1,1,F,NA,0.909,1572.0629
IRL,2016,1.3026132123,1,1,F,73,0.936,1501.022
IRL,2017,1.3348176327,1,1,F,74,0.941,1509.894
IRL,2023,1.3069070793,1,1,F,77,0.949,NA
IRL,2024,1.2749900298214216,1,1,F,77,NA,NA
IRL,2014,1.2972895896,1,1,F,74,0.921,1542.9307
IRL,2019,1.3238490666,1,1,F,74,0.947,1607.397
IRL,2022,1.2519465135,1,1,F,77,0.947,1775.285
IRL,2015,1.2905903872,1,1,F,75,0.931,1466.7977
IRL,2018,1.3008738723,1,1,F,73,0.944,1522.4677
IRL,2020,1.267779069,1,1,F,72,0.948,1689.311
IRL,2021,1.2409659478,1,1,F,74,0.946,1846.5597
LTU,2022,0.8615815979,1,2,F,62,0.888,1106.2922
LTU,2023,0.8454092619,1,2,F,61,0.895,NA
LTU,2024,0.82976459677971,1,2,F,63,NA,NA
LTU,2019,0.800355855,1,1,F,60,0.894,922.9946
LTU,2020,0.8074652639,1,2,F,60,0.888,1027.9468
LTU,2021,0.8405080513,1,2,F,61,0.887,1104.7472
LTU,2018,0.75062669420000006,1,1,F,59,0.889,834.96735
LTU,2015,0.7187365526,1,1,F,59,0.869,849.8617
LTU,2014,0.7283961411,1,1,F,58,0.866,832.1653
LTU,2016,0.6651358042,1,1,F,59,0.875,811.7992
LTU,2017,0.6825425195,1,1,F,59,0.885,844.43713
LTU,2012,0.5955472179,1,1,F,54,0.862,751.8152
LTU,2013,0.6550870344,1,1,F,57,0.865,756.569
LTU,2007,0.4426112614,1,1,F,NA,0.839,526.659
LTU,2008,0.4765478161,1,1,F,NA,0.849,791.9941
LTU,2009,0.5061929023,1,1,F,NA,0.851,726.52576
LTU,2010,0.416459162,1,1,F,NA,0.854,755.13306
LTU,2011,0.4641216038,1,1,F,NA,0.86,807.05
LTU,1999,0.0361454481,1,2,F,NA,0.762,162.9487
LTU,2000,0.0348314645,1,2,F,NA,0.778,171.15697
LTU,1998,0.0695546474,1,2,F,NA,0.751,151.49335
LTU,2006,0.2662869842,1,1,F,NA,0.834,541.61755
LTU,2001,0.0170045273,1,2,F,NA,0.787,183.99408
LTU,2004,0.0216249035,2,2,F,NA,0.821,376.43524
LTU,2005,0.1089073392,F,1,1,NA,0.828,458.6267
LTU,2002,-0.0898945067,1,2,F,NA,0.799,290.11053
LTU,2003,-0.070430684,1,2,F,NA,0.812,283.79196
NOR,1998,1.1614061868,1,1,F,NA,0.908,1175.0698
NOR,1999,1.1195275234,1,1,F,NA,0.913,1074.0886
NOR,2000,1.0294142427,1,1,F,NA,0.924,1127.4342
NOR,2001,1.0898839817,1,1,F,NA,0.923,1143.0117
NOR,2002,0.973100102,1,1,F,NA,0.923,1139.006
NOR,2003,0.9504456785,1,1,F,NA,0.93,1170.5848
NOR,2006,0.9524128822,1,1,F,NA,0.942,1555.3083
NOR,2009,1.0374413199,1,1,F,NA,0.944,1836.561
NOR,2004,0.8882206604,1,1,F,NA,0.937,1272.2637
NOR,2005,0.8706895081,F,1,1,NA,0.939,1477.2789
NOR,2007,0.9352258643,1,1,F,NA,0.943,1656.1555
NOR,2010,0.9869622875,1,1,F,NA,0.947,1856.7913
NOR,2008,0.8948948164,1,1,F,NA,0.943,1676.2992
NOR,2011,0.945110076,1,1,F,NA,0.949,1959.8965
NOR,2012,0.902545172,1,1,F,85,0.95,2057.9875
NOR,2013,0.9045018983,1,1,F,86,0.953,2041.8308
NOR,2014,0.8691832963,1,1,F,86,0.956,2075.176
NOR,2016,0.8470689407,1,1,F,85,0.962,2175.6116
NOR,2015,0.8297449227,1,1,F,88,0.959,2065.2922
NOR,2017,0.6944130044,1,1,F,85,0.965,2268.9924
NOR,2018,0.6390036788,1,1,F,84,0.966,2336.863
NOR,2019,0.6186059994,1,1,F,84,0.967,2398.5713
NOR,2020,0.6397204342,1,1,F,84,0.969,2505.8599
NOR,2021,0.6340749042,1,1,F,85,0.969,2624.571
NOR,2022,0.5280262022,1,1,F,84,0.967,2578.0874
NOR,2023,0.4655630046,1,1,F,84,0.97,NA
NOR,2024,0.4751809782302928,1,1,F,81,NA,NA
SWE,1998,1.698414034,1,1,F,NA,0.901,1582.1987
SWE,1999,1.7355982629,1,1,F,NA,0.906,1603.4119
SWE,2000,1.7572995283,1,1,F,NA,0.912,1642.2081
SWE,2003,1.8373934003,1,1,F,NA,0.923,1670.8905
SWE,2004,1.8865524616,1,1,F,NA,0.908,1719.8195
SWE,2005,1.8044931987,F,1,1,NA,0.911,1841.362
SWE,2006,1.7722394563,1,1,F,NA,0.915,1864.5131
SWE,2007,1.6902270781,1,1,F,NA,0.917,1846.994
SWE,2008,1.7282894113,1,1,F,NA,0.913,1819.2301
SWE,2009,1.7465685216,1,1,F,NA,0.912,1896.8727
SWE,2010,1.7778107108,1,1,F,NA,0.918,1912.4407
SWE,2011,1.7707666054,1,1,F,NA,0.92,1954.3013
SWE,2001,1.7929804768,1,1,F,NA,0.915,1657.1758
SWE,2002,1.8416132018,1,1,F,NA,0.918,1633.1954
SWE,2012,1.7308722314,1,1,F,88,0.92,2040.2161
SWE,2013,1.7465483625,1,1,F,89,0.94,2085.726
SWE,2014,1.7092538837,1,1,F,87,0.943,2170.1497
SWE,2015,1.6881931596,1,1,F,89,0.945,2163.196
SWE,2016,1.6437894318,1,1,F,88,0.947,2132.6008
SWE,2017,1.6402503727,1,1,F,84,0.949,2105.3188
SWE,2018,1.6273150608,1,1,F,85,0.95,2088.9358
SWE,2019,1.6117612372,1,1,F,85,0.955,2088.4497
SWE,2020,1.6417629758,1,1,F,85,0.951,2102.3792
SWE,2021,1.6086049408,1,1,F,85,0.958,2181.6533
SWE,2022,1.5686802205000001,1,1,F,83,0.959,2131.5796
SWE,2024,1.4982237225422184,1,1,F,80,NA,NA
SWE,2023,1.530816495,1,1,F,82,0.959,NA
ALB,2009,0.2826189724,3,3,PF,NA,0.756,23.473803
ALB,2010,0.2128913658,3,3,PF,NA,0.769,42.85242
ALB,2011,0.0018759809,3,3,PF,NA,0.781,48.43393
ALB,2008,-0.0715188362,3,3,PF,NA,0.749,17.806044
ALB,2021,-0.1919547642,3,3,PF,35,0.794,96.83255
ALB,2024,-0.2318652056891321,3,3,PF,42,NA,NA
ALB,2022,-0.277119304,3,3,PF,36,0.806,97.31869
ALB,2020,-0.3804109093,3,3,PF,36,0.794,66.11086
ALB,2023,-0.3264653362,3,3,PF,37,0.81,NA
ALB,2019,-0.4377540595,3,3,PF,35,0.805,79.09492
ALB,2018,-0.5131739247,3,3,PF,36,0.801,65.40547
ALB,2017,-0.570986594,3,3,PF,38,0.798,50.379772
ALB,2012,-0.5829619217,3,3,PF,33,0.79,52.6548
ALB,2013,-0.6273209669,3,3,PF,31,0.793,52.827538
ALB,2014,-0.5492838841,3,3,PF,33,0.797,55.570637
ALB,2016,-0.668231247,3,3,PF,39,0.797,61.514004
ALB,2015,-0.6123645999,3,3,PF,36,0.797,58.389927
BIH,2024,0.688048714792737,5,3,PF,33,NA,NA
BIH,2022,0.6745799924,4,4,PF,34,0.799,324.31332
BIH,2023,0.6985166072,5,4,PF,35,0.804,NA
BIH,2017,0.5117421357,4,4,PF,38,0.78,218.43088
BIH,2018,0.5485423014,4,4,PF,38,0.785,224.7328
BIH,2019,0.5743176065,4,4,PF,36,0.788,247.93956
BIH,2021,0.6768363034,4,4,PF,35,0.783,346.0777
BIH,2008,0.44184823,4,3,PF,NA,0.719,101.02483
BIH,2020,0.5588041603,4,4,PF,35,0.783,304.52066
BIH,2011,0.4820232999,4,3,PF,NA,0.731,147.30351
BIH,2014,0.5087329843,4,3,PF,39,0.765,137.90562
BIH,2016,0.4839919928,4,4,PF,39,0.776,168.41908
BIH,2005,0.2175847522,PF,4,3,NA,0.698,62.582798
BIH,2006,0.2845868555,3,3,PF,NA,0.701,73.411285
BIH,2009,0.4091451731,4,3,PF,NA,0.722,118.13514
BIH,2012,0.4932892788,3,3,PF,42,0.742,149.94633
BIH,2013,0.5294016837,3,3,PF,42,0.756,135.7378
BIH,2004,0.12896654330000001,4,3,PF,NA,0.694,50.463814
BIH,2007,0.3776910797,4,3,PF,NA,0.709,80.96578
BIH,2015,0.4773422692,4,3,PF,38,0.769,166.0262
BIH,2010,0.3723235833,4,3,PF,NA,0.725,129.01315
ESP,1998,0.9508899419,1,2,F,NA,0.821,569.9356
ESP,2000,1.0518399036,1,2,F,NA,0.833,616.2678
ESP,2001,1.0932854334,1,2,F,NA,0.839,647.6583
ESP,1999,1.0011641806,1,2,F,NA,0.825,594.24756
ESP,2002,1.0570144355,1,1,F,NA,0.844,678.52527
ESP,2003,1.030969904,1,1,F,NA,0.846,698.7875
ESP,2004,1.0417931212,1,1,F,NA,0.852,747.12384
ESP,2007,0.9749826509,1,1,F,NA,0.864,940.4998
ESP,2005,0.9744089383,F,1,1,NA,0.857,828.104
ESP,2006,0.9425051356,1,1,F,NA,0.862,897.0395
ESP,2008,0.967427435,1,1,F,NA,0.865,967.3937
ESP,2011,0.9522076414,1,1,F,NA,0.879,1121.2152
ESP,2010,0.9470342402,1,1,F,NA,0.875,1059.4274
ESP,2009,0.9437625723,1,1,F,NA,0.867,1023.99774
ESP,2014,0.9219986344,1,1,F,60,0.89,1209.1459
ESP,2015,0.933719165,1,1,F,58,0.895,1191.3597
ESP,2016,0.8797912166,1,1,F,58,0.9,1196.5836
ESP,2012,0.9380968042,1,1,F,65,0.881,1169.0399
ESP,2013,0.9216564897,1,1,F,59,0.886,1174.3054
ESP,2017,0.8678282899,1,1,F,57,0.902,1199.976
ESP,2023,0.8581269532,1,1,F,60,0.918,NA
ESP,2024,0.856973377321246,1,1,F,56,NA,NA
ESP,2018,0.8519124261,1,1,F,58,0.905,1224.1958
ESP,2019,0.8571932714,1,1,F,62,0.91,1279.9115
ESP,2020,0.8471320977,1,1,F,62,0.901,1383.921
ESP,2021,0.8444062343,1,1,F,61,0.912,1481.3718
ESP,2022,0.8310506463,1,1,F,60,0.911,1404.168
GRC,2004,0.257987119,1,2,F,NA,0.851,724.35126
GRC,1999,0.2684509458,1,3,F,NA,0.816,424.94037
GRC,2000,0.2492943432,1,3,F,NA,0.828,489.1434
GRC,2003,0.2099983939,1,2,F,NA,0.842,619.3372
GRC,2005,0.262114651,F,1,2,NA,0.863,839.7958
GRC,1998,0.1998944888,1,3,F,NA,0.813,426.50122
GRC,2001,0.1918400472,1,3,F,NA,0.837,526.62585
GRC,2002,0.1826518634,1,2,F,NA,0.836,587.79095
GRC,2024,0.3944094647274938,2,2,F,49,NA,NA
GRC,2023,0.4018322605,2,2,F,49,0.908,NA
GRC,2017,0.3380528228,2,2,F,48,0.887,1036.4465
GRC,2006,0.2527139195,1,2,F,NA,0.871,965.9193
GRC,2018,0.322374133,1,2,F,45,0.893,1051.6709
GRC,2019,0.3017529756,1,2,F,48,0.896,1110.7139
GRC,2020,0.3366640741,1,2,F,50,0.896,1192.3075
GRC,2021,0.3728774136,1,2,F,49,0.897,1395.4869
GRC,2022,0.3437282494,2,2,F,52,0.897,1447.3038
GRC,2007,0.3138649994,1,2,F,NA,0.866,1007.2161
GRC,2008,0.2809650552,1,2,F,NA,0.871,1064.0774
GRC,2015,0.3601867551,2,2,F,46,0.888,1047.1584
GRC,2016,0.3245227704,2,2,F,44,0.884,1037.1038
GRC,2011,0.2260120084,2,2,F,NA,0.874,1074.442
GRC,2014,0.3107313819,2,2,F,43,0.886,1059.1776
GRC,2009,0.2624094108,1,2,F,NA,0.874,1084.7953
GRC,2010,0.2310197727,1,2,F,NA,0.876,1073.1826
GRC,2012,0.2999237164,2,2,F,36,0.874,1072.2198
GRC,2013,0.2814752999,2,2,F,40,0.879,1073.8617
HRV,2011,0.6982285959,1,2,F,NA,0.836,1056.5988
HRV,2012,0.7595106417,1,2,F,46,0.839,1042.7667
HRV,2013,0.7604049857,1,2,F,48,0.846,1001.8559
HRV,1998,0.3978271212,4,4,PF,NA,0.744,329.97693
HRV,2003,0.3890011077,2,2,F,NA,0.798,552.0264
HRV,2005,0.4473326171,F,2,2,NA,0.814,701.67017
HRV,2004,0.3698468659,2,2,F,NA,0.807,583.37823
HRV,2006,0.5552035423,2,2,F,NA,0.819,699.79553
HRV,2007,0.6009740998,2,2,F,NA,0.825,813.33026
HRV,2008,0.6241526439,2,2,F,NA,0.827,867.5489
HRV,2009,0.6638157287,1,2,F,NA,0.826,958.9748
HRV,2010,0.6681414297,1,2,F,NA,0.831,924.53906
HRV,2017,0.7043690559,1,2,F,49,0.862,1096.9818
HRV,2023,0.7639503346,2,2,F,50,0.889,NA
HRV,2024,0.745452619533958,2,2,F,47,NA,NA
HRV,2014,0.7519937116,1,2,F,48,0.848,966.9987
HRV,2016,0.6916555708,1,2,F,49,0.856,990.5556
HRV,2018,0.7049669132,1,2,F,48,0.867,1183.6918
HRV,2019,0.7313311767,1,2,F,47,0.872,1203.0339
HRV,2020,0.758610402,1,2,F,47,0.867,1294.4642
HRV,2021,0.7857179247,1,2,F,47,0.876,1490.7859
HRV,2022,0.7938058838,2,2,F,50,0.886,1481.2427
HRV,2000,0.3761835516,2,3,F,NA,0.769,409.20242
HRV,2015,0.7181564142,1,2,F,51,0.852,991.2892
HRV,1999,0.3648936054,4,4,PF,NA,0.753,342.9688
HRV,2002,0.3114265236,2,2,F,NA,0.792,493.7713
HRV,2001,0.2991102831,2,2,F,NA,0.785,436.9666
ITA,1998,1.1725966628,1,2,F,NA,0.84,599.711
ITA,1999,1.231145019,1,2,F,NA,0.845,602.32635
ITA,2000,1.2417595812,1,2,F,NA,0.849,635.90283
ITA,2001,1.2664264029,1,2,F,NA,0.856,656.7547
ITA,2002,1.2544441836,1,1,F,NA,0.862,684.7896
ITA,2003,1.2452310321,1,1,F,NA,0.866,741.2832
ITA,2004,1.3070015419,1,1,F,NA,0.874,770.6822
ITA,2005,1.2602637326,F,1,1,NA,0.876,826.8304
ITA,2014,1.3387292382,1,1,F,43,0.89,1145.3717
ITA,2006,1.2346565352,1,1,F,NA,0.881,873.3274
ITA,2007,1.264982183,1,1,F,NA,0.885,924.9718
ITA,2015,1.3330407162,1,1,F,44,0.889,1177.9429
ITA,2018,1.3193232348,1,1,F,52,0.902,1225.1932
ITA,2019,1.3287691858,1,1,F,53,0.906,1308.0989
ITA,2020,1.3262865808,1,1,F,53,0.899,1451.9395
ITA,2021,1.3320307138,1,1,F,56,0.908,1570.6466
ITA,2022,1.2882891795,1,1,F,56,0.905,1534.9943
ITA,2008,1.2634543297,1,2,F,NA,0.885,952.7897
ITA,2009,1.2730008253,1,2,F,NA,0.884,982.1431
ITA,2010,1.2891076548,1,2,F,NA,0.887,982.5686
ITA,2012,1.352098508,2,1,F,42,0.887,1065.4456
ITA,2013,1.3625512975,1,1,F,43,0.887,1117.2047
ITA,2023,1.291132855,1,1,F,56,0.915,NA
ITA,2024,1.2703379506796635,1,1,F,54,NA,NA
ITA,2011,1.3335934369,1,1,F,NA,0.89,1008.2463
ITA,2016,1.2967734823,1,1,F,47,0.894,1177.6348
ITA,2017,1.3156740088,1,1,F,50,0.897,1201.9059
PRT,2005,0.2806709098,F,1,1,NA,0.81,567.54956
PRT,2007,0.4327345133,1,1,F,NA,0.821,728.3189
PRT,2006,0.284628152,1,1,F,NA,0.815,690.41925
PRT,2008,0.4180883998,1,1,F,NA,0.826,828.9518
PRT,2000,0.1657388881,1,1,F,NA,0.797,323.47647
PRT,2003,0.1191156839,1,1,F,NA,0.808,446.70618
PRT,2004,0.1991302939,1,1,F,NA,0.809,498.94977
PRT,2022,0.5537218517,1,1,F,62,0.883,1880.5957
PRT,2023,0.5704844509,1,1,F,61,0.89,NA
PRT,2024,0.5800747817685353,1,1,F,57,NA,NA
PRT,1999,0.0789285725,1,1,F,NA,0.793,306.23633
PRT,2001,0.1488035309,1,1,F,NA,0.801,368.84903
PRT,2009,0.4055756592,1,1,F,NA,0.831,904.61176
PRT,2010,0.3938348421,1,1,F,NA,0.836,1005.61426
PRT,2011,0.4437643964,1,1,F,NA,0.843,1128.6556
PRT,2012,0.4699739146,1,1,F,63,0.844,1236.5186
PRT,2016,0.445718487,1,1,F,62,0.859,1394.5094
PRT,2021,0.5521905336,1,1,F,62,0.876,1891.5981
PRT,1998,0.0717717482,1,1,F,NA,0.795,279.5379
PRT,2002,0.0846644525,1,1,F,NA,0.804,389.52145
PRT,2013,0.4344416062,1,1,F,62,0.849,1328.1886
PRT,2014,0.4701288218,1,1,F,63,0.854,1388.1304
PRT,2015,0.4618577248,1,1,F,64,0.857,1429.8302
PRT,2017,0.4194451411,1,1,F,63,0.864,1398.5223
PRT,2018,0.4450954691,1,1,F,64,0.866,1449.4902
PRT,2020,0.4803133021,1,1,F,61,0.87,1677.1394
PRT,2019,0.4433960251,1,1,F,62,0.872,1607.4409
SRB,2007,0.6298076594,3,2,F,NA,0.763,405.0922
SRB,2006,0.5512069254,3,2,F,NA,0.753,0
SRB,2008,0.6014229299,3,2,F,NA,0.773,424.0076
SRB,2023,0.7624828716,4,3,PF,36,0.833,NA
SRB,2024,0.7435048940042297,4,3,PF,35,NA,NA
SRB,2009,0.6118738512,2,2,F,NA,0.774,510.25247
SRB,2018,0.6407956047,3,3,PF,39,0.814,692.77454
SRB,2019,0.6478895312,4,3,PF,39,0.817,728.87384
SRB,2020,0.6996733852,4,3,PF,38,0.809,686.5682
SRB,2021,0.7793069241,4,3,PF,38,0.807,771.8464
SRB,2022,0.7376852235,4,3,PF,36,0.826,807.189
SRB,2010,0.5462523658,2,2,F,NA,0.775,558.5306
SRB,2016,0.5778422811,3,2,F,42,0.806,712.7601
SRB,2017,0.6077437754,3,2,F,41,0.808,700.4956
SRB,2011,0.5362198727,2,2,F,NA,0.785,666.0661
SRB,2012,0.5868350517,2,2,F,39,0.788,820.97235
SRB,2015,0.6074773863,2,2,F,40,0.802,689.90497
SRB,2013,0.6111946809,2,2,F,42,0.792,736.054
SRB,2014,0.6007168871,2,2,F,41,0.795,710.8036
SVN,2021,1.5458816326,1,2,F,57,0.924,2121.026
SVN,2022,1.5304364199,1,1,F,56,0.926,1928.7611
SVN,2018,1.5135479891,1,1,F,60,0.922,1634.828
SVN,2019,1.5110908165,1,1,F,60,0.923,1803.1637
SVN,2020,1.5050342447,1,1,F,60,0.918,1885.8135
SVN,2023,1.484300823,1,1,F,56,0.931,NA
SVN,2024,1.4348861453901491,1,1,F,60,NA,NA
SVN,2014,1.4241020973,1,1,F,58,0.907,1705.356
SVN,2015,1.4720346804,1,1,F,60,0.909,1745.8134
SVN,2016,1.4707289111,1,1,F,61,0.914,1666.276
SVN,2017,1.4872892289,1,1,F,61,0.918,1695.1849
SVN,2011,1.4345645187,1,1,F,NA,0.897,1783.6338
SVN,2012,1.4654243997,1,1,F,61,0.897,1731.4703
SVN,2013,1.4691477858,1,1,F,57,0.907,1734.9619
SVN,2006,1.2677791438,1,1,F,NA,0.883,1189.7245
SVN,2007,1.3235663191,1,1,F,NA,0.888,1362.7819
SVN,2009,1.3594053721,1,1,F,NA,0.894,1584.5316
SVN,2010,1.3633732083,1,1,F,NA,0.896,1576.7484
SVN,2003,1.2126990089,1,1,F,NA,0.865,1085.1953
SVN,2008,1.305802696,1,1,F,NA,0.894,1508.359
SVN,2002,1.1288981048,1,1,F,NA,0.855,905.92773
SVN,2005,1.255776874,F,1,1,NA,0.876,1181.32
SVN,1998,0.96176268090000006,1,2,F,NA,0.802,622.1548
SVN,2000,1.0670600986,1,2,F,NA,0.829,863.30054
SVN,2001,1.0936419174,1,2,F,NA,0.845,843.06696
SVN,2004,1.2786981183,1,1,F,NA,0.87,969.4233
SVN,1999,1.042472875,1,2,F,NA,0.82,718.844
AUT,2009,1.5921559207,1,1,F,NA,0.907,1315.7335
AUT,2006,1.536086021,1,1,F,NA,0.902,1116.9417
AUT,2007,1.5402597547,1,1,F,NA,0.905,1197.151
AUT,2008,1.5528661163,1,1,F,NA,0.907,1252.9393
AUT,2013,1.626298381,1,1,F,69,0.915,1464.0388
AUT,2023,1.5551126398,1,1,F,71,0.93,NA
AUT,1998,1.403341521,1,1,F,NA,0.87,780.0507
AUT,2000,1.4438501381,1,1,F,NA,0.879,825.63135
AUT,2002,1.5531468633,1,1,F,NA,0.887,928.686
AUT,2003,1.578424791,1,1,F,NA,0.889,981.6593
AUT,2004,1.6313140861,1,1,F,NA,0.895,998.22125
AUT,2005,1.5604292761,F,1,1,NA,0.898,1095.431
AUT,2011,1.6226717665,1,1,F,NA,0.915,1406.9747
AUT,2019,1.5723986485,1,1,F,77,0.928,1543.7156
AUT,2020,1.5723433613,1,1,F,76,0.925,1570.6654
AUT,2021,1.5608554228,1,1,F,74,0.93,1671.5028
AUT,2022,1.5613520538,1,1,F,71,0.927,1607.7549
AUT,2024,1.4974056914770417,1,1,F,67,NA,NA
AUT,1999,1.4307935066,1,1,F,NA,0.874,783.8358
AUT,2001,1.4902963919,1,1,F,NA,0.883,879.48303
AUT,2012,1.6114488088,1,1,F,69,0.916,1445.0454
AUT,2015,1.5427742521,1,1,F,76,0.919,1520.0205
AUT,2016,1.5474109802,1,1,F,75,0.921,1485.2722
AUT,2017,1.5533819426,1,1,F,75,0.922,1485.8961
AUT,2018,1.5386500394,1,1,F,76,0.925,1484.2213
AUT,2010,1.5781388541,1,1,F,NA,0.912,1340.5463
AUT,2014,1.5432474967,1,1,F,72,0.919,1478.1458
BEL,1999,1.2924236644,1,2,F,NA,0.889,904.0232
BEL,2000,1.330118754,1,2,F,NA,0.894,935.7902
BEL,2001,1.3786700927,1,2,F,NA,0.899,967.37976
BEL,2002,1.3844681781,1,1,F,NA,0.901,991.2981
BEL,2003,1.4415822354,1,1,F,NA,0.903,1048.913
BEL,2004,1.4638757113,1,1,F,NA,0.909,1106.9377
BEL,2005,1.4267328434,F,1,1,NA,0.911,1218.3038
BEL,2006,1.3502106284,1,1,F,NA,0.913,1233.8501
BEL,2007,1.3266796397,1,1,F,NA,0.916,1282.0416
BEL,2009,1.3713433068,1,1,F,NA,0.919,1370.7831
BEL,2008,1.3386876318,1,1,F,NA,0.917,1338.2583
BEL,2010,1.3357392441,1,1,F,NA,0.921,1384.0779
BEL,2015,1.3549808712,1,1,F,77,0.933,1483.963
BEL,2016,1.3487749626,1,1,F,77,0.936,1481.9464
BEL,2017,1.349807785,1,1,F,75,0.94,1433.4694
BEL,2014,1.3282752648,1,1,F,76,0.93,1506.6556
BEL,2011,1.3502369272,1,1,F,NA,0.923,1411.7329
BEL,2018,1.3058882601,1,1,F,75,0.942,1446.5626
BEL,2020,1.3068086869,1,1,F,76,0.939,1468.7627
BEL,2021,1.2524198837,1,1,F,73,0.948,1581.1559
BEL,2012,1.3422936187,1,1,F,75,0.923,1470.0585
BEL,2013,1.3548638889,1,1,F,75,0.925,1486.6335
BEL,2019,1.2866502628,1,1,F,75,0.945,1448.7673
BEL,2022,1.224421067,1,1,F,73,0.945,1507.8754
BEL,2023,1.2254345369,1,1,F,73,0.951,NA
BEL,2024,1.1903275398409447,1,1,F,69,NA,NA
CHE,2002,1.9100313297,1,1,F,NA,0.896,1713.0093
CHE,2012,1.9569912149,1,1,F,86,0.949,2621.4272
CHE,2013,1.9523694268,1,1,F,85,0.952,2670.1553
CHE,2014,1.9132592605,1,1,F,86,0.956,2707.0352
CHE,2015,1.9403384077,1,1,F,86,0.957,2681.247
CHE,2016,1.9766703791,1,1,F,86,0.959,2675.2903
CHE,2017,1.9954285231,1,1,F,85,0.96,2726.592
CHE,2018,2.0297504137,1,1,F,85,0.962,2671.951
CHE,2019,1.9919414364,1,1,F,85,0.965,2691.0457
CHE,1998,1.698314878,1,1,F,NA,0.886,1685.7748
CHE,1999,1.722918102,1,1,F,NA,0.889,1674.7502
CHE,2003,1.9163011096,1,1,F,NA,0.901,1812.4402
CHE,2004,1.9017840206,1,1,F,NA,0.906,1932.2294
CHE,2005,1.8450639675,F,1,1,NA,0.909,2099.5386
CHE,2006,1.7886186373,1,1,F,NA,0.918,2225.8252
CHE,2007,1.7146662718,1,1,F,NA,0.926,2259.7769
CHE,2008,1.7828244579,1,1,F,NA,0.934,2290.611
CHE,2009,1.7928740612,1,1,F,NA,0.942,2331.8135
CHE,2010,1.8281212256,1,1,F,NA,0.945,2414.672
CHE,2011,1.8916566601,1,1,F,NA,0.946,2519.4727
CHE,2020,2.0066242211,1,1,F,85,0.963,2738.6318
CHE,2021,1.9816651062,1,1,F,84,0.968,2881.0476
CHE,2022,1.9725435134,1,1,F,82,0.966,2762.644
CHE,2023,1.9643178931,1,1,F,82,0.97,NA
CHE,2024,1.9677294524099607,1,1,F,81,NA,NA
CHE,2000,1.7261183433,1,1,F,NA,0.892,1756.8193
CHE,2001,1.8123728714,1,1,F,NA,0.895,1700.9556
DEU,1998,1.7055039176,1,2,F,NA,0.887,846.4392
DEU,1999,1.7785267546,1,2,F,NA,0.892,822.57886
DEU,2000,1.7776955453,1,2,F,NA,0.897,848.2822
DEU,2001,1.8525869143,1,2,F,NA,0.904,868.6226
DEU,2003,1.9595523756,1,1,F,NA,0.914,900.47424
DEU,2004,2.0175624603,1,1,F,NA,0.923,935.69525
DEU,2005,1.9312193459,F,1,1,NA,0.923,1032.2338
DEU,2006,1.857150266,1,1,F,NA,0.927,1057.8854
DEU,2007,1.7981659397,1,1,F,NA,0.931,1096.4264
DEU,2008,1.8357210312,1,1,F,NA,0.933,1136.8098
DEU,2009,1.8698763358,1,1,F,NA,0.933,1177.0117
DEU,2010,1.8727392453,1,1,F,NA,0.936,1204.6443
DEU,2011,1.8999365862,1,1,F,NA,0.942,1261.1432
DEU,2002,1.9033832624,1,1,F,NA,0.909,872.7805
DEU,2012,1.8901146663,1,1,F,79,0.944,1313.4963
DEU,2013,1.8915777251,1,1,F,78,0.945,1315.8577
DEU,2014,1.8350488775,1,1,F,79,0.949,1335.0814
DEU,2015,1.872791999,1,1,F,81,0.948,1327.9934
DEU,2016,1.8874083441,1,1,F,81,0.949,1344.5941
DEU,2017,1.9163023567,1,1,F,81,0.951,1348.0602
DEU,2018,1.8888090078,1,1,F,80,0.952,1342.5859
DEU,2019,1.894856133,1,1,F,80,0.957,1365.8396
DEU,2020,1.910489884,1,1,F,80,0.955,1348.9452000000001
DEU,2021,1.864986966,1,1,F,80,0.958,1437.6112
DEU,2022,1.8158746611,1,1,F,79,0.955,1370.2728
DEU,2023,1.7922192316,1,1,F,78,0.959,NA
DEU,2024,1.7402302570466621,1,1,F,75,NA,NA
FRA,1998,1.4078534281,1,2,F,NA,0.851,825.2498
FRA,1999,1.4331964417,1,2,F,NA,0.856,813.3723
FRA,2001,1.5147291491,1,2,F,NA,0.855,827.8735
FRA,2000,1.4400947504,1,2,F,NA,0.852,820.88116
FRA,2002,1.5203700803,1,1,F,NA,0.858,833.08826
FRA,2003,1.554475742,1,1,F,NA,0.862,852.7077
FRA,2004,1.5931848619,1,1,F,NA,0.869,882.8765
FRA,2005,1.5124145326,F,1,1,NA,0.877,948.8262
FRA,2006,1.4404959243,1,1,F,NA,0.881,988.0551
FRA,2007,1.3871812411,1,1,F,NA,0.884,996.07074
FRA,2008,1.4384152241,1,1,F,NA,0.884,1038.2793
FRA,2009,1.4556219508,1,1,F,NA,0.883,1059.3474
FRA,2010,1.4876989303000001,1,1,F,NA,0.888,1061.0002
FRA,2011,1.4988468989,1,1,F,NA,0.892,1082.0446
FRA,2012,1.493707009,1,1,F,71,0.893,1103.1562
FRA,2013,1.4935517378,1,1,F,71,0.896,1112.9982
FRA,2014,1.4195942116,1,1,F,69,0.9,1105.5945
FRA,2015,1.4103016544,1,1,F,70,0.901,1092.934
FRA,2016,1.3872584107000001,1,2,F,69,0.905,1078.6459
FRA,2017,1.3994639023,1,2,F,70,0.908,1056.5153
FRA,2018,1.3925746765,1,2,F,72,0.911,1030.908
FRA,2019,1.4227239477,1,2,F,69,0.914,1013.53534
FRA,2020,1.4082368269,1,2,F,69,0.909,999.39624
FRA,2021,1.3797830805,1,2,F,71,0.915,1024.0017
FRA,2022,1.3483370993,1,2,F,72,0.916,966.3261
FRA,2023,1.3398349589,1,2,F,71,0.92,NA
FRA,2024,1.3168030502186538,1,2,F,67,NA,NA
NLD,1998,1.237029557,1,1,F,NA,0.893,1195.5243
NLD,2000,1.2756824888,1,1,F,NA,0.9,1184.5929
NLD,2001,1.371636287,1,1,F,NA,0.902,1169.6884
NLD,2002,1.3673028311,1,1,F,NA,0.898,1215.3815
NLD,2003,1.3379673362,1,1,F,NA,0.901,1249.0363
NLD,1999,1.2563930483,1,1,F,NA,0.894,1122.662
NLD,2004,1.3218253746,1,1,F,NA,0.904,1333.8107
NLD,2005,1.2887952481,F,1,1,NA,0.907,1496.3987
NLD,2006,1.2560385961,1,1,F,NA,0.914,1532.7527
NLD,2008,1.2639965704,1,1,F,NA,0.92,1629.2906
NLD,2007,1.2294916551,1,1,F,NA,0.92,1576.0103
NLD,2009,1.2548825358,1,1,F,NA,0.92,1739.085
NLD,2010,1.2246666801,1,1,F,NA,0.925,1769.4458
NLD,2011,1.2164392334,1,1,F,NA,0.935,1810.8846
NLD,2012,1.240273686,1,1,F,84,0.935,1852.105
NLD,2013,1.2017906609,1,1,F,83,0.937,1881.7161
NLD,2014,1.1867366729,1,1,F,83,0.939,1893.8336
NLD,2015,1.1742649376,1,1,F,84,0.94,1873.9548
NLD,2016,1.1803587337,1,1,F,83,0.941,1849.4186
NLD,2017,1.1627463824,1,1,F,82,0.945,1847.116
NLD,2018,1.1247052556,1,1,F,82,0.947,1862.4565
NLD,2019,1.1260280087,1,1,F,82,0.95,1861.207
NLD,2020,1.108663396,1,1,F,82,0.945,1895.5255
NLD,2021,1.0943032306,1,1,F,82,0.951,1992.4333
NLD,2022,1.110282447,1,1,F,80,0.953,1938.3767
NLD,2024,1.0888017406508477,1,1,F,78,NA,NA
NLD,2023,1.0791804083,1,1,F,79,0.955,NA
CUB,2006,0.4293051229,7,7,NF,NA,0.766,108.612366
CUB,2005,0.1844602404,NF,7,7,NA,0.747,85.86152
CUB,1999,1.79746e-4,7,7,NF,NA,0.69,85.746056
CUB,2007,0.3101825032,7,7,NF,NA,0.78,97.145706
CUB,2004,0.0178609977,7,7,NF,NA,0.734,70.263115
CUB,2008,0.1898944295,7,6,NF,NA,0.788,103.04327
CUB,2000,-0.2289028207,7,7,NF,NA,0.697,86.10052
CUB,2001,-0.2239488814,7,7,NF,NA,0.705,90.07521
CUB,2018,0.0304914384,7,6,NF,47,0.769,104.0267
CUB,2002,-0.3583803256,7,7,NF,NA,0.711,85.34798
CUB,2003,-0.2868777844,7,7,NF,NA,0.721,70.76393
CUB,2017,0.0562232318,7,6,NF,47,0.767,100.87725
CUB,2019,-0.1142707297,7,6,NF,48,0.769,99.61218
CUB,2009,-0.141130661,7,6,NF,NA,0.788,125.67201
CUB,2013,-0.0957248887,7,6,NF,46,0.771,138.9845
CUB,2016,-0.1259961818,7,6,NF,47,0.767,102.82086
CUB,2014,-0.0816510252,7,6,NF,46,0.77,130.39955
CUB,2010,-0.1708543118,7,6,NF,NA,0.783,114.51918
CUB,2011,-0.1706025004,7,6,NF,NA,0.781,134.5565
CUB,2012,-0.1686582669,7,6,NF,48,0.777,135.06294
CUB,2020,-0.2778125726,7,6,NF,47,0.762,122.23665
CUB,2015,-0.2247797775,7,6,NF,47,0.769,119.05563
CUB,2021,-0.3188449802,7,6,NF,46,0.745,137.77081
CUB,2022,-0.4190880066,7,6,NF,45,0.764,111.89151
CUB,2023,-0.4236671705,7,6,NF,42,0.762,NA
DOM,2024,0.05441168181866479,3,3,PF,36,NA,NA
DOM,2022,0.0255468917,3,3,PF,32,0.778,9.778523
DOM,2023,0.0395699701,3,3,PF,35,0.776,NA
DOM,2021,-0.0291655323,3,3,PF,30,0.762,10.088573
DOM,2019,-0.1529779376,3,3,PF,28,0.771,6.5274205
DOM,2020,-0.1823248113,3,3,PF,28,0.767,8.253772
DOM,2012,-0.2228709061,2,2,F,32,0.727,2.5470657
DOM,2010,-0.2420945063,2,2,F,NA,0.715,1.7576061
DOM,2013,-0.2536225723,2,3,F,29,0.731,3.9945722
DOM,2016,-0.2232108454,3,3,PF,31,0.766,3.4554558
DOM,2018,-0.2086123473,3,3,PF,30,0.773,5.098287
DOM,1998,-0.9524764118,2,3,F,NA,0.645,1.2009103
DOM,2005,-0.5249035029,F,2,2,NA,0.683,1.5046015
DOM,2009,-0.2781291491,2,2,F,NA,0.707,1.5945928
DOM,2015,-0.1987166796,3,3,PF,33,0.747,3.3215685
DOM,2004,-0.5581116237,2,2,F,NA,0.673,1.5090789
DOM,2011,-0.2148229679,2,2,F,NA,0.721,1.9496017
DOM,2017,-0.2257381999,3,3,PF,29,0.77,4.5467997
DOM,2006,-0.4785780616,2,2,F,NA,0.691,1.9376562
DOM,2014,-0.213116307,2,3,F,32,0.737,4.112247
DOM,1999,-0.9311757577,2,3,F,NA,0.652,1.2621049
DOM,2000,-0.7902450636,2,2,F,NA,0.658,1.5493599
DOM,2008,-0.3158384442,2,2,F,NA,0.704,1.7256634
DOM,2001,-0.7267040164,2,2,F,NA,0.663,0.933456
DOM,2003,-0.6701110966,3,2,F,NA,0.67,1.2838757
DOM,2007,-0.3883445402,2,2,F,NA,0.698,2.2335835
DOM,2002,-0.7407650297,2,2,F,NA,0.668,0.95569086
JAM,2011,-0.1556846127,2,3,F,NA,0.711,72.28779
JAM,2012,-0.1642273662,2,3,F,38,0.711,74.649315
JAM,2023,-0.144593466,2,2,F,44,0.72,NA
JAM,2024,-0.12941041203757103,2,2,F,44,NA,NA
JAM,2013,-0.1760468027,2,3,F,38,0.711,72.35727
JAM,2017,-0.2072777984,2,3,F,44,0.715,59.852318
JAM,2021,-0.2411699282,2,2,F,44,0.703,74.78287
JAM,1999,-0.8870724679,2,2,F,NA,0.662,43.76408
JAM,2014,-0.2025421528,2,3,F,38,0.712,74.69175
JAM,2009,-0.3203138831,2,3,F,NA,0.711,75.60481
JAM,2010,-0.3451185715,2,3,F,NA,0.708,63.298412
JAM,2015,-0.2044363119,2,3,F,41,0.713,55.39986
JAM,2019,-0.2985101958,2,2,F,43,0.716,54.149956
JAM,1998,-1.0007553921,2,2,F,NA,0.662,37.256744
JAM,2006,-0.5487999964,2,3,F,NA,0.696,53.388264
JAM,2018,-0.3130711981,2,2,F,44,0.715,70.139435
JAM,2000,-0.8938796869,2,2,F,NA,0.659,41.04952
JAM,2002,-0.7054480997,2,3,F,NA,0.672,56.018166
JAM,2007,-0.4177514276,2,3,F,NA,0.704,64.297295
JAM,2008,-0.3744782102,2,3,F,NA,0.711,81.236115
JAM,2020,-0.3942246851,2,2,F,44,0.711,60.835705
JAM,2005,-0.6694300901,F,2,3,NA,0.687,54.014305
JAM,2001,-0.7921146891,2,3,F,NA,0.668,57.788383
JAM,2004,-0.6738068187,2,3,F,NA,0.684,63.16085
JAM,2003,-0.8308762259,2,3,F,NA,0.668,53.270638
CRI,2024,0.3394108333350809,1,1,F,58,NA,NA
CRI,2023,0.3419471826,1,1,F,55,0.833,NA
CRI,2016,0.3333389379,1,1,F,58,0.805,87.42555
CRI,2021,0.2972590132,1,1,F,58,0.817,148.82051
CRI,2022,0.3385055457,1,1,F,54,0.823,139.98286
CRI,2003,-0.0358401295,1,2,F,NA,0.736,37.32739
CRI,2017,0.2727340024,1,1,F,59,0.809,98.4475
CRI,2019,0.2517915743,1,1,F,56,0.821,126.3993
CRI,2020,0.2644256782,1,1,F,57,0.819,139.50046
CRI,2000,-0.1290142223,1,2,F,NA,0.72,30.939075
CRI,2018,0.2124973518,1,1,F,56,0.813,109.39892999999999
CRI,2002,-0.0718031805,1,2,F,NA,0.73,39.7649
CRI,2015,0.289807442,1,1,F,55,0.803,75.36055
CRI,2001,-0.0474238253,1,2,F,NA,0.726,42.180653
CRI,1998,-0.2543485101,1,2,F,NA,0.714,41.712067
CRI,2005,-0.0849266562,F,1,1,NA,0.748,51.503788
CRI,2008,0.1192191517,1,1,F,NA,0.769,55.573624
CRI,1999,-0.2185386496,1,2,F,NA,0.717,32.896603
CRI,2004,-0.1113266755,1,1,F,NA,0.741,52.203793
CRI,2007,0.1267321358,1,1,F,NA,0.76,53.152245
CRI,2014,0.141052213,1,1,F,54,0.802,76.64797
CRI,2006,-0.0340305635,1,1,F,NA,0.755,52.483723
CRI,2013,0.0830557592,1,1,F,53,0.795,58.40573
CRI,2012,0.0142052312,1,1,F,54,0.789,66.83199
CRI,2009,0.0024628812,1,1,F,NA,0.773,55.751476
CRI,2011,-0.0735341249,1,1,F,NA,0.783,57.80036
CRI,2010,-0.1298927088,1,1,F,NA,0.776,59.805153
GTM,1998,-0.5432472603,3,4,PF,NA,0.548,2.6833298
GTM,2000,-0.5429640886,3,4,PF,NA,0.563,2.0628176
GTM,1999,-0.5910991575,3,4,PF,NA,0.556,2.6026518
GTM,2001,-0.6311452028,3,4,PF,NA,0.567,1.991742
GTM,2023,-0.209816321,5,4,PF,23,0.662,NA
GTM,2024,-0.21133844791275985,4,4,PF,25,NA,NA
GTM,2004,-0.5690647525,4,4,PF,NA,0.58,2.2291796
GTM,2002,-0.646558872,4,4,PF,NA,0.572,1.9531449
GTM,2003,-0.6106925428,4,4,PF,NA,0.577,2.1323915
GTM,2005,-0.601853014,PF,4,4,NA,0.583,3.5720756
GTM,2019,-0.3958323406,4,4,PF,26,0.653,5.5613365
GTM,2022,-0.3104469093,4,4,PF,24,0.655,6.800809
GTM,2016,-0.4043981512,4,4,PF,28,0.642,5.62735
GTM,2021,-0.3226221671,4,4,PF,25,0.639,7.0476995
GTM,2018,-0.4180396108,4,4,PF,27,0.649,6.3369346
GTM,2007,-0.4213418853,3,4,PF,NA,0.601,2.348367
GTM,2008,-0.3918858596,3,4,PF,NA,0.609,2.5998957
GTM,2017,-0.4223584739,4,4,PF,28,0.647,6.369755
GTM,2020,-0.4314192496,4,4,PF,25,0.645,7.133588
GTM,2006,-0.5946030855,3,4,PF,NA,0.59,2.7282672
GTM,2009,-0.4735753749,4,4,PF,NA,0.616,3.923855
GTM,2015,-0.3909466889,4,4,PF,28,0.638,5.3651004
GTM,2012,-0.5407624863,3,4,PF,33,0.631,4.476579
GTM,2014,-0.4337008543,3,4,PF,32,0.65,4.021241
GTM,2010,-0.5299606103,4,4,PF,NA,0.623,3.5861793
GTM,2011,-0.583823703,3,4,PF,NA,0.628,3.0009208
GTM,2013,-0.5830312755,3,4,PF,29,0.633,4.7428613
HND,1998,-0.9825494694,2,3,F,NA,0.529,1.8606349
HND,1999,-1.0366795863,3,3,PF,NA,0.552,2.9779096
HND,2000,-1.0007457488,3,3,PF,NA,0.558,1.9565892
HND,2016,-0.5549352404,4,4,PF,30,0.616,3.4677732
HND,2024,-0.4860719459256023,4,4,PF,22,NA,NA
HND,2021,-0.5986519631,4,4,PF,23,0.628,10.950568
HND,2001,-1.087697389,3,3,PF,NA,0.561,1.1393915
HND,2018,-0.62295969,4,4,PF,29,0.619,4.7863793
HND,2019,-0.6366256282,4,4,PF,26,0.632,7.851255
HND,2022,-0.603623379,4,4,PF,23,0.643,15.212341
HND,2023,-0.5266820071,4,4,PF,23,0.645,NA
HND,2002,-1.1971696206,3,3,PF,NA,0.564,1.4786294
HND,2003,-1.1798122789,3,3,PF,NA,0.568,1.4397659
HND,2020,-0.6762786766,4,5,PF,24,0.625,11.358111
HND,2014,-0.5535023454,4,4,PF,29,0.604,2.798153
HND,2015,-0.5622691781,4,4,PF,31,0.61,3.3472967
HND,2004,-1.1109156758,3,3,PF,NA,0.573,1.8413496
HND,2017,-0.6752285553,4,4,PF,29,0.618,4.7496195
HND,2012,-0.7268416456,4,4,PF,28,0.597,3.0315285
HND,2013,-0.7244631683,4,4,PF,26,0.601,2.1992786
HND,2005,-1.1198596324,PF,3,3,NA,0.578,1.8653835
HND,2007,-0.8391609907,3,3,PF,NA,0.587,1.540563
HND,2010,-0.8495332,4,4,PF,NA,0.596,2.6249485
HND,2008,-0.8008227587,3,3,PF,NA,0.592,2.2052803
HND,2006,-1.141405369,3,3,PF,NA,0.582,1.4758062
HND,2009,-0.8642643257,4,4,PF,NA,0.594,2.017119
HND,2011,-0.8577350269,4,4,PF,NA,0.598,2.2363813
MEX,2018,1.1601017615,3,3,PF,28,0.785,137.92743
MEX,2019,1.1491824228,3,3,PF,29,0.788,151.01161
MEX,2020,1.1426781866,3,4,PF,31,0.763,160.59488
MEX,2024,1.1081898310159342,3,4,PF,26,NA,NA
MEX,2014,1.1230684853,3,3,PF,35,0.769,118.27614
MEX,2015,1.1464880927,3,3,PF,31,0.773,120.343704
MEX,2016,1.1284941201,3,3,PF,30,0.778,124.290245
MEX,2017,1.1448094609,3,3,PF,29,0.781,131.10156
MEX,2021,1.1368244704,3,4,PF,31,0.761,170.42065
MEX,2010,0.9915123629,3,3,PF,NA,0.751,98.961754
MEX,2011,1.0421652005,3,3,PF,NA,0.757,101.97364
MEX,2012,1.0571073198,3,3,PF,34,0.764,107.88352
MEX,2013,1.057158242,3,3,PF,34,0.765,111.4281
MEX,2023,1.0872195111,3,4,PF,31,0.789,NA
MEX,2003,0.7312892989,2,2,F,NA,0.728,65.11242
MEX,2004,0.8068010378,2,2,F,NA,0.732,69.94024
MEX,2008,0.9332610293,2,3,F,NA,0.75,93.80699
MEX,2009,0.9462226912,2,3,F,NA,0.749,94.929695
MEX,2022,1.0883429177,3,4,PF,31,0.783,163.4911
MEX,2006,0.8040125207,2,3,F,NA,0.745,87.98897
MEX,2007,0.8876921777,2,3,F,NA,0.747,88.1329
MEX,2002,0.6345597003,2,2,F,NA,0.722,58.71345
MEX,2005,0.7613465467,F,2,2,NA,0.736,78.48012
MEX,2001,0.5838042752,2,3,F,NA,0.715,54.291496
MEX,2000,0.4705667986,2,3,F,NA,0.712,50.970467
MEX,1999,0.3787103487,3,4,PF,NA,0.706,50.183642999999996
MEX,1998,0.3288809293,3,4,PF,NA,0.701,48.72088
NIC,2006,-1.1220602384,3,3,PF,NA,0.636,6.233789
NIC,2007,-0.9259821512,3,3,PF,NA,0.642,4.092961
NIC,2008,-0.9905944342,4,3,PF,NA,0.646,4.911601
NIC,2009,-1.0756953139,4,4,PF,NA,0.646,4.9428973
NIC,2010,-1.164756676,4,4,PF,NA,0.651,5.3089786
NIC,2024,-0.9553781044213706,7,6,NF,14,NA,NA
NIC,2012,-1.0742789859,5,4,PF,29,0.664,5.3429027
NIC,2019,-1.0842417271,6,5,NF,22,0.69,5.529287
NIC,2021,-1.0691307446,7,5,NF,20,0.682,6.85655
NIC,2020,-1.1112471494,6,5,NF,22,0.676,5.9723387
NIC,2023,-0.9963415551,7,6,NF,17,0.706,NA
NIC,2022,-1.0396316612,7,6,NF,19,0.701,6.1583915
NIC,2011,-1.1762363587,5,4,PF,NA,0.657,5.2310934
NIC,2013,-1.1310197968,4,3,PF,28,0.668,4.8396974
NIC,2018,-1.1200572135,6,5,NF,25,0.69,6.7233534
NIC,2014,-1.0712008897,4,3,PF,28,0.674,5.5320277
NIC,2015,-1.1192993158,4,3,PF,27,0.679,4.458959
NIC,2016,-1.2039597708,5,4,PF,26,0.684,6.060007
NIC,2017,-1.1813237075,5,4,PF,26,0.688,6.714447
PAN,2012,0.3189382791,1,2,F,38,0.798,41.45235
PAN,2013,0.285007572,2,2,F,35,0.799,40.61611
PAN,2021,0.2325479607,2,2,F,36,0.819,66.797
PAN,2014,0.2768506018,2,2,F,37,0.798,42.78152
PAN,2015,0.2389854108,2,2,F,39,0.803,41.507206
PAN,2011,0.1614809191,1,2,F,NA,0.781,35.240242
PAN,2016,0.1843190318,2,2,F,38,0.81,38.41566
PAN,2020,0.1578275276,2,2,F,35,0.808,61.719986
PAN,2010,0.0495201762,1,2,F,NA,0.775,32.72946
PAN,2018,0.1350266607,1,2,F,37,0.82,42.18232
PAN,2019,0.0813858261,1,2,F,36,0.824,61.79895
PAN,1998,-0.3778918712,2,3,F,NA,0.707,16.987373
PAN,2008,0.0598805344,1,2,F,NA,0.767,33.82231
PAN,2017,0.13197526,2,2,F,37,0.815,42.93793
PAN,2022,0.0842849238,2,2,F,36,0.835,85.466805
PAN,2007,0.0372693253,1,2,F,NA,0.763,29.152084
PAN,2009,0.0185304326,1,2,F,NA,0.77,33.312935
PAN,1999,-0.3650540307,1,2,F,NA,0.712,17.128405
PAN,2004,-0.3320944326,1,2,F,NA,0.741,20.103624
PAN,2000,-0.31166297590000003,1,2,F,NA,0.718,14.200917
PAN,2001,-0.2869638049,1,2,F,NA,0.723,19.299328
PAN,2002,-0.3873519044,1,2,F,NA,0.73,16.166328
PAN,2003,-0.4068301792,1,2,F,NA,0.735,20.25828
PAN,2006,-0.2227879391,1,2,F,NA,0.753,24.749453
PAN,2024,-0.09088238139485945,2,2,F,33,NA,NA
PAN,2005,-0.3511084729,F,1,2,NA,0.746,24.026373
PAN,2023,-0.1361490871,2,2,F,35,0.839,NA
SLV,1998,-0.4270043727,2,3,F,NA,0.594,0.36389726
SLV,1999,-0.3358424926,2,3,F,NA,0.598,0.8099562
SLV,2000,-0.3572323641,2,3,F,NA,0.607,0.49635175
SLV,2019,-0.1216868048,2,4,PF,34,0.67,4.1544003
SLV,2023,0.0011772408,4,4,PF,31,0.678,NA
SLV,2024,-0.006882294941329217,5,4,PF,30,NA,NA
SLV,2002,-0.4593713425,2,3,F,NA,0.621,2.3017955
SLV,2021,-0.0565710921,3,4,PF,34,0.663,5.3422575
SLV,2022,-0.0644434661,3,4,PF,33,0.674,8.724079
SLV,2001,-0.4249201052,2,3,F,NA,0.612,1.405817
SLV,2017,-0.0957182775,2,3,F,33,0.665,4.775061
SLV,2018,-0.1078185131,2,3,F,35,0.67,7.479332
SLV,2020,-0.1579833412,2,4,PF,36,0.66,3.0811558
SLV,2005,-0.4613505757,F,2,3,NA,0.642,2.4593804
SLV,2004,-0.5065064187,2,3,F,NA,0.636,3.0209813
SLV,2007,-0.258931747,2,3,F,NA,0.653,2.4759462
SLV,2016,-0.2133388349,2,3,F,36,0.666,4.6784286
SLV,2003,-0.5675966339,2,3,F,NA,0.628,1.1135933
SLV,2015,-0.19412537,2,3,F,39,0.667,3.9814506
SLV,2008,-0.2656708424,2,3,F,NA,0.653,3.3486493
SLV,2014,-0.1921283724,2,3,F,39,0.668,3.065088
SLV,2006,-0.4494322977,2,3,F,NA,0.647,3.2054276
SLV,2009,-0.3489154329,2,3,F,NA,0.653,2.4982312
SLV,2013,-0.3295068396,2,3,F,38,0.668,2.5069888
SLV,2010,-0.3819687422,2,3,F,NA,0.66,3.307379
SLV,2011,-0.3699421968,2,3,F,NA,0.662,2.8751454
SLV,2012,-0.3189417783,2,3,F,38,0.666,3.2499316
CAN,1998,1.1347409037,1,1,F,NA,0.883,1098.2424
CAN,2000,1.0986260528,1,1,F,NA,0.894,1116.2378
CAN,2001,1.1139547156,1,1,F,NA,0.897,1084.865
CAN,1999,1.0727415878,1,1,F,NA,0.888,1068.82
CAN,2002,1.0994412652,1,1,F,NA,0.899,1162.6525
CAN,2003,1.0539721407,1,1,F,NA,0.902,1223.7405
CAN,2004,1.0476826882,1,1,F,NA,0.906,1334.8455
CAN,2005,0.987586186,F,1,1,NA,0.909,1483.8993
CAN,2006,0.9374094912,1,1,F,NA,0.913,1553.703
CAN,2008,0.9344613595,1,1,F,NA,0.916,1617.5634
CAN,2009,0.9474636849,1,1,F,NA,0.915,1661.5095
CAN,2007,0.930040932,1,1,F,NA,0.914,1580.4579
CAN,2011,0.9508571731,1,1,F,NA,0.921,1680.7495
CAN,2012,0.96417249,1,1,F,84,0.927,1721.5709
CAN,2013,0.9671362029,1,1,F,81,0.93,1712.4609
CAN,2014,0.9321958764,1,1,F,81,0.932,1717.5269
CAN,2015,0.944847631,1,1,F,83,0.932,1719.4366
CAN,2016,0.8879912023,1,1,F,82,0.933,1698.221
CAN,2017,0.8997929679,1,1,F,82,0.935,1685.6351
CAN,2010,0.9142762053,1,1,F,NA,0.918,1670.1003
CAN,2019,0.9388195942,1,1,F,77,0.937,1715.8228
CAN,2020,0.9218902629,1,1,F,77,0.931,1717.9567
CAN,2018,0.9104778982,1,1,F,81,0.935,1716.859
CAN,2021,0.8933540615,1,1,F,74,0.937,1822.2913
CAN,2022,0.918370375,1,1,F,74,0.935,1773.474
CAN,2023,0.8980336541,1,1,F,76,0.939,NA
CAN,2024,0.8776372365094364,1,1,F,75,NA,NA
USA,1998,1.6595469112,1,1,F,NA,0.895,1096.9583
USA,1999,1.6637383151,1,1,F,NA,0.895,1064.1519
USA,2000,1.6674837777,1,1,F,NA,0.895,1086.1564
USA,2001,1.7364975523,1,1,F,NA,0.897,1076.3765
USA,2002,1.7476741297,1,1,F,NA,0.898,1115.8428
USA,2003,1.7371288843,1,1,F,NA,0.9,1159.8806
USA,2008,1.5764249978,1,1,F,NA,0.914,1312.9935
USA,2004,1.7430814997,1,1,F,NA,0.905,1230.6086
USA,2005,1.6739659734,F,1,1,NA,0.907,1321.0851
USA,2006,1.610594797,1,1,F,NA,0.911,1321.2689
USA,2007,1.5423437265,1,1,F,NA,0.914,1315.621
USA,2010,1.5964863893,1,1,F,NA,0.919,1337.2134
USA,2009,1.5767395027,1,1,F,NA,0.915,1316.9656
USA,2015,1.5915470989,1,1,F,76,0.928,1357.6378
USA,2012,1.6200886629,1,1,F,73,0.923,1368.471
USA,2013,1.6142044771,1,1,F,73,0.925,1364.0581
USA,2014,1.5760940719,1,1,F,74,0.926,1360.6956
USA,2016,1.5803589576,1,1,F,74,0.929,1348.9796
USA,2017,1.5801268209,2,1,F,75,0.931,1348.458
USA,2018,1.5467943791,2,1,F,71,0.934,1361.1085
USA,2011,1.599902232,1,1,F,NA,0.92,1368.7546
USA,2019,1.5642554826,2,1,F,69,0.936,1367.1844
USA,2020,1.5571417846,2,2,F,67,0.925,1380.029
USA,2023,1.4985359398,2,2,F,69,0.938,NA
USA,2024,1.489404898058022,2,2,F,65,NA,NA
USA,2021,1.4828025381,2,2,F,67,0.921,1422.61
USA,2022,1.4887750728,2,2,F,69,0.93,1369.1962
AUS,1998,0.5753044198,1,1,F,NA,0.891,1181.3173
AUS,1999,0.5541026564,1,1,F,NA,0.893,1180.4534
AUS,2000,0.5147946776,1,1,F,NA,0.897,1234.7566
AUS,2001,0.4797023233,1,1,F,NA,0.9,1243.5964
AUS,2002,0.3909026341,1,1,F,NA,0.902,1256.8375
AUS,2003,0.2431026034,1,1,F,NA,0.906,1312.1771
AUS,2004,0.2066444015,1,1,F,NA,0.91,1406.3904
AUS,2005,0.1697063184,F,1,1,NA,0.914,1585.7272
AUS,2008,0.1632349009,1,1,F,NA,0.924,1777.3828
AUS,2009,0.1179786781,1,1,F,NA,0.927,1822.6992
AUS,2006,0.1366434738,1,1,F,NA,0.917,1678.1656
AUS,2007,0.1380302161,1,1,F,NA,0.919,1743.6201
AUS,2010,-0.0132546736,1,1,F,NA,0.929,1910.7252
AUS,2011,-0.1132747162,1,1,F,NA,0.933,2031.0767
AUS,2012,-0.0987417749,1,1,F,85,0.938,2055.475
AUS,2015,-0.1202500403,1,1,F,79,0.938,2277.26
AUS,2013,-0.0981612395,1,1,F,81,0.935,2201.7
AUS,2016,-0.1315536462,1,1,F,79,0.939,2280.7664
AUS,2017,-0.1514103203,1,1,F,77,0.94,2245.3855
AUS,2014,-0.104723572,1,1,F,80,0.937,2251.4644
AUS,2019,-0.2130118594,1,1,F,77,0.947,2319.7422
AUS,2018,-0.2195610016,1,1,F,77,0.945,2270.9924
AUS,2020,-0.2959812964,1,1,F,77,0.95,2295.2288
AUS,2022,-0.2737847706,1,1,F,75,0.952,2394.623
AUS,2023,-0.2758042393,1,1,F,75,0.958,NA
AUS,2021,-0.3608182287,1,1,F,73,0.954,2412.8853
AUS,2024,-0.2842275121954991,1,1,F,77,NA,NA
NZL,1998,0.7570800104,1,1,F,NA,0.881,1077.4076
NZL,1999,0.7135740443,1,1,F,NA,0.886,1137.1803
NZL,2000,0.7119060377,1,1,F,NA,0.896,1121.0618
NZL,2001,0.751549325,1,1,F,NA,0.902,1137.1678
NZL,2002,0.6980888723,1,1,F,NA,0.905,1107.7499
NZL,2003,0.6192715082,1,1,F,NA,0.91,1122.9911
NZL,2004,0.6176576282,1,1,F,NA,0.912,1210.4465
NZL,2005,0.5878580444,F,1,1,NA,0.917,1317.9032
NZL,2006,0.6012446211,1,1,F,NA,0.918,1378.7985
NZL,2007,0.588839585,1,1,F,NA,0.921,1455.7081
NZL,2008,0.599804711,1,1,F,NA,0.92,1510.5122
NZL,2009,0.5613601139,1,1,F,NA,0.923,1553.3887
NZL,2015,0.5131305265,1,1,F,91,0.934,1712.2098
NZL,2010,0.4488342307,1,1,F,NA,0.926,1600.2483
NZL,2012,0.5513436065,1,1,F,90,0.929,1760.2664
NZL,2013,0.5511908371,1,1,F,91,0.933,1757.7429
NZL,2014,0.5074616412,1,1,F,91,0.932,1770.6852
NZL,2023,0.484932541,1,1,F,85,0.938,NA
NZL,2024,0.47729733959247533,1,1,F,83,NA,NA
NZL,2011,0.426927581,1,1,F,NA,0.927,1750.7572
NZL,2022,0.4652340438,1,1,F,87,0.933,1813.098
NZL,2016,0.3879786938,1,1,F,90,0.938,1740.2686
NZL,2019,0.447201307,1,1,F,87,0.938,1788.7814
NZL,2021,0.4533986025,1,1,F,88,0.939,1799.9487
NZL,2018,0.4040003958,1,1,F,87,0.938,1713.3495
NZL,2020,0.4690059943,1,1,F,88,0.94,1737.5344
NZL,2017,0.3272099827,1,1,F,89,0.936,1698.9634
PNG,1998,-1.4979522352,2,3,F,NA,0.446,14.317541
PNG,1999,-1.7188715249,2,3,F,NA,0.454,13.063311
PNG,2000,-1.8032182149,2,3,F,NA,0.456,11.601816
PNG,2002,-1.4828976405,2,3,F,NA,0.461,8.77616
PNG,2003,-1.4331424735,3,3,PF,NA,0.464,8.847163
PNG,2004,-1.2849999423,3,3,PF,NA,0.468,6.738262
PNG,2001,-1.7321249151,2,3,F,NA,0.458,13.314281
PNG,2005,-1.6464516038,PF,3,3,NA,0.473,5.700817
PNG,2006,-1.7383792898,3,3,PF,NA,0.479,7.242446
PNG,2007,-2.2620271357,3,3,PF,NA,0.485,8.725691
PNG,2008,-2.247360291,4,3,PF,NA,0.489,8.213836
PNG,2019,-1.4068558358,4,3,PF,28,0.566,7.3961835
PNG,2009,-2.2866449521,4,3,PF,NA,0.495,5.403407
PNG,2010,-2.2450082599,4,3,PF,NA,0.503,6.514685
PNG,2011,-1.8061658465,4,3,PF,NA,0.508,5.2930613
PNG,2022,-1.4567549333,4,3,PF,30,0.572,8.16707
PNG,2024,-1.5356442406881974,4,3,PF,31,NA,NA
PNG,2013,-1.4992212208,3,3,PF,25,0.522,6.4099646
PNG,2020,-1.3891472629,4,3,PF,27,0.567,6.1299467
PNG,2021,-1.4515975399,4,3,PF,31,0.567,8.353228
PNG,2012,-1.6487351913,4,3,PF,25,0.514,7.569242
PNG,2016,-1.8908196314,3,3,PF,28,0.55,6.6739435
PNG,2023,-1.6328044195,4,3,PF,29,0.576,NA
PNG,2017,-1.9205471967,3,3,PF,29,0.555,6.754759
PNG,2014,-1.5894576589,4,3,PF,25,0.534,7.3796487
PNG,2018,-1.9293779253,4,3,PF,28,0.559,6.5101833
PNG,2015,-1.7839594905,4,3,PF,25,0.543,6.7434907
ARG,2001,0.4584315054,3,3,PF,NA,0.795,115.779144
ARG,1998,0.391834939,3,3,F,NA,0.772,102.4107
ARG,1999,0.3832617397,2,3,F,NA,0.783,109.19676
ARG,2000,0.3962126399,1,2,F,NA,0.789,113.71667
ARG,2002,0.3996085273,3,3,PF,NA,0.795,123.10307
ARG,2004,0.3148830098,2,2,F,NA,0.808,118.618866
ARG,2003,0.305166193,2,2,F,NA,0.804,116.718124
ARG,2005,0.3104680408,F,2,2,NA,0.812,124.51886
ARG,2006,0.3194852592,2,2,F,NA,0.822,140.68306
ARG,2009,0.4119540065,2,2,F,NA,0.835,166.91074
ARG,2008,0.3889881567,2,2,F,NA,0.833,154.10344
ARG,2007,0.3675783797,2,2,F,NA,0.825,142.01398
ARG,2012,0.3918285985,2,2,F,35,0.85,185.08542
ARG,2013,0.3895705556,2,2,F,34,0.852,186.58083
ARG,2014,0.4134284349,2,2,F,34,0.855,193.62186
ARG,2010,0.3336088672,2,2,F,NA,0.844,173.2593
ARG,2015,0.4182116997,2,2,F,32,0.859,193.0611
ARG,2011,0.2798771041,2,2,F,NA,0.852,182.72104
ARG,2017,0.2322690521,2,2,F,39,0.861,198.5595
ARG,2016,0.3049559798,2,2,F,36,0.857,195.94371
ARG,2019,0.2020146168,2,2,F,45,0.861,205.09094
ARG,2020,0.1591642047,2,2,F,42,0.851,221.26965
ARG,2018,0.1858581886,2,2,F,40,0.861,206.79642
ARG,2021,0.0548187423,2,2,F,38,0.847,220.26546
ARG,2022,0.0709320667,2,2,F,38,0.858,200.89409
ARG,2023,0.0426324658,2,2,F,37,0.865,NA
ARG,2024,0.009210185264536614,2,2,F,37,NA,NA
BOL,1999,-0.1429313485,1,3,F,NA,0.624,6.361848
BOL,2000,-0.2408881838,1,3,F,NA,0.63,4.394442
BOL,2001,-0.2472865472,1,3,F,NA,0.639,4.829347
BOL,2002,-0.5041906423,2,3,F,NA,0.642,5.23687
BOL,2003,-0.5913254506,3,3,PF,NA,0.645,5.6128254
BOL,2004,-0.8524516032,3,3,PF,NA,0.648,5.062858
BOL,2006,-0.8004182362,3,3,PF,NA,0.656,7.3222303
BOL,2005,-0.9182070381,PF,3,3,NA,0.658,6.8028708
BOL,2012,-0.5518773921,3,3,PF,34,0.685,8.187674
BOL,2007,-0.7153181403,3,3,PF,NA,0.664,8.873669
BOL,2013,-0.7179666297,3,3,PF,34,0.699,8.474523
BOL,2008,-0.7249860762,3,3,PF,NA,0.668,9.527089
BOL,2024,-0.6807681695509052,3,3,PF,28,NA,NA
BOL,2017,-0.8005012683,3,3,PF,33,0.715,8.162483
BOL,2009,-0.8493251175,3,3,PF,NA,0.671,8.524127
BOL,2014,-0.7022317787,3,3,PF,35,0.701,8.246006
BOL,2020,-0.9288687776,3,3,PF,31,0.697,15.101175
BOL,2010,-0.9893340574,3,3,PF,NA,0.677,7.800757
BOL,2015,-0.8375491889,3,3,PF,34,0.704,8.096449
BOL,2022,-0.8684239198,3,3,PF,31,0.727,15.568237
BOL,2021,-0.910397052,3,3,PF,30,0.693,14.767921
BOL,2016,-0.9237740253,3,3,PF,33,0.714,8.3032055
BOL,2018,-0.8554502246,3,3,PF,29,0.722,9.616481
BOL,2023,-0.8549213908,3,3,PF,29,0.733,NA
BOL,2019,-0.9801194941,3,3,PF,31,0.728,11.483641
BOL,2011,-1.0409070396,3,3,PF,NA,0.683,7.9699073
BRA,1998,0.7270000107,3,4,PF,NA,0.68,62.061134
BRA,1999,0.6640946164,3,4,PF,NA,0.684,66.556206
BRA,2000,0.6488500977,3,3,PF,NA,0.69,73.55756
BRA,2002,0.5922777518,2,3,F,NA,0.7,90.511284
BRA,2004,0.6295000118,2,3,F,NA,0.712,109.26813
BRA,2005,0.6548439776,F,2,2,NA,0.718,121.611626
BRA,2006,0.6805748508,2,2,F,NA,0.725,153.27927
BRA,2007,0.7340384891,2,2,F,NA,0.732,165.2249
BRA,2001,0.5759502122,3,3,PF,NA,0.694,78.92573
BRA,2003,0.6155897426,2,3,F,NA,0.705,98.16386
BRA,2008,0.7325379664,2,2,F,NA,0.739,186.87039
BRA,2011,0.6914634949,2,2,F,NA,0.753,226.1084
BRA,2009,0.6710346439,2,2,F,NA,0.742,200.49458
BRA,2010,0.6534941238,2,2,F,NA,0.748,215.58914
BRA,2012,0.7004580885,2,2,F,43,0.758,244.65207
BRA,2013,0.6897940504,2,2,F,42,0.762,252.91
BRA,2015,0.6533511775,2,2,F,38,0.764,265.2986
BRA,2014,0.6387671955,2,2,F,43,0.765,261.72375
BRA,2016,0.5524767951,2,2,F,40,0.765,274.18384
BRA,2017,0.5032094985,2,2,F,37,0.77,288.92053
BRA,2018,0.506175892,2,2,F,35,0.774,306.29736
BRA,2020,0.5045528405,2,3,F,38,0.77,337.82318
BRA,2019,0.4756342716,2,2,F,35,0.776,320.58047
BRA,2023,0.3140861461,2,3,F,36,0.786,NA
BRA,2024,0.21979261693749208,2,3,F,34,NA,NA
BRA,2021,0.2849478446,2,3,F,38,0.768,351.83603
BRA,2022,0.3323297766,2,3,F,38,0.78,318.72824
CHL,1998,0.2895827095,3,2,F,NA,0.759,90.31585
CHL,1999,0.1559984635,2,2,F,NA,0.766,97.8399
CHL,2000,0.1693746062,2,2,F,NA,0.771,100.12362
CHL,2001,0.1296092463,2,2,F,NA,0.778,104.9685
CHL,2002,-0.0436119741,2,1,F,NA,0.784,129.91737
CHL,2003,-0.142885259,1,1,F,NA,0.789,131.04852
CHL,2004,-0.2034197848,1,1,F,NA,0.797,138.88708
CHL,2005,-0.1923796564,F,1,1,NA,0.804,154.9914
CHL,2006,-0.1537614649,1,1,F,NA,0.804,189.73488
CHL,2012,-0.0369051975,1,1,F,72,0.832,288.77307
CHL,2010,-0.1263257696,1,1,F,NA,0.823,246.51683
CHL,2013,-0.0056363354,1,1,F,71,0.845,288.30432
CHL,2011,-0.1134027871,1,1,F,NA,0.823,261.33405
CHL,2014,-0.0103834216,1,1,F,73,0.849,328.6697
CHL,2015,-0.038933987,1,1,F,70,0.855,341.39893
CHL,2016,-0.0958558189,1,1,F,66,0.859,370.8824
CHL,2009,-0.1396379405,1,1,F,NA,0.819,234.0572
CHL,2007,-0.1622986409,1,1,F,NA,0.812,197.56975
CHL,2008,-0.1959333873,1,1,F,NA,0.82,223.25214
CHL,2020,-0.1665191297,1,1,F,67,0.856,466.28647
CHL,2018,-0.1697770177,1,1,F,67,0.866,400.80154
CHL,2017,-0.1669050087,1,1,F,67,0.862,372.95703
CHL,2019,-0.1929923003,1,2,F,67,0.867,417.3501
CHL,2021,-0.2176293752,1,1,F,67,0.865,513.5027
CHL,2023,-0.1968765699,1,1,F,66,0.878,NA
CHL,2024,-0.17217020817681872,1,1,F,63,NA,NA
CHL,2022,-0.226852662,1,1,F,67,0.869,463.2411
COL,2002,0.0715996036,4,4,PF,NA,0.684,16.884201
COL,1998,0.0644948152,3,4,PF,NA,0.676,10.447668
COL,2001,0.034632101,4,4,PF,NA,0.681,13.438679
COL,1999,-0.0070172236,4,4,PF,NA,0.673,12.044511
COL,2000,-0.0232018266,4,4,PF,NA,0.679,13.698667
COL,2003,-0.0127581618,4,4,PF,NA,0.691,17.417557
COL,2023,0.2323877556,2,3,F,40,0.788,NA
COL,2024,0.19780145825900175,2,3,F,39,NA,NA
COL,2019,0.2155420194,3,3,PF,37,0.777,175.37915
COL,2020,0.1911081256,3,3,PF,39,0.764,189.60657
COL,2022,0.1995445296,2,3,F,39,0.782,187.16245
COL,2005,-0.0672862379,PF,3,3,NA,0.711,23.462948
COL,2018,0.1928409085,3,3,PF,36,0.775,153.63716
COL,2004,-0.0214192853,4,4,PF,NA,0.699,20.65538
COL,2013,0.1182229915,3,4,PF,36,0.76,98.05081
COL,2014,0.1846249723,3,4,PF,37,0.763,107.23256
COL,2017,0.1949739574,3,3,PF,37,0.774,139.2273
COL,2021,0.1602841514,3,3,PF,39,0.762,201.2205
COL,2012,0.1177998421,3,4,PF,36,0.748,89.180084
COL,2015,0.2289289388,3,4,PF,37,0.767,114.61586
COL,2007,0.0516473744,3,3,PF,NA,0.724,36.129906
COL,2016,0.1375416379,3,3,PF,37,0.772,135.2767
COL,2006,-0.0595310914,3,3,PF,NA,0.712,33.95463
COL,2008,0.0581595585,3,4,PF,NA,0.731,53.884693
COL,2009,0.0201314923,3,4,PF,NA,0.736,61.120754
COL,2011,-0.0137350837,3,4,PF,NA,0.747,78.258064
COL,2010,-0.0480434966,3,4,PF,NA,0.741,70.79008
ECU,1998,-0.6906321012,2,3,F,NA,0.684,7.7151723
ECU,1999,-0.8418037361,2,3,F,NA,0.682,5.3581185
ECU,2000,-0.7764670962,3,3,PF,NA,0.683,5.808086
ECU,2001,-0.8121660941,3,3,PF,NA,0.691,4.67905
ECU,2012,-0.4427011272,3,3,PF,32,0.75,15.725466
ECU,2002,-0.8898142562,3,3,PF,NA,0.698,6.949058
ECU,2013,-0.4934442473,3,3,PF,35,0.755,16.573536
ECU,2003,-0.953762379,3,3,PF,NA,0.703,7.3891516
ECU,2011,-0.6341854835,3,3,PF,NA,0.743,11.177571
ECU,2004,-0.9693185567,3,3,PF,NA,0.709,6.872809
ECU,2010,-0.6856253406,3,3,PF,NA,0.737,12.765398
ECU,2014,-0.5534313396,3,3,PF,33,0.76,25.370556
ECU,2005,-1.0135591756,PF,3,3,NA,0.714,9.630104
ECU,2015,-0.5631258806,3,3,PF,32,0.764,40.408882
ECU,2006,-0.9262970154,3,3,PF,NA,0.718,9.595254
ECU,2007,-0.7605437943,3,3,PF,NA,0.722,9.984107
ECU,2009,-0.8231321978,3,3,PF,NA,0.731,12.166502
ECU,2018,-0.7667325607,3,3,PF,34,0.767,127.07435
ECU,2008,-0.8300428339,3,3,PF,NA,0.729,10.579613
ECU,2017,-0.8590059296,3,3,PF,32,0.764,95.438896
ECU,2019,-0.9285670991,3,3,PF,38,0.765,141.7311
ECU,2021,-0.8991878755,2,3,F,36,0.753,175.04527
ECU,2024,-0.8108950047506456,3,3,PF,32,NA,NA
ECU,2020,-0.9917139989,3,3,PF,39,0.74,167.04372
ECU,2023,-0.8548892497,3,3,PF,34,0.777,NA
ECU,2016,-0.9460937324,3,4,PF,31,0.761,69.83582
ECU,2022,-0.9281874382,2,3,F,36,0.773,200.51562
PER,1998,-0.4622033349,5,4,PF,NA,0.671,3.640518
PER,1999,-0.5263325413,5,4,PF,NA,0.68,6.14515
PER,2000,-0.5604784471,3,4,PF,NA,0.682,6.480858
PER,2001,-0.5458649992,1,3,F,NA,0.69,7.293266
PER,2002,-0.5776382384,2,3,F,NA,0.69,7.0345383
PER,2003,-0.7924523161,2,3,F,NA,0.689,9.708674
PER,2004,-0.8987363511,2,3,F,NA,0.694,9.517384
PER,2005,-0.8758531506,F,2,3,NA,0.691,10.751863
PER,2018,-0.6011686273,2,3,F,35,0.78,53.322533
PER,2007,-0.6973947544,2,3,F,NA,0.708,14.10726
PER,2016,-0.6012674316,2,3,F,35,0.775,34.7111
PER,2015,-0.5447829091,2,3,F,36,0.768,29.525963
PER,2019,-0.6545092078,2,3,F,36,0.784,71.86719
PER,2022,-0.6376696223,3,3,PF,36,0.79,136.9649
PER,2006,-0.8388810146,2,3,F,NA,0.697,15.574861
PER,2023,-0.6089759895,3,3,PF,33,0.794,NA
PER,2013,-0.6502487852,2,3,F,38,0.757,22.373123
PER,2017,-0.6528469357,2,3,F,37,0.775,44.36987
PER,2024,-0.6319437214147772,3,3,PF,31,NA,NA
PER,2012,-0.6745425828,2,3,F,38,0.748,21.703623
PER,2020,-0.7085117347,3,3,PF,38,0.769,88.09699
PER,2021,-0.6679583552,2,3,F,36,0.764,122.60147
PER,2008,-0.7242800626,2,3,F,NA,0.714,14.150542
PER,2009,-0.7220642141,2,3,F,NA,0.717,17.00949
PER,2014,-0.5556245298,2,3,F,38,0.763,24.758078
PER,2010,-0.7857828981,2,3,F,NA,0.731,19.044544
PER,2011,-0.7966266358,2,3,F,NA,0.738,20.36508
PRY,2000,-0.4041706454,4,3,PF,NA,0.664,2.6172018
PRY,2001,-0.507706445,4,3,PF,NA,0.671,3.4524043
PRY,2002,-0.5471675685,4,3,PF,NA,0.679,2.404336
PRY,2003,-0.5825927167,3,3,PF,NA,0.673,3.347454
PRY,2004,-0.55078228,3,3,PF,NA,0.681,4.6769085
PRY,2022,-0.3881621882,3,3,PF,28,0.747,30.867702
PRY,2020,-0.4594293725,3,3,PF,28,0.742,26.269966
PRY,2024,-0.3778831260080342,3,3,PF,24,NA,NA
PRY,2005,-0.6944962654,PF,3,3,NA,0.683,4.7649665
PRY,2023,-0.4184613057,3,3,PF,28,0.756,NA
PRY,2019,-0.5480993064,3,3,PF,28,0.747,25.744974
PRY,2021,-0.4400261038,3,3,PF,30,0.723,28.426813
PRY,2007,-0.63647827,3,3,PF,NA,0.69,5.248781
PRY,2018,-0.5760267754,3,3,PF,29,0.744,16.319242
PRY,2006,-0.7892733136,3,3,PF,NA,0.684,4.8718038
PRY,2013,-0.5675621757,3,3,PF,24,0.73,10.056089
PRY,2014,-0.5375324117,3,3,PF,24,0.733,10.405596
PRY,2016,-0.6453995413,3,3,PF,30,0.737,16.383091
PRY,2008,-0.6361932382,3,3,PF,NA,0.7,5.702249
PRY,2015,-0.5489969475,3,3,PF,27,0.737,15.38211
PRY,2017,-0.6401620184,3,3,PF,29,0.74,22.219206
PRY,2009,-0.7126125121,3,3,PF,NA,0.7,5.2316637
PRY,2012,-0.7132801421,3,3,PF,25,0.719,9.481079
PRY,2010,-0.8898340195,3,3,PF,NA,0.709,5.969009
PRY,2011,-0.8760551957,3,3,PF,NA,0.715,8.452823
URY,2001,0.4113550243,1,1,F,NA,0.771,71.70495
URY,1998,0.3866970448,1,2,F,NA,0.757,66.88524
URY,2000,0.3540195278,1,1,F,NA,0.764,68.86277
URY,2002,0.324515224,1,1,F,NA,0.775,83.72709
URY,1999,0.3397656616,1,2,F,NA,0.76,62.30764
URY,2005,0.3032479972,F,1,1,NA,0.778,107.54249
URY,2004,0.2085596768,1,1,F,NA,0.779,93.91596
URY,2003,0.157431654,1,1,F,NA,0.78,86.17006
URY,2006,0.2615338714,1,1,F,NA,0.777,110.502914
URY,2024,0.2132683819482334,1,1,F,76,NA,NA
URY,2023,0.2174596787,1,1,F,73,0.862,NA
URY,2009,0.1265146405,1,1,F,NA,0.787,146.16818
URY,2007,0.2002497508,1,1,F,NA,0.78,117.314735
URY,2008,0.0878532951,1,1,F,NA,0.783,133.73904
URY,2010,0.0819734063,1,1,F,NA,0.796,150.86874
URY,2017,0.1575215432,1,1,F,70,0.827,236.71379
URY,2022,0.122937359,1,1,F,74,0.852,311.9101
URY,2011,0.0889839221,1,1,F,NA,0.801,173.4657
URY,2013,0.1039424255,1,1,F,73,0.812,178.39458
URY,2016,0.1781918573,1,1,F,71,0.821,253.49756
URY,2012,0.0866875824,1,1,F,72,0.804,175.35223
URY,2015,0.1815181015,1,1,F,74,0.818,206.95561
URY,2018,0.0980740553,1,1,F,70,0.826,272.88577
URY,2014,0.121455762,1,1,F,73,0.816,220.5889
URY,2020,-0.0039982294,1,1,F,71,0.837,288.3993
URY,2019,0.0216251242,1,1,F,71,0.83,292.91718
URY,2021,0.0413889266,1,1,F,73,0.837,350.06088
VEN,1998,0.1977618287,2,3,F,NA,0.7,37.61609
VEN,1999,0.0269259522,4,4,PF,NA,0.698,38.67685
VEN,2000,-0.0228854054,3,5,PF,NA,0.703,42.364834
VEN,2002,0.0253436483,3,4,PF,NA,0.716,41.395412
VEN,2001,-0.0466698852,3,5,PF,NA,0.708,40.91446
VEN,2003,-0.0623254709,3,4,PF,NA,0.707,44.784042
VEN,2005,-0.08494986,PF,4,4,NA,0.728,48.30693
VEN,2004,-0.1288330389,3,4,PF,NA,0.718,41.35442
VEN,2006,-0.0692269826,4,4,PF,NA,0.736,50.84797
VEN,2007,-0.0733069328,4,4,PF,NA,0.753,50.22394
VEN,2008,-0.0414791239,4,4,PF,NA,0.759,57.19104
VEN,2009,-0.0235953768,5,4,PF,NA,0.76,57.319183
VEN,2010,-0.1325907905,5,5,PF,NA,0.764,51.291946
VEN,2011,-0.1897458612,5,5,PF,NA,0.77,43.08415
VEN,2012,-0.3158576239,5,5,PF,19,0.772,44.763073
VEN,2015,-0.3161673478,5,5,PF,17,0.768,32.003693
VEN,2013,-0.3902661921,5,5,PF,20,0.773,40.178925
VEN,2014,-0.4235970472,5,5,PF,19,0.77,40.988194
VEN,2017,-0.6110512846,6,5,NF,18,0.749,28.860157
VEN,2016,-0.6598105285,6,5,NF,17,0.761,28.199244
VEN,2018,-0.656336048,7,6,NF,18,0.741,23.721138
VEN,2019,-0.7819092858,7,6,NF,16,0.724,26.096739
VEN,2023,-0.824373281,7,6,NF,13,0.709,NA
VEN,2024,-0.8695846842421054,7,6,NF,10,NA,NA
VEN,2022,-0.8961819398,7,6,NF,14,0.706,18.154387
VEN,2020,-1.0833220041,7,6,NF,15,0.699,25.18978
VEN,2021,-1.072301935,7,6,NF,14,0.696,23.820887
AFG,1990,NA,7,7,NF,NA,0.285,NA
AFG,1991,NA,7,7,NF,NA,0.291,NA
AFG,1992,NA,6,6,NF,NA,0.301,NA
AFG,1993,NA,7,7,NF,NA,0.311,NA
AFG,1994,NA,7,7,NF,NA,0.305,NA
AFG,1995,NA,7,7,NF,NA,0.329,NA
AFG,1996,NA,7,7,NF,NA,0.334,0.007318474
AFG,1997,NA,7,7,NF,NA,0.338,0
AFG,1998,NA,7,7,NF,NA,0.338,0.14248437
AFG,1999,NA,7,7,NF,NA,0.347,0.033689022
AFG,2000,NA,7,7,NF,NA,0.351,0.19870517
AFG,2001,NA,7,7,NF,NA,0.355,0.049299195
AFG,2002,NA,6,6,NF,NA,0.383,0.25727242
AFG,2003,NA,6,6,NF,NA,0.392,0.32287794
AFG,2004,NA,5,6,NF,NA,0.408,0.28649458
AFG,2005,NA,PF,5,5,NA,0.417,0.37492982
AFG,2006,NA,5,5,PF,NA,0.426,0.5451521
AFG,2007,NA,5,5,PF,NA,0.442,0.5492119
AFG,2008,NA,5,6,NF,NA,0.446,0.47200763
AFG,2009,NA,6,6,NF,NA,0.458,0.9517186
AFG,2010,NA,6,6,NF,NA,0.465,0.9786421
AFG,2011,NA,6,6,NF,NA,0.474,1.4181687
AFG,2012,NA,6,6,NF,8,0.484,1.1338339
AFG,2013,NA,6,6,NF,8,0.492,0.86362
AFG,2014,NA,6,6,NF,12,0.497,1.0676214
AFG,2015,NA,6,6,NF,11,0.496,0.6263345
AFG,2016,NA,6,6,NF,15,0.495,1.7161081
AFG,2017,NA,5,6,NF,15,0.496,2.02864
AFG,2018,NA,5,6,NF,16,0.498,2.4586968
ALB,1990,NA,7,6,NF,NA,0.654,NA
ALB,1991,NA,4,4,PF,NA,0.638,NA
ALB,1992,NA,4,3,PF,NA,0.622,NA
ALB,1993,NA,2,4,PF,NA,0.624,NA
ALB,1994,NA,3,4,PF,NA,0.629,NA
ALB,1995,NA,3,4,PF,NA,0.638,NA
ALB,1996,NA,4,4,PF,NA,0.647,11.622354
ALB,1997,NA,4,4,PF,NA,0.645,8.423645
ALB,1998,NA,4,5,PF,NA,0.659,10.193286
ALB,1999,NA,4,5,PF,NA,0.671,7.668608
ALB,2000,NA,4,5,PF,NA,0.682,7.232051
ALB,2001,NA,3,4,PF,NA,0.691,6.006196
ALB,2002,NA,3,3,PF,NA,0.697,8.039961
ALB,2003,NA,3,3,PF,NA,0.705,7.4614687
ALB,2004,NA,3,3,PF,NA,0.71,5.916868
ALB,2005,NA,PF,3,3,NA,0.723,8.557235
ALB,2006,NA,3,3,PF,NA,0.732,8.805208
ALB,2007,NA,3,3,PF,NA,0.742,14.107664
DZA,1990,NA,4,4,PF,NA,0.595,NA
DZA,1991,NA,4,4,PF,NA,0.596,NA
DZA,1992,NA,7,6,NF,NA,0.601,NA
DZA,1993,NA,7,6,NF,NA,0.603,NA
DZA,1994,NA,7,7,NF,NA,0.603,NA
DZA,1995,NA,6,6,NF,NA,0.608,NA
DZA,1996,NA,6,6,NF,NA,0.615,7.7470345
DZA,1997,NA,6,6,NF,NA,0.624,8.743276
AND,1993,NA,2,1,F,NA,NA,NA
AND,1994,NA,1,1,F,NA,NA,NA
AND,1995,NA,1,1,F,NA,NA,NA
AND,1996,NA,1,1,F,NA,NA,31.257814
AND,1997,NA,1,1,F,NA,NA,13.446677
AND,1998,NA,1,1,F,NA,NA,31.813036
AND,1999,NA,1,1,F,NA,NA,0
AND,2000,NA,1,1,F,NA,0.825,0
AND,2001,NA,1,1,F,NA,0.832,40.0899
AND,2002,NA,1,1,F,NA,0.838,7.518119
AND,2003,NA,1,1,F,NA,0.84,67.63952
AND,2004,NA,1,1,F,NA,0.849,17.625294
AND,2005,NA,F,1,1,NA,0.842,63.67781
AND,2006,NA,1,1,F,NA,0.851,63.077213
AND,2007,NA,1,1,F,NA,0.859,76.089745
AND,2008,NA,1,1,F,NA,0.864,20.120964
AND,2009,NA,1,1,F,NA,0.866,30.397673
AND,2010,NA,1,1,F,NA,0.87,14.868784
AND,2011,NA,1,1,F,NA,0.875,11.313526
AND,2012,NA,1,1,F,NA,0.876,58.958275
AND,2013,NA,1,1,F,NA,0.862,69.95239
AND,2014,NA,1,1,F,NA,0.866,56.687958
AND,2015,NA,1,1,F,NA,0.869,110.289024
AND,2016,NA,1,1,F,NA,0.872,108.4773
AND,2017,NA,1,1,F,NA,0.873,22.640076
AND,2018,NA,1,1,F,NA,0.875,42.44166
AND,2019,NA,1,1,F,NA,0.876,70.743
AND,2020,NA,1,1,F,NA,0.851,105.195145
AND,2021,NA,1,1,F,NA,0.871,120.46347
AND,2022,NA,1,1,F,NA,0.893,120.444145
AND,2023,NA,1,1,F,NA,0.913,NA
AND,2024,NA,1,1,F,NA,NA,NA
AGO,1990,NA,7,7,NF,NA,NA,NA
AGO,1991,NA,6,4,PF,NA,NA,NA
AGO,1992,NA,6,6,NF,NA,NA,NA
AGO,1993,NA,7,7,NF,NA,NA,NA
AGO,1994,NA,7,7,NF,NA,NA,NA
AGO,1995,NA,6,6,NF,NA,NA,NA
AGO,1996,NA,6,6,NF,NA,NA,0.41987234
AGO,1997,NA,6,6,NF,NA,NA,0.4999859
ATG,1990,NA,3,2,F,NA,NA,NA
ATG,1991,NA,3,3,PF,NA,NA,NA
ATG,1992,NA,3,3,PF,NA,NA,NA
ATG,1993,NA,4,3,PF,NA,NA,NA
ATG,1994,NA,4,3,PF,NA,NA,NA
ATG,1995,NA,4,3,PF,NA,NA,NA
ATG,1996,NA,4,3,PF,NA,NA,0
ATG,1997,NA,4,3,PF,NA,NA,16.044361
ATG,1998,NA,4,3,PF,NA,NA,1.7952825
ATG,1999,NA,4,3,PF,NA,NA,16.289742
ATG,2000,NA,4,2,PF,NA,NA,3.337249
ATG,2001,NA,4,2,PF,NA,NA,13.14596
ATG,2002,NA,4,2,PF,NA,NA,27.001764
ATG,2003,NA,4,2,PF,NA,NA,23.496483
ATG,2004,NA,2,2,F,NA,NA,8.511287
ATG,2005,NA,F,2,2,NA,NA,22.48433
ATG,2006,NA,2,2,F,NA,NA,19.602005
ATG,2007,NA,2,2,F,NA,0.827,64.25634
ATG,2008,NA,2,2,F,NA,0.83,63.802586
ATG,2009,NA,3,2,F,NA,0.827,44.907513
ATG,2010,NA,3,2,F,NA,0.828,25.668074
ATG,2011,NA,3,2,F,NA,0.828,9.845712
ATG,2012,NA,2,2,F,NA,0.833,23.83681
ATG,2013,NA,2,2,F,NA,0.835,30.88663
ATG,2014,NA,2,2,F,NA,0.837,19.151693
ATG,2015,NA,2,2,F,NA,0.839,36.909035
ATG,2016,NA,2,2,F,NA,0.842,48.23884
ATG,2017,NA,2,2,F,NA,0.845,60.242294
ATG,2018,NA,2,2,F,NA,0.85,51.030506
ATG,2019,NA,2,2,F,NA,0.851,69.17386
ATG,2020,NA,2,2,F,NA,0.84,71.423904
ATG,2021,NA,2,2,F,NA,0.843,80.45566
ATG,2022,NA,2,2,F,NA,0.848,75.61396
ATG,2023,NA,2,2,F,NA,0.851,NA
ATG,2024,NA,2,2,F,NA,NA,NA
ARG,1990,NA,1,3,F,NA,0.733,NA
ARG,1991,NA,1,3,F,NA,0.739,NA
ARG,1992,NA,2,3,F,NA,0.743,NA
ARG,1993,NA,2,3,F,NA,0.748,NA
ARG,1994,NA,2,3,F,NA,0.753,NA
ARG,1995,NA,2,3,F,NA,0.754,NA
ARG,1996,NA,2,3,F,NA,0.76,95.31846
ARG,1997,NA,2,3,F,NA,0.768,104.82397
ARM,1991,NA,5,5,PF,NA,0.652,NA
ARM,1992,NA,4,3,PF,NA,0.618,NA
ARM,1993,NA,3,4,PF,NA,0.621,NA
ARM,1994,NA,3,4,PF,NA,0.625,NA
ARM,1995,NA,4,4,PF,NA,0.631,NA
ARM,1996,NA,5,4,PF,NA,0.635,101.60931
ARM,1997,NA,5,4,PF,NA,0.644,80.75067
ARM,1998,NA,4,4,PF,NA,0.655,86.40441
ARM,1999,NA,4,4,PF,NA,0.661,84.131966
ARM,2000,NA,4,4,PF,NA,0.667,108.05005
ARM,2001,NA,4,4,PF,NA,0.672,100.62894
ARM,2002,NA,4,4,PF,NA,0.682,99.71248
ARM,2003,NA,4,4,PF,NA,0.692,101.63394
ARM,2004,NA,5,4,PF,NA,0.7,108.888115
ARM,2005,NA,PF,5,4,NA,0.711,125.524414
ARM,2006,NA,5,4,PF,NA,0.725,114.646164
ARM,2007,NA,5,4,PF,NA,0.739,130.62689
ARM,2008,NA,6,4,PF,NA,0.743,124.663925
ARM,2009,NA,6,4,PF,NA,0.741,143.06262
ARM,2010,NA,6,4,PF,NA,0.747,162.24054
ARM,2011,NA,6,4,PF,NA,0.752,194.42848
ARM,2012,NA,5,4,PF,34,0.761,181.53499
AUS,1990,NA,1,1,F,NA,0.867,NA
AUS,1991,NA,1,1,F,NA,0.868,NA
AUS,1992,NA,1,1,F,NA,0.868,NA
AUS,1993,NA,1,1,F,NA,0.872,NA
AUS,1994,NA,1,1,F,NA,0.873,NA
AUS,1995,NA,1,1,F,NA,0.882,NA
AUS,1996,NA,1,1,F,NA,0.884,1141.3177
AUS,1997,NA,1,1,F,NA,0.887,1179.3778
AUT,1990,NA,1,1,F,NA,0.832,NA
AUT,1991,NA,1,1,F,NA,0.835,NA
AUT,1992,NA,1,1,F,NA,0.841,NA
AUT,1993,NA,1,1,F,NA,0.845,NA
AUT,1994,NA,1,1,F,NA,0.851,NA
AUT,1995,NA,1,1,F,NA,0.856,NA
AUT,1996,NA,1,1,F,NA,0.861,747.53326
AUT,1997,NA,1,1,F,NA,0.865,791.1769
AZE,1991,NA,5,5,PF,NA,NA,NA
AZE,1992,NA,5,5,PF,NA,NA,NA
AZE,1993,NA,6,6,NF,NA,NA,NA
AZE,1994,NA,6,6,NF,NA,NA,NA
AZE,1995,NA,6,6,NF,NA,0.618,NA
AZE,1996,NA,6,5,NF,NA,0.622,28.455494
AZE,1997,NA,6,4,PF,NA,0.626,26.910343
AZE,1998,NA,6,4,PF,NA,0.636,21.74523
AZE,1999,NA,6,4,PF,NA,0.646,20.744732
AZE,2000,NA,6,5,PF,NA,0.652,19.725168
BHS,1990,NA,2,3,F,NA,0.762,NA
BHS,1991,NA,2,3,F,NA,0.762,NA
BHS,1992,NA,1,2,F,NA,0.762,NA
BHS,1993,NA,1,2,F,NA,0.763,NA
BHS,1994,NA,1,2,F,NA,0.765,NA
BHS,1995,NA,1,2,F,NA,0.774,NA
BHS,1996,NA,1,2,F,NA,0.779,9.468831
BHS,1997,NA,1,2,F,NA,0.773,9.906594
BHS,1998,NA,1,2,F,NA,0.777,13.000685
BHS,1999,NA,1,1,F,NA,0.783,8.44769
BHS,2000,NA,1,1,F,NA,0.787,5.249587
BHS,2001,NA,1,1,F,NA,0.79,15.831086
BHS,2002,NA,1,1,F,NA,0.793,15.469793
BHS,2003,NA,1,1,F,NA,0.794,10.905255
BHS,2004,NA,1,1,F,NA,0.795,8.917482
BHS,2005,NA,F,1,1,NA,0.798,21.431023
BHS,2006,NA,1,1,F,NA,0.8,17.567276
BHS,2007,NA,1,1,F,NA,0.801,31.528244
BHS,2008,NA,1,1,F,NA,0.801,16.89378
BHS,2009,NA,1,1,F,NA,0.8,27.09407
BHS,2010,NA,1,1,F,NA,0.801,25.035511
BHS,2011,NA,1,1,F,NA,0.802,28.99962
BHS,2012,NA,1,1,F,71,0.805,21.33332
BHS,2013,NA,1,1,F,71,0.805,49.84787
BHS,2014,NA,1,1,F,71,0.807,41.564434
BHS,2015,NA,1,1,F,NA,0.807,33.13905
BHS,2016,NA,1,1,F,66,0.808,35.845432
BHS,2017,NA,1,1,F,65,0.81,53.215874
BHS,2018,NA,1,1,F,65,0.812,52.55693
BHS,2019,NA,1,1,F,64,0.8,48.140877
BHS,2020,NA,1,1,F,63,0.797,54.10963
BHS,2021,NA,1,1,F,64,0.794,55.856476
BHS,2022,NA,1,1,F,64,0.818,44.64982
BHS,2023,NA,1,1,F,64,0.82,NA
BHS,2024,NA,1,2,F,65,NA,NA
BHR,1990,NA,6,5,PF,NA,0.734,NA
BHR,1991,NA,6,5,PF,NA,0.728,NA
BHR,1992,NA,6,5,PF,NA,0.728,NA
BHR,1993,NA,6,6,NF,NA,0.732,NA
BHR,1994,NA,6,6,NF,NA,0.732,NA
BHR,1995,NA,6,6,NF,NA,0.737,NA
BHR,1996,NA,7,6,NF,NA,0.741,161.7485
BHR,1997,NA,7,6,NF,NA,0.746,120.92715
BHR,1998,NA,7,6,NF,NA,0.754,150.32025
BHR,1999,NA,7,6,NF,NA,0.761,144.914
BHR,2000,NA,7,6,NF,NA,0.775,134.14745
BHR,2001,NA,6,5,NF,NA,0.785,126.65655
BHR,2002,NA,5,5,PF,NA,0.791,99.92217
BHR,2003,NA,5,5,PF,NA,0.799,173.71751
BHR,2004,NA,5,5,PF,NA,0.795,172.96698
BHR,2005,NA,PF,5,5,NA,0.791,181.73492
BHR,2006,NA,5,5,PF,NA,0.795,189.59334
BHR,2007,NA,5,5,PF,NA,0.8,170.53868
BHR,2008,NA,5,5,PF,NA,0.804,145.20215
BHR,2009,NA,6,5,NF,NA,0.804,160.98743
BHR,2010,NA,6,5,NF,NA,0.81,173.3761
BHR,2011,NA,6,6,NF,NA,0.817,151.44516
BHR,2012,NA,6,6,NF,51,0.833,131.9394
BHR,2013,NA,6,6,NF,48,0.846,193.03522
BHR,2014,NA,7,6,NF,49,0.847,163.21025
BHR,2015,NA,7,6,NF,51,0.868,131.98358
BHR,2016,NA,7,6,NF,43,0.871,164.90532
BHR,2017,NA,7,6,NF,36,0.874,170.25334
BHR,2018,NA,7,6,NF,36,0.886,224.84999
BHR,2019,NA,7,6,NF,42,0.894,313.8454
BHR,2020,NA,7,6,NF,42,0.885,345.74014
BHR,2021,NA,7,6,NF,42,0.885,432.30862
BHR,2022,NA,7,6,NF,44,0.902,440.4821
BHR,2023,NA,7,6,NF,42,0.899,NA
BHR,2024,NA,7,6,NF,53,NA,NA
BGD,1990,NA,5,5,PF,NA,0.397,NA
BGD,1991,NA,2,3,F,NA,0.395,NA
BGD,1992,NA,2,3,F,NA,0.411,NA
BGD,1993,NA,2,4,PF,NA,0.419,NA
BGD,1994,NA,2,4,PF,NA,0.426,NA
BGD,1995,NA,3,4,PF,NA,0.434,NA
BGD,1996,NA,2,4,PF,NA,0.442,2.9511738
BGD,1997,NA,2,4,PF,NA,0.451,3.115456
BRB,1990,NA,1,1,F,NA,0.73,NA
BRB,1991,NA,1,1,F,NA,0.732,NA
BRB,1992,NA,1,1,F,NA,0.732,NA
BRB,1993,NA,1,1,F,NA,0.735,NA
BRB,1994,NA,1,1,F,NA,0.74,NA
BRB,1995,NA,1,1,F,NA,0.744,NA
BRB,1996,NA,1,1,F,NA,0.748,73.39372
BRB,1997,NA,1,1,F,NA,0.752,93.37175
BRB,1998,NA,1,1,F,NA,0.754,111.22712
BRB,1999,NA,1,1,F,NA,0.756,109.97383
BRB,2000,NA,1,1,F,NA,0.762,106.043205
BRB,2001,NA,1,1,F,NA,0.763,164.1612
BRB,2002,NA,1,1,F,NA,0.767,143.85875
BRB,2003,NA,1,1,F,NA,0.771,173.49196
BRB,2004,NA,1,1,F,NA,0.775,202.35841
BRB,2005,NA,F,1,1,NA,0.779,137.95747
BRB,2006,NA,1,1,F,NA,0.783,184.10974
BRB,2007,NA,1,1,F,NA,0.79,183.53189
BRB,2008,NA,1,1,F,NA,0.794,169.18823
BRB,2009,NA,1,1,F,NA,0.798,137.27415
BRB,2010,NA,1,1,F,NA,0.797,109.212585
BRB,2011,NA,1,1,F,NA,0.794,129.71729
BRB,2012,NA,1,1,F,76,0.797,175.09335
BRB,2013,NA,1,1,F,75,0.798,150.64917
BRB,2014,NA,1,1,F,74,0.799,163.35666
BRB,2015,NA,1,1,F,NA,0.8,197.74902
BRB,2016,NA,1,1,F,61,0.803,194.27893
BRB,2017,NA,1,1,F,68,0.804,179.03352
BRB,2018,NA,1,1,F,68,0.806,171.77809
BRB,2019,NA,1,1,F,62,0.808,191.10478
BRB,2020,NA,1,1,F,64,0.803,219.84537
BRB,2021,NA,1,1,F,65,0.803,196.74141
BRB,2022,NA,1,1,F,65,0.807,256.37756
BRB,2023,NA,1,1,F,69,0.811,NA
BRB,2024,NA,1,1,F,68,NA,NA
BLR,1991,NA,4,4,PF,NA,NA,NA
BLR,1992,NA,4,3,PF,NA,NA,NA
BLR,1993,NA,5,4,PF,NA,NA,NA
BLR,1994,NA,4,4,PF,NA,NA,NA
BLR,1995,NA,5,5,PF,NA,0.692,NA
BLR,1996,NA,6,6,NF,NA,0.697,126.5349
BLR,1997,NA,6,6,NF,NA,0.704,133.70486
BEL,1990,NA,1,1,F,NA,0.824,NA
BEL,1991,NA,1,1,F,NA,0.829,NA
BEL,1992,NA,1,1,F,NA,0.845,NA
BEL,1993,NA,1,1,F,NA,0.86,NA
BEL,1994,NA,1,1,F,NA,0.868,NA
BEL,1995,NA,1,1,F,NA,0.875,NA
BEL,1996,NA,1,2,F,NA,0.881,869.0485
BEL,1997,NA,1,2,F,NA,0.884,884.8653
BEL,1998,NA,1,2,F,NA,0.886,922.23193
BLZ,1990,NA,1,2,F,NA,0.617,NA
BLZ,1991,NA,1,1,F,NA,0.626,NA
BLZ,1992,NA,1,1,F,NA,0.634,NA
BLZ,1993,NA,1,1,F,NA,0.64,NA
BLZ,1994,NA,1,1,F,NA,0.643,NA
BLZ,1995,NA,1,1,F,NA,0.647,NA
BLZ,1996,NA,1,1,F,NA,0.65,9.319576
BLZ,1997,NA,1,1,F,NA,0.654,15.084205
BLZ,1998,NA,1,1,F,NA,0.657,17.542068
BLZ,1999,NA,1,1,F,NA,0.664,9.568393
BLZ,2000,NA,1,1,F,NA,0.671,2.5747616
BLZ,2001,NA,1,2,F,NA,0.676,8.052211
BLZ,2002,NA,1,2,F,NA,0.686,7.4606752
BLZ,2003,NA,1,2,F,NA,0.696,18.045341
BLZ,2004,NA,1,2,F,NA,0.703,18.109007
BLZ,2005,NA,F,1,2,NA,0.7,20.841452
BLZ,2006,NA,1,2,F,NA,0.713,16.77794
BLZ,2007,NA,1,2,F,NA,0.718,7.5312395
BLZ,2008,NA,1,2,F,NA,0.72,11.959483
BLZ,2009,NA,1,2,F,NA,0.724,27.22207
BLZ,2010,NA,1,2,F,NA,0.727,33.786633
BLZ,2011,NA,1,2,F,NA,0.725,6.905022
BLZ,2012,NA,1,2,F,NA,0.727,24.819536
BLZ,2013,NA,1,2,F,NA,0.724,22.68556
BLZ,2014,NA,1,2,F,NA,0.721,14.7883625
BLZ,2015,NA,1,2,F,NA,0.721,21.440619
BLZ,2016,NA,1,2,F,NA,0.727,16.12262
BLZ,2017,NA,1,2,F,NA,0.722,30.948387
BLZ,2018,NA,1,2,F,NA,0.723,25.616343
BLZ,2019,NA,2,2,F,NA,0.725,26.4625
BLZ,2020,NA,2,1,F,NA,0.713,45.085617
BLZ,2021,NA,2,1,F,NA,0.713,31.668465
BLZ,2022,NA,2,1,F,NA,0.717,44.049034
BLZ,2023,NA,2,1,F,NA,0.721,NA
BLZ,2024,NA,2,1,F,NA,NA,NA
BEN,1990,NA,6,4,PF,NA,0.351,NA
BEN,1991,NA,2,3,F,NA,0.358,NA
BEN,1992,NA,2,3,F,NA,0.363,NA
BEN,1993,NA,2,3,F,NA,0.371,NA
BEN,1994,NA,2,3,F,NA,0.375,NA
BEN,1995,NA,2,2,F,NA,0.383,NA
BEN,1996,NA,2,2,F,NA,0.389,4.460362
BEN,1997,NA,2,2,F,NA,0.396,6.9797134
BEN,1998,NA,2,2,F,NA,0.401,5.9356456
BEN,1999,NA,2,3,F,NA,0.407,6.0689855
BEN,2000,NA,2,2,F,NA,0.415,6.2977567
BEN,2001,NA,3,2,F,NA,0.426,5.757766
BEN,2002,NA,3,2,F,NA,0.435,5.8276896
BEN,2003,NA,2,2,F,NA,0.442,5.866244
BEN,2004,NA,2,2,F,NA,0.449,7.4567103
BEN,2005,NA,F,2,2,NA,0.456,7.232252
BEN,2006,NA,2,2,F,NA,0.462,8.9253235
BEN,2007,NA,2,2,F,NA,0.469,10.494787
BEN,2008,NA,2,2,F,NA,0.475,10.059093
BEN,2009,NA,2,2,F,NA,0.48,12.369836
BEN,2010,NA,2,2,F,NA,0.485,10.777256
BEN,2011,NA,2,2,F,NA,0.49,12.770439
BEN,2013,NA,2,2,F,36,0.506,16.694628
BEN,2017,NA,2,2,F,39,0.507,17.246162000000002
BTN,1990,NA,6,5,PF,NA,NA,NA
BTN,1991,NA,6,5,PF,NA,NA,NA
BTN,1992,NA,7,6,NF,NA,NA,NA
BTN,1993,NA,7,7,NF,NA,NA,NA
BTN,1994,NA,7,7,NF,NA,NA,NA
BTN,1995,NA,7,7,NF,NA,NA,NA
BTN,1996,NA,7,7,NF,NA,NA,4.482638
BTN,1997,NA,7,7,NF,NA,NA,5.6739163
BTN,1998,NA,7,6,NF,NA,NA,4.5659294
BTN,1999,NA,7,6,NF,NA,NA,1.6478451
BTN,2000,NA,7,6,NF,NA,NA,1.8094605
BTN,2001,NA,7,6,NF,NA,NA,1.6372132
BTN,2002,NA,6,5,NF,NA,NA,9.977435
BTN,2003,NA,6,5,NF,NA,NA,5.739709
BTN,2004,NA,6,5,NF,NA,NA,14.387958
BTN,2005,NA,NF,6,5,NA,NA,9.035075
BTN,2006,NA,6,5,NF,NA,NA,25.909399
BTN,2007,NA,6,5,NF,NA,NA,12.642914
BTN,2008,NA,4,5,PF,NA,NA,9.67435
BTN,2009,NA,4,5,PF,NA,NA,13.761045
BTN,2010,NA,4,5,PF,NA,0.593,26.310087
BTN,2011,NA,4,5,PF,NA,0.603,22.907425
BTN,2012,NA,4,5,PF,63,0.609,22.613235
BTN,2013,NA,3,4,PF,63,0.616,38.881912
BTN,2014,NA,3,4,PF,65,0.626,38.68298
BTN,2015,NA,3,4,PF,65,0.637,35.30835
BTN,2016,NA,3,4,PF,65,0.647,58.39281
BTN,2017,NA,3,4,PF,67,0.656,63.14171
BTN,2018,NA,3,4,PF,68,0.667,69.758965
BTN,2019,NA,3,4,PF,68,0.68,73.29791
BTN,2020,NA,2,4,PF,68,0.688,106.713455
BTN,2021,NA,3,4,PF,68,0.691,135.44533
BTN,2022,NA,3,4,PF,68,0.695,147.6475
BTN,2023,NA,2,4,PF,68,0.698,NA
BTN,2024,NA,2,3,F,72,NA,NA
BOL,1990,NA,2,3,F,NA,0.552,NA
BOL,1991,NA,2,3,F,NA,0.561,NA
BOL,1992,NA,2,3,F,NA,0.568,NA
BOL,1993,NA,2,3,F,NA,0.577,NA
BOL,1994,NA,2,3,F,NA,0.586,NA
BOL,1995,NA,2,4,PF,NA,0.594,NA
BOL,1996,NA,2,3,F,NA,0.602,3.581519
BOL,1997,NA,1,3,F,NA,0.61,4.8139668
BOL,1998,NA,1,3,F,NA,0.618,4.697239
BIH,1992,NA,6,6,NF,NA,NA,NA
BIH,1993,NA,6,6,NF,NA,NA,NA
BIH,1994,NA,6,6,NF,NA,NA,NA
BIH,1995,NA,6,6,NF,NA,NA,NA
BIH,1996,NA,5,5,PF,NA,NA,8.559456
BIH,1997,NA,5,5,PF,NA,NA,10.7186575
BIH,1998,NA,5,5,PF,NA,NA,10.375717
BIH,1999,NA,5,5,PF,NA,NA,25.91092
BIH,2000,NA,5,4,PF,NA,0.674,18.412071
BIH,2001,NA,5,4,PF,NA,0.677,16.42326
BIH,2002,NA,4,4,PF,NA,0.683,27.19913
BIH,2003,NA,4,4,PF,NA,0.689,37.271545
BWA,1990,NA,1,2,F,NA,0.59,NA
BWA,1991,NA,1,2,F,NA,0.59,NA
BWA,1992,NA,1,2,F,NA,0.589,NA
BWA,1993,NA,2,3,F,NA,0.588,NA
BWA,1994,NA,2,3,F,NA,0.58,NA
BWA,1995,NA,2,2,F,NA,0.583,NA
BWA,1996,NA,2,2,F,NA,0.584,48.498806
BWA,1997,NA,2,2,F,NA,0.587,46.484962
BWA,1998,NA,2,2,F,NA,0.588,54.63318
BWA,1999,NA,2,2,F,NA,0.592,54.09267
BWA,2000,NA,2,2,F,NA,0.594,66.69917
BRA,1990,NA,2,3,F,NA,0.641,NA
BRA,1991,NA,2,3,F,NA,0.645,NA
BRA,1992,NA,2,3,F,NA,0.648,NA
BRA,1993,NA,3,4,PF,NA,0.654,NA
BRA,1994,NA,2,4,PF,NA,0.659,NA
BRA,1995,NA,2,4,PF,NA,0.666,NA
BRA,1996,NA,2,4,PF,NA,0.671,46.56353
BRA,1997,NA,3,4,PF,NA,0.676,55.82256
BRN,1990,NA,6,5,NF,NA,0.781,NA
BRN,1991,NA,6,5,NF,NA,0.782,NA
BRN,1992,NA,7,6,NF,NA,0.782,NA
BRN,1993,NA,7,6,NF,NA,0.783,NA
BRN,1994,NA,7,6,NF,NA,0.782,NA
BRN,1995,NA,7,5,NF,NA,0.784,NA
BRN,1996,NA,7,5,NF,NA,0.784,117.03925
BRN,1997,NA,7,5,NF,NA,0.785,87.377716
BRN,1998,NA,7,5,NF,NA,0.785,133.20102
BRN,1999,NA,7,5,NF,NA,0.79,116.339134
BRN,2000,NA,7,5,NF,NA,0.792,117.20951
BRN,2001,NA,7,5,NF,NA,0.794,95.99664
BRN,2002,NA,6,5,NF,NA,0.798,71.36157
BRN,2003,NA,6,5,NF,NA,0.804,108.64391
BRN,2004,NA,6,5,NF,NA,0.81,107.3075
BRN,2005,NA,NF,6,5,NA,0.814,97.905914
BRN,2006,NA,6,5,NF,NA,0.819,114.24246
BRN,2007,NA,6,5,NF,NA,0.822,118.12669
BRN,2008,NA,6,5,NF,NA,0.824,134.12106
BRN,2009,NA,6,5,NF,NA,0.828,132.51003
BRN,2010,NA,6,5,NF,NA,0.83,148.24179
BRN,2011,NA,6,5,NF,NA,0.834,199.52979
BRN,2012,NA,6,5,NF,55,0.841,286.988
BRN,2013,NA,6,5,NF,60,0.842,299.1717
BRN,2014,NA,6,5,NF,NA,0.841,446.43073
BRN,2015,NA,6,5,NF,NA,0.839,412.37576
BRN,2016,NA,6,5,NF,58,0.838,515.6421
BRN,2017,NA,6,5,NF,62,0.837,464.33224
BRN,2018,NA,6,5,NF,63,0.837,672.415
BRN,2019,NA,6,5,NF,60,0.835,519.63043
BRN,2020,NA,6,5,NF,60,0.836,654.06213
BRN,2021,NA,6,5,NF,NA,0.835,741.9624
BRN,2022,NA,6,5,NF,NA,0.825,909.9853
BRN,2023,NA,6,5,NF,NA,0.837,NA
BRN,2024,NA,6,5,NF,NA,NA,NA
BGR,1990,NA,3,4,PF,NA,0.706,NA
BGR,1991,NA,2,3,F,NA,0.706,NA
BGR,1992,NA,2,3,F,NA,0.709,NA
BGR,1993,NA,2,2,F,NA,0.711,NA
BGR,1994,NA,2,2,F,NA,0.713,NA
BGR,1995,NA,2,2,F,NA,0.709,NA
BGR,1996,NA,2,3,F,NA,0.718,228.35701
BGR,1997,NA,2,3,F,NA,0.713,210.93668
BFA,1990,NA,6,5,NF,NA,NA,NA
BFA,1991,NA,6,5,NF,NA,NA,NA
BFA,1992,NA,5,5,PF,NA,NA,NA
BFA,1993,NA,5,4,PF,NA,NA,NA
BFA,1994,NA,5,4,PF,NA,NA,NA
BFA,1995,NA,5,4,PF,NA,NA,NA
BFA,1996,NA,5,4,PF,NA,NA,3.4459648
BFA,1997,NA,5,4,PF,NA,NA,4.774002
BFA,1998,NA,5,4,PF,NA,NA,7.5422587
BFA,1999,NA,4,4,PF,NA,NA,5.323575
BFA,2000,NA,4,4,PF,NA,NA,4.0669
BFA,2001,NA,4,4,PF,NA,NA,5.1988606
BFA,2002,NA,4,4,PF,NA,NA,5.6628485
BFA,2003,NA,4,4,PF,NA,NA,5.8505497
BFA,2004,NA,5,4,PF,NA,NA,5.2827544
BFA,2005,NA,PF,5,3,NA,0.333,5.2052364
BFA,2006,NA,5,3,PF,NA,0.34,6.9133177
BFA,2007,NA,5,3,PF,NA,0.344,7.097585
BFA,2008,NA,5,3,PF,NA,0.357,7.8253555
BFA,2009,NA,5,3,PF,NA,0.366,8.213841
BFA,2010,NA,5,3,PF,NA,0.377,7.6988235
BDI,1990,NA,7,6,NF,NA,0.294,NA
BDI,1991,NA,7,6,NF,NA,0.296,NA
BDI,1992,NA,6,5,PF,NA,0.294,NA
BDI,1993,NA,7,7,NF,NA,0.265,NA
BDI,1994,NA,6,7,NF,NA,0.298,NA
BDI,1995,NA,6,7,NF,NA,0.294,NA
BDI,1996,NA,7,7,NF,NA,0.292,1.6176575
BDI,1997,NA,7,7,NF,NA,0.297,2.1993258
BDI,1998,NA,7,6,NF,NA,0.303,0.61579657
BDI,1999,NA,6,6,NF,NA,0.306,0.96257704
BDI,2000,NA,6,6,NF,NA,0.308,0.25501552
BDI,2001,NA,6,6,NF,NA,0.311,0.53961456
BDI,2002,NA,6,5,NF,NA,0.324,0.13628107
BDI,2003,NA,5,5,PF,NA,0.332,0.6275598
BDI,2004,NA,5,5,PF,NA,0.344,0.6866689
BDI,2005,NA,PF,3,5,NA,0.352,0.56673664
BDI,2006,NA,4,5,PF,NA,0.376,0.71577984
BDI,2007,NA,4,5,PF,NA,0.389,0.5488936
BDI,2008,NA,4,5,PF,NA,0.401,0.29862547
BDI,2009,NA,4,5,PF,NA,0.409,0.3721649
BDI,2010,NA,5,5,PF,NA,0.416,1.3192635
BDI,2011,NA,5,5,PF,NA,0.42,1.0310787
BDI,2012,NA,5,5,PF,19,0.425,1.0574888
BDI,2013,NA,5,5,PF,21,0.428,1.3679024
BDI,2014,NA,6,5,NF,20,0.431,1.1953942
BDI,2015,NA,7,6,NF,21,0.432,1.1314695
BDI,2016,NA,7,6,NF,20,0.436,1.0427556
BDI,2017,NA,7,6,NF,22,0.434,1.1462824
BDI,2018,NA,7,6,NF,17,0.434,1.720991
BDI,2019,NA,7,6,NF,19,0.435,2.4397535
BDI,2020,NA,7,6,NF,19,0.435,2.793049
BDI,2021,NA,7,6,NF,19,0.435,2.0770538
BDI,2022,NA,7,6,NF,17,0.437,2.1011782
BDI,2023,NA,7,6,NF,20,0.439,NA
BDI,2024,NA,7,6,NF,17,NA,NA
CPV,1990,NA,5,5,PF,NA,NA,NA
CPV,1991,NA,2,3,F,NA,NA,NA
CPV,1992,NA,1,2,F,NA,NA,NA
CPV,1993,NA,1,2,F,NA,NA,NA
CPV,1994,NA,1,2,F,NA,NA,NA
CPV,1995,NA,1,2,F,NA,NA,NA
CPV,1996,NA,1,2,F,NA,NA,1.2453563
CPV,1997,NA,1,2,F,NA,NA,1.1552733
CPV,1998,NA,1,2,F,NA,NA,0.45476872
CPV,1999,NA,1,2,F,NA,NA,3.3145287
CPV,2000,NA,1,2,F,NA,0.585,0.5514905
CPV,2001,NA,1,2,F,NA,0.591,1.4555947
CPV,2002,NA,1,2,F,NA,0.6,0.36398986
CPV,2003,NA,1,1,F,NA,0.606,2.9363115
CPV,2004,NA,1,1,F,NA,0.61,1.5645535
CPV,2005,NA,F,1,1,NA,0.616,0.76270574
CPV,2006,NA,1,1,F,NA,0.631,8.436445
CPV,2007,NA,1,1,F,NA,0.636,7.3963604
CPV,2008,NA,1,1,F,NA,0.643,4.9266486
CPV,2009,NA,1,1,F,NA,0.644,9.9577
CPV,2010,NA,1,1,F,NA,0.648,5.982926
CPV,2011,NA,1,1,F,NA,0.654,5.2791395
CPV,2012,NA,1,1,F,60,0.655,7.578791
CPV,2013,NA,1,1,F,58,0.66,14.83723
CPV,2014,NA,1,1,F,57,0.659,17.118008
CPV,2015,NA,1,1,F,55,0.658,23.126736
CPV,2016,NA,1,1,F,59,0.661,17.129902
CPV,2017,NA,1,1,F,55,0.663,27.764074
CPV,2018,NA,1,1,F,57,0.663,17.412813
CPV,2019,NA,1,1,F,58,0.667,27.03733
CPV,2020,NA,1,1,F,58,0.647,40.607834
CPV,2021,NA,1,1,F,58,0.651,45.67898
CPV,2022,NA,1,1,F,60,0.664,42.348015
CPV,2023,NA,1,1,F,64,0.668,NA
CPV,2024,NA,1,1,F,62,NA,NA
KHM,1990,NA,7,7,NF,NA,0.387,NA
KHM,1991,NA,6,6,NF,NA,0.392,NA
KHM,1992,NA,6,6,NF,NA,0.396,NA
KHM,1993,NA,4,5,PF,NA,0.399,NA
KHM,1994,NA,4,5,PF,NA,0.4,NA
KHM,1995,NA,6,6,NF,NA,0.404,NA
KHM,1996,NA,6,6,NF,NA,0.408,0.45735362
KHM,1997,NA,7,6,NF,NA,0.414,0.5868128
KHM,1998,NA,6,6,NF,NA,0.419,0.7289662
KHM,1999,NA,6,6,NF,NA,0.429,0.8299546
KHM,2000,NA,6,6,NF,NA,0.438,0.97493756
CMR,1990,NA,6,6,NF,NA,0.448,NA
CMR,1991,NA,6,6,NF,NA,0.445,NA
CMR,1992,NA,6,5,NF,NA,0.442,NA
CMR,1993,NA,6,5,NF,NA,0.436,NA
CMR,1994,NA,6,5,NF,NA,0.434,NA
CMR,1995,NA,7,5,NF,NA,0.433,NA
CMR,1996,NA,7,5,NF,NA,0.432,8.7582655
CMR,1997,NA,7,5,NF,NA,0.432,9.452485
CAN,1990,NA,1,1,F,NA,0.865,NA
CAN,1991,NA,1,1,F,NA,0.868,NA
CAN,1992,NA,1,1,F,NA,0.873,NA
CAN,1993,NA,1,1,F,NA,0.871,NA
CAN,1994,NA,1,1,F,NA,0.877,NA
CAN,1995,NA,1,1,F,NA,0.881,NA
CAN,1996,NA,1,1,F,NA,0.884,1176.2771
CAN,1997,NA,1,1,F,NA,0.884,1146.763
CAF,1990,NA,6,5,NF,NA,0.342,NA
CAF,1991,NA,6,5,PF,NA,0.336,NA
CAF,1992,NA,6,5,PF,NA,0.321,NA
CAF,1993,NA,3,4,PF,NA,0.321,NA
CAF,1994,NA,3,4,PF,NA,0.323,NA
CAF,1995,NA,3,4,PF,NA,0.326,NA
CAF,1996,NA,3,5,PF,NA,0.323,2.4359968
CAF,1997,NA,3,5,PF,NA,0.325,2.9277685
CAF,1998,NA,3,4,PF,NA,0.328,3.8276832
CAF,1999,NA,3,4,PF,NA,0.332,2.633096
CAF,2000,NA,3,4,PF,NA,0.333,1.599096
CAF,2001,NA,5,5,PF,NA,0.335,1.7527803
CAF,2002,NA,5,5,PF,NA,0.337,0.9285892
CAF,2003,NA,7,5,NF,NA,0.338,2.5371146
CAF,2004,NA,6,5,NF,NA,0.342,2.4804273
CAF,2005,NA,PF,5,4,NA,0.346,1.9492586
CAF,2006,NA,5,4,PF,NA,0.35,3.0267873
CAF,2007,NA,5,5,PF,NA,0.356,1.8844798
CAF,2008,NA,5,5,PF,NA,0.362,2.2241797
CAF,2009,NA,5,5,PF,NA,NA,2.439807
CAF,2010,NA,5,5,PF,NA,0.358,3.169378
CAF,2011,NA,5,5,PF,NA,0.377,3.3450012
CAF,2012,NA,5,5,PF,26,0.385,2.2945888
CAF,2013,NA,7,7,NF,25,0.359,2.7119482
CAF,2014,NA,7,7,NF,24,0.319,3.7247071
CAF,2015,NA,7,7,NF,24,0.377,2.7325826
CAF,2016,NA,7,7,NF,20,0.376,5.817132
CAF,2017,NA,7,7,NF,23,0.356,3.8489535
CAF,2018,NA,7,7,NF,26,0.391,4.4868903
CAF,2019,NA,7,7,NF,25,0.279,3.3854408
CAF,2020,NA,7,7,NF,26,0.386,3.8912766
CAF,2021,NA,7,7,NF,24,0.339,2.9870307
CAF,2022,NA,7,7,NF,24,NA,3.8877692
CAF,2023,NA,7,7,NF,24,0.414,NA
CAF,2024,NA,7,7,NF,24,NA,NA
TCD,1990,NA,7,6,NF,NA,NA,NA
TCD,1991,NA,6,6,NF,NA,NA,NA
TCD,1992,NA,6,6,NF,NA,NA,NA
TCD,1993,NA,6,5,NF,NA,NA,NA
TCD,1994,NA,6,5,NF,NA,NA,NA
TCD,1995,NA,6,5,NF,NA,NA,NA
TCD,1996,NA,6,5,NF,NA,NA,0.13630031
TCD,1997,NA,6,5,NF,NA,NA,0.4237086
TCD,1998,NA,6,4,NF,NA,NA,0.18894447
TCD,1999,NA,6,5,NF,NA,NA,0.43537983
TCD,2000,NA,6,5,NF,NA,0.303,0.32776898
TCD,2001,NA,6,5,NF,NA,0.313,0.51225996
TCD,2002,NA,6,5,NF,NA,0.32,0.48485157
TCD,2003,NA,6,5,NF,NA,0.32,0.47850758
TCD,2004,NA,6,5,NF,NA,0.338,1.1612861
TCD,2005,NA,NF,6,5,NA,0.339,0.87528265
TCD,2019,NA,7,6,NF,20,0.406,0.8588438
CHL,1990,NA,2,2,F,NA,0.718,NA
CHL,1991,NA,2,2,F,NA,0.723,NA
CHL,1992,NA,2,2,F,NA,0.73,NA
CHL,1993,NA,2,2,F,NA,0.725,NA
CHL,1994,NA,2,2,F,NA,0.73,NA
CHL,1995,NA,2,2,F,NA,0.739,NA
CHL,1996,NA,2,2,F,NA,0.745,87.80006
CHL,1997,NA,2,2,F,NA,0.752,95.28587
CHN,1990,NA,7,7,NF,NA,0.491,NA
CHN,1991,NA,7,7,NF,NA,0.499,NA
CHN,1992,NA,7,7,NF,NA,0.511,NA
CHN,1993,NA,7,7,NF,NA,0.522,NA
CHN,1994,NA,7,7,NF,NA,0.532,NA
CHN,1995,NA,7,7,NF,NA,0.543,NA
CHN,1996,NA,7,7,NF,NA,0.555,27.61374
CHN,1997,NA,7,7,NF,NA,0.566,30.424812
COL,1990,NA,3,4,PF,NA,0.623,NA
COL,1991,NA,2,4,PF,NA,0.63,NA
COL,1992,NA,2,4,PF,NA,0.639,NA
COL,1993,NA,2,4,PF,NA,0.645,NA
COL,1994,NA,3,4,PF,NA,0.65,NA
COL,1995,NA,4,4,PF,NA,0.655,NA
COL,1996,NA,4,4,PF,NA,0.663,9.940283
COL,1997,NA,4,4,PF,NA,0.67,10.943088
COM,1990,NA,5,5,PF,NA,NA,NA
COM,1991,NA,4,3,PF,NA,NA,NA
COM,1992,NA,4,2,PF,NA,NA,NA
COM,1993,NA,4,4,PF,NA,NA,NA
COM,1994,NA,4,4,PF,NA,NA,NA
COM,1995,NA,4,4,PF,NA,NA,NA
COM,1996,NA,4,4,PF,NA,NA,1.8032205
COM,1997,NA,5,4,PF,NA,NA,2.5404851
COM,1998,NA,5,4,PF,NA,NA,0.25164682
COM,1999,NA,6,4,PF,NA,NA,2.376941
COM,2000,NA,6,4,PF,NA,0.461,1.8280854
COM,2001,NA,6,4,PF,NA,0.47,0.36548373
COM,2002,NA,5,4,PF,NA,0.477,0.35783106
COM,2003,NA,5,4,PF,NA,0.485,0.57915264
COM,2004,NA,4,4,PF,NA,0.492,2.0147958
COM,2005,NA,PF,4,4,NA,0.499,4.049423
COM,2006,NA,3,4,PF,NA,0.506,1.9346741
COM,2007,NA,4,4,PF,NA,0.512,5.8191648
COM,2008,NA,3,4,PF,NA,0.519,1.1758966
COM,2009,NA,3,4,PF,NA,0.526,1.1838983
COM,2010,NA,3,4,PF,NA,0.534,3.2832649
COM,2011,NA,3,4,PF,NA,0.541,5.9126782
COM,2012,NA,3,4,PF,28,0.548,1.760486
COM,2013,NA,3,4,PF,28,0.556,12.826921
COM,2014,NA,3,4,PF,26,0.56,2.122268
COM,2015,NA,3,4,PF,26,0.565,2.394445
COM,2016,NA,3,4,PF,24,0.571,6.525189
COM,2017,NA,3,4,PF,27,0.577,5.1409535
COM,2018,NA,4,4,PF,27,0.584,3.978797
COM,2019,NA,4,4,PF,25,0.589,4.81834
COM,2020,NA,5,4,PF,21,0.592,4.3756695
COM,2021,NA,5,4,PF,20,0.594,5.8911676
COM,2022,NA,5,4,PF,19,0.602,4.483402
COM,2023,NA,5,4,PF,20,0.603,NA
COM,2024,NA,5,4,PF,21,NA,NA
COG,1990,NA,6,6,NF,NA,0.573,NA
COG,1991,NA,6,4,PF,NA,0.571,NA
COG,1992,NA,3,3,PF,NA,0.572,NA
COG,1993,NA,3,3,PF,NA,0.566,NA
COG,1994,NA,4,4,PF,NA,0.561,NA
COG,1995,NA,4,4,PF,NA,0.551,NA
COG,1996,NA,4,4,PF,NA,0.55,8.592801
COG,1997,NA,7,5,NF,NA,0.516,3.9094665
COG,1998,NA,7,5,NF,NA,0.542,7.001888
COG,1999,NA,6,5,NF,NA,0.544,7.586863
COD,1990,NA,6,6,NF,NA,0.388,NA
COD,1991,NA,6,5,NF,NA,0.389,NA
COD,1992,NA,6,5,NF,NA,0.387,NA
COD,1993,NA,7,6,NF,NA,0.385,NA
COD,1994,NA,7,6,NF,NA,0.382,NA
COD,1995,NA,7,6,NF,NA,0.385,NA
COD,1996,NA,7,6,NF,NA,0.386,0.32121953
COD,1997,NA,7,6,NF,NA,0.388,0.43015516
COD,1998,NA,7,6,NF,NA,0.385,0.3812033
COD,1999,NA,7,6,NF,NA,0.383,0.33263162
COD,2000,NA,7,6,NF,NA,0.391,0.29718393
COD,2001,NA,6,6,NF,NA,0.389,0.17359564
COD,2002,NA,6,6,NF,NA,0.392,0.2143235
COD,2003,NA,6,6,NF,NA,0.398,0.27536926
COD,2004,NA,6,6,NF,NA,0.403,0.24211486
COD,2005,NA,NF,6,6,NA,0.408,0.38876596
COD,2006,NA,5,6,NF,NA,0.413,0.4055041
CRI,1990,NA,1,1,F,NA,0.677,NA
CRI,1991,NA,1,1,F,NA,0.682,NA
CRI,1992,NA,1,1,F,NA,0.691,NA
CRI,1993,NA,1,2,F,NA,0.696,NA
CRI,1994,NA,1,2,F,NA,0.701,NA
CRI,1995,NA,1,2,F,NA,0.706,NA
CRI,1996,NA,1,2,F,NA,0.707,43.782654
CRI,1997,NA,1,2,F,NA,0.712,45.100765
CIV,1990,NA,6,4,PF,NA,0.389,NA
CIV,1991,NA,6,4,PF,NA,0.39,NA
CIV,1992,NA,6,4,PF,NA,0.392,NA
CIV,1993,NA,6,5,NF,NA,0.393,NA
CIV,1994,NA,6,5,NF,NA,0.396,NA
CIV,1995,NA,6,5,NF,NA,0.399,NA
CIV,1996,NA,6,5,NF,NA,0.403,5.1190524
CIV,1997,NA,6,4,NF,NA,0.409,7.160141
HRV,1991,NA,3,4,PF,NA,NA,NA
HRV,1992,NA,4,4,PF,NA,NA,NA
HRV,1993,NA,4,4,PF,NA,NA,NA
HRV,1994,NA,4,4,PF,NA,NA,NA
HRV,1995,NA,4,4,PF,NA,0.713,NA
HRV,1996,NA,4,4,PF,NA,0.725,322.40262
HRV,1997,NA,4,4,PF,NA,0.734,309.44318
CUB,1990,NA,7,7,NF,NA,0.687,NA
CUB,1991,NA,7,7,NF,NA,0.681,NA
CUB,1992,NA,7,7,NF,NA,0.674,NA
CUB,1993,NA,7,7,NF,NA,0.665,NA
CUB,1994,NA,7,7,NF,NA,0.662,NA
CUB,1995,NA,7,7,NF,NA,0.664,NA
CUB,1996,NA,7,7,NF,NA,0.675,52.584335
CUB,1997,NA,7,7,NF,NA,0.679,63.531025
CUB,1998,NA,7,7,NF,NA,0.683,80.52499
CUB,2024,NA,7,6,NF,41,NA,NA
CYP,1990,NA,1,1,F,NA,0.749,NA
CYP,1991,NA,1,1,F,NA,0.754,NA
CYP,1992,NA,1,1,F,NA,0.761,NA
CYP,1993,NA,1,1,F,NA,0.764,NA
CYP,1994,NA,1,1,F,NA,0.771,NA
CYP,1995,NA,1,1,F,NA,0.777,NA
CYP,1996,NA,1,1,F,NA,0.782,107.907616
CYP,1997,NA,1,1,F,NA,0.788,132.53592
CYP,1998,NA,1,1,F,NA,0.798,122.060295
CYP,1999,NA,1,1,F,NA,0.802,126.94984
CYP,2000,NA,1,1,F,NA,0.808,166.86241
CYP,2001,NA,1,1,F,NA,0.815,139.96082
CYP,2002,NA,1,1,F,NA,0.827,200.66434
CYP,2003,NA,1,1,F,NA,0.835,178.20306
CYP,2004,NA,1,1,F,NA,0.84,252.27066
CYP,2005,NA,F,1,1,NA,0.844,307.02087
CYP,2006,NA,1,1,F,NA,0.85,335.4647
CYP,2007,NA,1,1,F,NA,0.855,404.01263
CYP,2008,NA,1,1,F,NA,0.862,465.82758
CYP,2009,NA,1,1,F,NA,0.867,589.97394
CYP,2010,NA,1,1,F,NA,0.869,631.30865
CYP,2011,NA,1,1,F,NA,0.872,662.37646
CYP,2012,NA,1,1,F,66,0.872,685.47455
CYP,2013,NA,1,1,F,63,0.873,814.7091
CYP,2014,NA,1,1,F,63,0.875,761.0328
CYP,2015,NA,1,1,F,61,0.882,769.13367
CYP,2016,NA,1,1,F,55,0.888,865.9766
CYP,2017,NA,1,1,F,57,0.897,975.6313
CYP,2018,NA,1,1,F,59,0.902,1019.9908
CYP,2019,NA,1,1,F,58,0.907,1050.0664
CYP,2020,NA,1,1,F,57,0.905,1126.2764
CYP,2021,NA,1,1,F,53,0.907,1316.2592
CYP,2022,NA,1,1,F,52,0.908,1401.9543
CYP,2023,NA,1,1,F,53,0.913,NA
CYP,2024,NA,1,1,F,56,NA,NA
CZE,1993,NA,1,2,F,NA,0.76,NA
CZE,1994,NA,1,2,F,NA,0.771,NA
CZE,1995,NA,1,2,F,NA,0.781,NA
CZE,1996,NA,1,2,F,NA,0.793,422.85583
CZE,1997,NA,1,2,F,NA,0.797,448.07178
DNK,1990,NA,1,1,F,NA,0.844,NA
DNK,1991,NA,1,1,F,NA,0.848,NA
DNK,1992,NA,1,1,F,NA,0.85,NA
DNK,1993,NA,1,1,F,NA,0.853,NA
DNK,1994,NA,1,1,F,NA,0.859,NA
DNK,1995,NA,1,1,F,NA,0.862,NA
DNK,1996,NA,1,1,F,NA,0.87,1208.4762
DNK,1997,NA,1,1,F,NA,0.876,1344.8065
DJI,1990,NA,6,5,NF,NA,NA,NA
DJI,1991,NA,6,5,NF,NA,NA,NA
DJI,1992,NA,6,6,NF,NA,NA,NA
DJI,1993,NA,6,6,NF,NA,NA,NA
DJI,1994,NA,6,6,NF,NA,NA,NA
DJI,1995,NA,5,6,NF,NA,0.318,NA
DJI,1996,NA,5,6,NF,NA,0.32,4.7968063
DJI,1997,NA,5,6,NF,NA,0.324,7.442503
DJI,1998,NA,5,6,NF,NA,0.327,2.7596974
DJI,1999,NA,4,6,PF,NA,0.333,0.23473595
DJI,2000,NA,4,5,PF,NA,0.337,2.6762369
DJI,2001,NA,4,5,PF,NA,0.342,0.82975394
DJI,2002,NA,4,5,PF,NA,0.349,1.6089013
DJI,2003,NA,5,5,PF,NA,0.36,1.6348728
DJI,2004,NA,5,5,PF,NA,0.368,2.2756875
DJI,2005,NA,PF,5,5,NA,0.375,4.421051
DJI,2006,NA,5,5,PF,NA,0.385,3.166761
DJI,2007,NA,5,5,PF,NA,0.392,3.7505946
DJI,2008,NA,5,5,PF,NA,0.4,3.7189128
DJI,2009,NA,5,5,PF,NA,0.411,8.908129
DJI,2010,NA,6,5,NF,NA,0.421,7.3851037
DJI,2011,NA,6,5,NF,NA,0.432,4.4699426
DJI,2012,NA,6,5,NF,36,0.442,7.6752243
DJI,2013,NA,6,5,NF,36,0.45,6.549393
DJI,2014,NA,6,5,NF,34,0.459,7.4896507
DJI,2015,NA,6,5,NF,34,0.469,5.596322
DJI,2016,NA,6,5,NF,30,0.477,4.0379586
DJI,2017,NA,6,5,NF,31,0.484,4.967573
DJI,2018,NA,6,5,NF,31,0.492,6.101418
DJI,2019,NA,7,5,NF,30,0.497,4.482373
DJI,2020,NA,7,5,NF,27,0.499,9.482549
DJI,2021,NA,7,5,NF,30,0.501,7.313279
DJI,2022,NA,7,5,NF,30,0.51,11.573341
DJI,2023,NA,7,5,NF,30,0.513,NA
DJI,2024,NA,7,5,NF,31,NA,NA
DMA,1990,NA,2,1,F,NA,NA,NA
DMA,1991,NA,2,1,F,NA,NA,NA
DMA,1992,NA,2,1,F,NA,NA,NA
DMA,1993,NA,2,1,F,NA,NA,NA
DMA,1994,NA,2,1,F,NA,NA,NA
DMA,1995,NA,1,1,F,NA,NA,NA
DMA,1996,NA,1,1,F,NA,NA,23.77179
DMA,1997,NA,1,1,F,NA,NA,9.235342
DMA,1998,NA,1,1,F,NA,NA,55.118336
DMA,1999,NA,1,1,F,NA,NA,0
DMA,2000,NA,1,1,F,NA,0.721,0
DMA,2001,NA,1,1,F,NA,0.725,62.38285
DMA,2002,NA,1,1,F,NA,0.724,29.25388
DMA,2003,NA,1,1,F,NA,0.728,66.83107
DMA,2004,NA,1,1,F,NA,0.73,31.464407
DMA,2005,NA,F,1,1,NA,0.732,76.672386
DMA,2006,NA,1,1,F,NA,0.737,60.89585
DMA,2007,NA,1,1,F,NA,0.74,57.228348
DMA,2008,NA,1,1,F,NA,0.745,75.812584
DMA,2009,NA,1,1,F,NA,0.746,61.2802
DMA,2010,NA,1,1,F,NA,0.747,127.50693
DMA,2011,NA,1,1,F,NA,0.745,100.50251
DMA,2012,NA,1,1,F,58,0.745,171.30125
DMA,2013,NA,1,1,F,58,0.745,173.27692
DMA,2014,NA,1,1,F,58,0.748,130.87405
DMA,2015,NA,1,1,F,NA,0.741,146.00198
DMA,2016,NA,1,1,F,59,0.751,155.15904
DMA,2017,NA,1,1,F,57,0.735,175.19272
DMA,2018,NA,1,1,F,57,0.755,173.52657
DMA,2019,NA,1,1,F,55,0.758,75.86918
DMA,2020,NA,1,1,F,55,0.753,80.801506
DMA,2021,NA,1,1,F,55,0.749,102.82432
DMA,2022,NA,1,1,F,55,0.759,77.3651
DMA,2023,NA,1,1,F,56,0.761,NA
DMA,2024,NA,1,1,F,60,NA,NA
DOM,1990,NA,2,3,F,NA,0.589,NA
DOM,1991,NA,2,3,F,NA,0.594,NA
DOM,1992,NA,2,3,F,NA,0.604,NA
DOM,1993,NA,3,3,PF,NA,0.611,NA
DOM,1994,NA,4,3,PF,NA,0.617,NA
DOM,1995,NA,4,3,PF,NA,0.624,NA
DOM,1996,NA,3,3,PF,NA,0.631,2.644128
DOM,1997,NA,3,3,PF,NA,0.639,1.5708194
ECU,1990,NA,2,2,F,NA,0.646,NA
ECU,1991,NA,2,3,F,NA,0.649,NA
ECU,1992,NA,2,3,F,NA,0.654,NA
ECU,1993,NA,2,3,F,NA,0.66,NA
ECU,1994,NA,2,3,F,NA,0.667,NA
ECU,1995,NA,2,3,F,NA,0.672,NA
ECU,1996,NA,2,4,PF,NA,0.677,4.807403
ECU,1997,NA,3,3,PF,NA,0.682,8.280189
EGY,1990,NA,5,4,PF,NA,0.572,NA
EGY,1991,NA,5,5,PF,NA,0.578,NA
EGY,1992,NA,5,6,PF,NA,0.586,NA
EGY,1993,NA,6,6,NF,NA,0.593,NA
EGY,1994,NA,6,6,NF,NA,0.601,NA
EGY,1995,NA,6,6,NF,NA,0.609,NA
EGY,1996,NA,6,6,NF,NA,0.617,35.08158
EGY,1997,NA,6,6,NF,NA,0.623,34.227978
SLV,1990,NA,3,4,PF,NA,0.523,NA
SLV,1991,NA,3,4,PF,NA,0.529,NA
SLV,1992,NA,3,3,PF,NA,0.538,NA
SLV,1993,NA,3,3,PF,NA,0.548,NA
SLV,1994,NA,3,3,PF,NA,0.558,NA
SLV,1995,NA,3,3,PF,NA,0.567,NA
SLV,1996,NA,3,3,PF,NA,0.576,0.7286463
SLV,1997,NA,2,3,F,NA,0.586,0.69123894
GNQ,1990,NA,7,7,NF,NA,NA,NA
GNQ,1991,NA,7,7,NF,NA,NA,NA
GNQ,1992,NA,7,6,NF,NA,NA,NA
GNQ,1993,NA,7,7,NF,NA,NA,NA
GNQ,1994,NA,7,7,NF,NA,NA,NA
GNQ,1995,NA,7,7,NF,NA,NA,NA
GNQ,1996,NA,7,7,NF,NA,NA,1.3985023
GNQ,1997,NA,7,7,NF,NA,NA,2.058704
GNQ,1998,NA,7,7,NF,NA,NA,0
GNQ,1999,NA,7,7,NF,NA,NA,3.2823052
GNQ,2000,NA,7,7,NF,NA,0.508,0
GNQ,2001,NA,6,6,NF,NA,0.521,2.2271535
GNQ,2002,NA,7,6,NF,NA,0.536,0.57647216
GNQ,2003,NA,7,6,NF,NA,0.541,0.9671385
GNQ,2004,NA,7,6,NF,NA,0.552,4.5559754
GNQ,2005,NA,NF,7,6,NA,0.566,0.7811123
GNQ,2006,NA,7,6,NF,NA,0.591,3.2513988
GNQ,2007,NA,7,6,NF,NA,0.603,3.1176283
GNQ,2008,NA,7,7,NF,NA,0.613,1.1341319
GNQ,2009,NA,7,7,NF,NA,0.615,1.7346543
GNQ,2010,NA,7,7,NF,NA,0.612,2.4052107
GNQ,2011,NA,7,7,NF,NA,0.624,1.3769946
GNQ,2012,NA,7,7,NF,20,0.635,1.7936069
GNQ,2013,NA,7,7,NF,19,0.644,1.5896386
GNQ,2014,NA,7,7,NF,NA,0.652,1.6859213
GNQ,2015,NA,7,7,NF,NA,0.656,2.7855673
GNQ,2016,NA,7,7,NF,NA,0.659,3.2157836
GNQ,2017,NA,7,7,NF,17,0.661,1.8945261
GNQ,2018,NA,7,7,NF,16,0.663,1.6084908
GNQ,2019,NA,7,7,NF,16,0.667,2.4368675
GNQ,2020,NA,7,7,NF,16,0.668,0.9904059
GNQ,2021,NA,7,7,NF,17,0.671,2.513097
GNQ,2022,NA,7,7,NF,17,0.677,1.6578461
GNQ,2023,NA,7,7,NF,17,0.674,NA
GNQ,2024,NA,7,7,NF,13,NA,NA
ERI,1993,NA,6,5,NF,NA,NA,NA
ERI,1994,NA,6,5,NF,NA,NA,NA
ERI,1995,NA,6,4,PF,NA,NA,NA
ERI,1996,NA,6,4,PF,NA,NA,1.8745912
ERI,1997,NA,6,4,PF,NA,NA,0.45536178
ERI,1998,NA,6,4,PF,NA,NA,4.742208
ERI,1999,NA,7,5,NF,NA,NA,1.8031616
ERI,2000,NA,7,5,NF,NA,NA,2.0382452
ERI,2001,NA,7,6,NF,NA,NA,2.8891745
ERI,2002,NA,7,6,NF,NA,NA,4.9436307
ERI,2003,NA,7,6,NF,NA,NA,5.733984
ERI,2004,NA,7,6,NF,NA,NA,4.499123
ERI,2005,NA,NF,7,6,NA,0.474,4.4190345
ERI,2006,NA,7,6,NF,NA,0.473,7.627145
ERI,2007,NA,7,6,NF,NA,0.472,6.2517724
ERI,2008,NA,7,6,NF,NA,0.457,3.3731878
ERI,2009,NA,7,7,NF,NA,0.462,2.4100683
ERI,2010,NA,7,7,NF,NA,0.465,3.5549538
ERI,2011,NA,7,7,NF,NA,0.48,3.8686204
ERI,2012,NA,7,7,NF,25,0.483,1.3994129
ERI,2013,NA,7,7,NF,20,0.479,3.4218504
ERI,2014,NA,7,7,NF,18,0.497,2.4715905
ERI,2015,NA,7,7,NF,18,0.48,3.3295274
ERI,2016,NA,7,7,NF,18,0.485,2.835474
ERI,2017,NA,7,7,NF,20,0.48,4.3328557
ERI,2018,NA,7,7,NF,24,0.49,6.7245893
ERI,2019,NA,7,7,NF,23,0.495,8.19704
ERI,2020,NA,7,7,NF,21,0.495,11.448464
ERI,2021,NA,7,7,NF,22,0.496,9.796479
ERI,2022,NA,7,7,NF,22,0.499,10.066149
ERI,2023,NA,7,7,NF,21,0.503,NA
ERI,2024,NA,7,7,NF,13,NA,NA
EST,1991,NA,2,3,F,NA,0.734,NA
EST,1992,NA,3,3,PF,NA,0.722,NA
EST,1993,NA,3,2,F,NA,0.713,NA
EST,1994,NA,3,2,F,NA,0.711,NA
EST,1995,NA,2,2,F,NA,0.725,NA
EST,1996,NA,1,2,F,NA,0.746,294.84442
EST,1997,NA,1,2,F,NA,0.759,288.94598
EST,1998,NA,1,2,F,NA,0.767,331.78806
EST,1999,NA,1,2,F,NA,0.776,348.72296
EST,2000,NA,1,2,F,NA,0.793,332.83823
EST,2001,NA,1,2,F,NA,0.802,371.94324
EST,2002,NA,1,2,F,NA,0.813,369.57263
EST,2003,NA,1,2,F,NA,0.824,416.64233
EST,2004,NA,1,1,F,NA,0.834,467.1902
EST,2005,NA,F,1,1,NA,0.847,531.6086
EST,2006,NA,1,1,F,NA,0.855,669.3298
EST,2007,NA,1,1,F,NA,0.859,804.8304
EST,2008,NA,1,1,F,NA,0.864,855.4024
EST,2009,NA,1,1,F,NA,0.863,874.3252
EST,2010,NA,1,1,F,NA,0.868,1063.6925
EST,2011,NA,1,1,F,NA,0.877,1052.6434
EST,2012,NA,1,1,F,64,0.88,1132.1045
EST,2013,NA,1,1,F,68,0.887,1100.2377
EST,2014,NA,1,1,F,69,0.885,1284.0641
EST,2015,NA,1,1,F,70,0.888,1174.4578
EST,2016,NA,1,1,F,70,0.89,1197.1896
EST,2017,NA,1,1,F,71,0.894,1206.6869
EST,2018,NA,1,1,F,73,0.897,1137.3799
EST,2019,NA,1,1,F,74,0.901,1276.6769
EST,2020,NA,1,1,F,75,0.901,1349.643
EST,2021,NA,1,1,F,74,0.899,1410.7181
EST,2022,NA,1,1,F,74,0.902,1365.8478
EST,2023,NA,1,1,F,76,0.905,NA
EST,2024,NA,1,1,F,76,NA,NA
SWZ,1990,NA,6,5,PF,NA,0.57,NA
SWZ,1991,NA,6,5,PF,NA,0.565,NA
SWZ,1992,NA,6,5,PF,NA,0.558,NA
SWZ,1993,NA,6,5,NF,NA,0.55,NA
SWZ,1994,NA,6,5,NF,NA,0.543,NA
SWZ,1995,NA,6,5,NF,NA,0.54,NA
SWZ,1996,NA,6,5,NF,NA,0.532,8.758983
SWZ,1997,NA,6,5,NF,NA,0.523,12.298400000000001
SWZ,1998,NA,6,4,NF,NA,0.511,16.015253
SWZ,1999,NA,6,5,NF,NA,0.504,12.155819
SWZ,2000,NA,6,5,NF,NA,0.493,7.441805
SWZ,2001,NA,6,5,NF,NA,0.484,5.365991
SWZ,2002,NA,6,5,NF,NA,0.473,11.628774
SWZ,2003,NA,7,5,NF,NA,0.469,6.1873064
SWZ,2004,NA,7,5,NF,NA,0.467,11.042167
SWZ,2005,NA,NF,7,5,NA,0.472,11.7699175
SWZ,2006,NA,7,5,NF,NA,0.485,9.46114
SWZ,2007,NA,7,5,NF,NA,0.497,6.3811936
SWZ,2008,NA,7,5,NF,NA,0.507,8.523884
SWZ,2009,NA,7,5,NF,NA,0.519,10.803933
SWZ,2010,NA,7,5,NF,NA,0.534,18.441055
SWZ,2011,NA,7,5,NF,NA,0.545,18.616377
SWZ,2012,NA,7,5,NF,37,0.562,13.898491
SWZ,2013,NA,7,5,NF,39,0.578,15.345268
SWZ,2014,NA,7,5,NF,43,0.592,9.425336
SWZ,2015,NA,7,5,NF,NA,0.607,13.344265
SWZ,2016,NA,7,5,NF,NA,0.619,16.337439
SWZ,2017,NA,7,6,NF,39,0.631,24.857645
SWZ,2018,NA,7,6,NF,38,0.643,25.151228
SWZ,2019,NA,7,5,NF,34,0.653,28.536943
SWZ,2020,NA,7,5,NF,33,0.657,30.711084
SWZ,2021,NA,7,6,NF,32,0.658,32.944
SWZ,2022,NA,7,6,NF,30,0.695,35.433094
SWZ,2023,NA,7,6,NF,30,0.695,NA
SWZ,2024,NA,7,6,NF,27,NA,NA
ETH,1990,NA,7,7,NF,NA,NA,NA
ETH,1991,NA,6,5,PF,NA,NA,NA
ETH,1992,NA,6,4,PF,NA,NA,NA
ETH,1993,NA,6,5,NF,NA,NA,NA
ETH,1994,NA,6,5,NF,NA,NA,NA
ETH,1995,NA,4,5,PF,NA,NA,NA
ETH,1996,NA,4,5,PF,NA,NA,2.8607156
ETH,1997,NA,4,5,PF,NA,NA,2.6226072
ETH,1998,NA,4,4,PF,NA,NA,2.4408364
ETH,1999,NA,5,5,PF,NA,NA,2.8587573
ETH,2000,NA,5,5,PF,NA,0.293,2.4593728
ETH,2001,NA,5,5,PF,NA,0.307,2.4726658
ETH,2002,NA,5,5,PF,NA,0.314,2.816201
ETH,2003,NA,5,5,PF,NA,0.317,2.8392584
ETH,2004,NA,5,5,PF,NA,0.331,2.7926893
ETH,2005,NA,PF,5,5,NA,0.35,2.8481205
ETH,2006,NA,5,5,PF,NA,0.366,3.4435933
ETH,2007,NA,5,5,PF,NA,0.383,3.9892557
ETH,2008,NA,5,5,PF,NA,0.398,4.2124686
FJI,1990,NA,6,4,PF,NA,0.629,NA
FJI,1991,NA,6,4,PF,NA,0.633,NA
FJI,1992,NA,4,3,PF,NA,0.637,NA
FJI,1993,NA,4,3,PF,NA,0.642,NA
FJI,1994,NA,4,3,PF,NA,0.648,NA
FJI,1995,NA,4,3,PF,NA,0.653,NA
FJI,1996,NA,4,3,PF,NA,0.657,21.597708
FJI,1997,NA,4,3,PF,NA,0.658,25.562126
FJI,1998,NA,4,3,PF,NA,0.66,27.096119
FJI,1999,NA,2,3,F,NA,0.667,27.4576
FJI,2000,NA,6,3,PF,NA,0.668,32.191353
FJI,2001,NA,4,3,PF,NA,0.67,46.610386
FJI,2002,NA,4,3,PF,NA,0.67,44.065083
FJI,2003,NA,4,3,PF,NA,0.673,51.518784
FJI,2004,NA,4,3,PF,NA,0.679,70.15369
FJI,2005,NA,PF,4,3,NA,0.681,65.99205
FJI,2006,NA,6,4,PF,NA,0.684,96.54468
FJI,2007,NA,6,4,PF,NA,0.686,95.608086
FJI,2008,NA,6,4,PF,NA,0.69,79.17874
FJI,2009,NA,6,4,PF,NA,0.693,71.35937
FJI,2010,NA,6,4,PF,NA,0.697,76.21765
FJI,2011,NA,6,4,PF,NA,0.701,72.213356
FJI,2012,NA,6,4,PF,NA,0.698,70.673004
FJI,2013,NA,6,4,PF,NA,0.708,91.002144
FJI,2014,NA,3,4,PF,NA,0.712,128.86
FJI,2015,NA,3,3,PF,NA,0.715,110.24648
FJI,2016,NA,3,4,PF,NA,0.719,181.58853
FJI,2017,NA,3,3,PF,NA,0.725,152.45566
FJI,2018,NA,3,3,PF,NA,0.728,177.65324
FJI,2019,NA,3,3,PF,NA,0.727,175.22153
FJI,2020,NA,3,3,PF,NA,0.718,200.42342
FJI,2021,NA,4,3,PF,55,0.705,225.27274
FJI,2022,NA,3,3,PF,53,0.726,231.48239
FJI,2023,NA,3,3,PF,52,0.731,NA
FJI,2024,NA,3,3,PF,55,NA,NA
FIN,1990,NA,1,1,F,NA,0.823,NA
FIN,1991,NA,1,1,F,NA,0.827,NA
FIN,1992,NA,1,1,F,NA,0.833,NA
FIN,1993,NA,1,1,F,NA,0.838,NA
FIN,1994,NA,1,1,F,NA,0.85,NA
FIN,1995,NA,1,1,F,NA,0.856,NA
FIN,1996,NA,1,1,F,NA,0.863,1283.3011
FIN,1997,NA,1,1,F,NA,0.871,1350.2437
FRA,1990,NA,1,2,F,NA,0.798,NA
FRA,1991,NA,1,2,F,NA,0.807,NA
FRA,1992,NA,1,2,F,NA,0.814,NA
FRA,1993,NA,1,2,F,NA,0.818,NA
FRA,1994,NA,1,2,F,NA,0.832,NA
FRA,1995,NA,1,2,F,NA,0.837,NA
FRA,1996,NA,1,2,F,NA,0.842,780.03644
FRA,1997,NA,1,2,F,NA,0.847,824.04724
GAB,1990,NA,4,4,PF,NA,0.621,NA
GAB,1991,NA,4,3,PF,NA,0.627,NA
GAB,1992,NA,4,4,PF,NA,0.628,NA
GAB,1993,NA,5,4,PF,NA,0.631,NA
GAB,1994,NA,5,4,PF,NA,0.636,NA
GAB,1995,NA,5,4,PF,NA,0.64,NA
GAB,1996,NA,5,4,PF,NA,0.644,18.793158
GAB,1997,NA,5,4,PF,NA,0.648,24.96955
GEO,1991,NA,6,5,NF,NA,NA,NA
GEO,1992,NA,4,5,PF,NA,NA,NA
GEO,1993,NA,5,5,PF,NA,NA,NA
GEO,1994,NA,5,5,PF,NA,NA,NA
GEO,1995,NA,4,5,PF,NA,NA,NA
GEO,1996,NA,4,4,PF,NA,NA,48.291306
GEO,1997,NA,3,4,PF,NA,NA,59.47475
GEO,1998,NA,3,4,PF,NA,NA,57.404
GEO,1999,NA,3,4,PF,NA,NA,59.4993
GEO,2000,NA,4,4,PF,NA,0.705,64.43747
GEO,2001,NA,4,4,PF,NA,0.712,57.56316
GEO,2002,NA,4,4,PF,NA,0.719,65.02677
GEO,2003,NA,4,4,PF,NA,0.733,63.966824
GEO,2004,NA,3,4,PF,NA,0.737,80.115295
GEO,2005,NA,PF,3,3,NA,0.744,108.54667
DEU,1990,NA,1,2,F,NA,0.834,NA
DEU,1991,NA,1,2,F,NA,0.841,NA
DEU,1992,NA,1,2,F,NA,0.849,NA
DEU,1993,NA,1,2,F,NA,0.859,NA
DEU,1994,NA,1,2,F,NA,0.865,NA
DEU,1995,NA,1,2,F,NA,0.87,NA
DEU,1996,NA,1,2,F,NA,0.875,784.1077
DEU,1997,NA,1,2,F,NA,0.881,832.27124
GHA,1990,NA,6,5,NF,NA,0.432,NA
GHA,1991,NA,6,6,NF,NA,0.438,NA
GHA,1992,NA,5,5,PF,NA,0.444,NA
GHA,1993,NA,5,4,PF,NA,0.45,NA
GHA,1994,NA,5,4,PF,NA,0.453,NA
GHA,1995,NA,4,4,PF,NA,0.459,NA
GHA,1996,NA,3,4,PF,NA,0.465,7.017896
GHA,1997,NA,3,3,PF,NA,0.469,7.43957
GRC,1990,NA,1,2,F,NA,0.77,NA
GRC,1991,NA,1,2,F,NA,0.78,NA
GRC,1992,NA,1,2,F,NA,0.782,NA
GRC,1993,NA,1,3,F,NA,0.784,NA
GRC,1994,NA,1,3,F,NA,0.79,NA
GRC,1995,NA,1,3,F,NA,0.792,NA
GRC,1996,NA,1,3,F,NA,0.796,383.07443
GRC,1997,NA,1,3,F,NA,0.803,413.8179
GRD,1990,NA,2,2,F,NA,NA,NA
GRD,1991,NA,1,2,F,NA,NA,NA
GRD,1992,NA,1,2,F,NA,NA,NA
GRD,1993,NA,1,2,F,NA,NA,NA
GRD,1994,NA,1,2,F,NA,NA,NA
GRD,1995,NA,1,2,F,NA,NA,NA
GRD,1996,NA,1,2,F,NA,NA,20.940105
GRD,1997,NA,1,2,F,NA,NA,17.095154
GRD,1998,NA,1,2,F,NA,NA,16.508032
GRD,1999,NA,1,2,F,NA,NA,11.243641
GRD,2000,NA,1,2,F,NA,NA,9.67883
GRD,2001,NA,1,2,F,NA,NA,25.836443
GRD,2002,NA,1,2,F,NA,0.744,17.711523
GRD,2003,NA,1,2,F,NA,0.751,49.594063
GRD,2004,NA,1,2,F,NA,0.746,38.23532
GRD,2005,NA,F,1,2,NA,0.764,42.739716
GRD,2006,NA,1,2,F,NA,0.764,113.315475
GRD,2007,NA,1,2,F,NA,0.768,192.17892
GRD,2008,NA,1,2,F,NA,0.771,211.09868
GRD,2009,NA,1,2,F,NA,0.767,157.56737
GRD,2010,NA,1,2,F,NA,0.771,156.7401
GRD,2011,NA,1,2,F,NA,0.773,205.39084
GRD,2012,NA,1,2,F,NA,0.774,264.68634
GRD,2013,NA,1,2,F,NA,0.777,303.99957
GRD,2014,NA,1,2,F,NA,0.779,484.1762
GRD,2015,NA,1,2,F,NA,0.782,293.17380000000003
GRD,2016,NA,1,2,F,56,0.784,321.11526
GRD,2017,NA,1,2,F,52,0.784,486.32166
GRD,2018,NA,1,2,F,52,0.788,403.2293
GRD,2019,NA,1,2,F,53,0.789,501.7201
GRD,2020,NA,1,2,F,53,0.782,495.61203
GRD,2021,NA,1,2,F,53,0.782,529.1033
GRD,2022,NA,1,2,F,52,0.789,451.27573
GRD,2023,NA,1,2,F,53,0.791,NA
GRD,2024,NA,1,2,F,56,NA,NA
GTM,1990,NA,3,4,PF,NA,0.499,NA
GTM,1991,NA,3,5,PF,NA,0.503,NA
GTM,1992,NA,4,5,PF,NA,0.506,NA
GTM,1993,NA,4,5,PF,NA,0.51,NA
GTM,1994,NA,4,5,PF,NA,0.515,NA
GTM,1995,NA,4,5,PF,NA,0.522,NA
GTM,1996,NA,3,4,PF,NA,0.53,3.9882739
GTM,1997,NA,3,4,PF,NA,0.539,2.8403664
GIN,1990,NA,6,5,NF,NA,0.282,NA
GIN,1991,NA,6,5,NF,NA,0.287,NA
GIN,1992,NA,6,5,PF,NA,0.293,NA
GIN,1993,NA,6,5,NF,NA,0.3,NA
GIN,1994,NA,6,5,NF,NA,0.307,NA
GIN,1995,NA,6,5,NF,NA,0.314,NA
GIN,1996,NA,6,5,NF,NA,0.323,1.0321704
GIN,1997,NA,6,5,NF,NA,0.332,0.53332525
GIN,1998,NA,6,5,NF,NA,0.342,0.635982
GIN,1999,NA,6,5,NF,NA,0.351,0.46581277
GIN,2000,NA,6,5,NF,NA,0.359,0.36897165
GIN,2001,NA,6,5,NF,NA,0.366,1.6721389
GIN,2002,NA,6,5,NF,NA,0.377,1.1989763
GIN,2003,NA,6,5,NF,NA,0.384,0.6380498
GIN,2004,NA,6,5,NF,NA,0.391,1.203832
GIN,2005,NA,NF,6,5,NA,0.401,0.74628127
GIN,2006,NA,6,5,NF,NA,0.409,1.7773219
GNB,1990,NA,6,5,NF,NA,NA,NA
GNB,1991,NA,6,5,PF,NA,NA,NA
GNB,1992,NA,6,5,PF,NA,NA,NA
GNB,1993,NA,6,5,PF,NA,NA,NA
GNB,1994,NA,3,4,PF,NA,NA,NA
GNB,1995,NA,3,4,PF,NA,NA,NA
GNB,1996,NA,3,4,PF,NA,NA,2.0025623
GNB,1997,NA,3,4,PF,NA,NA,3.7922175
GNB,1998,NA,3,5,PF,NA,NA,2.0210986
GNB,1999,NA,3,5,PF,NA,NA,6.180766
GNB,2000,NA,4,5,PF,NA,NA,1.198632
GNB,2001,NA,4,5,PF,NA,NA,1.768055
GNB,2002,NA,4,5,PF,NA,NA,3.9478574
GNB,2003,NA,6,4,PF,NA,NA,6.073676
GNB,2004,NA,4,4,PF,NA,NA,7.8840337
GNB,2005,NA,PF,3,4,NA,0.412,6.7965417
GNB,2006,NA,4,4,PF,NA,0.424,4.762231
GNB,2007,NA,4,4,PF,NA,0.431,8.366725
GNB,2008,NA,4,4,PF,NA,0.436,4.226997
GNB,2009,NA,4,4,PF,NA,0.444,5.4311614
GNB,2010,NA,4,4,PF,NA,0.452,3.7028832
GNB,2011,NA,4,4,PF,NA,0.46,6.454919
GNB,2012,NA,6,5,NF,25,0.462,7.7509193
GNB,2013,NA,6,5,NF,19,0.469,7.128651
GNB,2014,NA,5,5,PF,19,0.476,10.188832
GNB,2015,NA,5,5,PF,17,0.481,5.4185467
GNB,2016,NA,5,5,PF,16,0.486,6.042929
GNB,2017,NA,5,5,PF,17,0.491,8.854216
GNB,2018,NA,5,4,PF,16,0.493,8.105431
GNB,2019,NA,5,4,PF,18,0.501,7.140331
GNB,2020,NA,5,4,PF,19,0.498,8.399333
GNB,2021,NA,5,4,PF,21,0.502,6.85337
GNB,2022,NA,5,4,PF,21,0.511,7.0148644000000004
GNB,2023,NA,5,4,PF,22,0.514,NA
GNB,2024,NA,5,4,PF,21,NA,NA
GUY,1990,NA,5,4,PF,NA,0.494,NA
GUY,1991,NA,5,4,PF,NA,0.491,NA
GUY,1992,NA,3,3,PF,NA,0.507,NA
GUY,1993,NA,2,2,F,NA,0.521,NA
GUY,1994,NA,2,2,F,NA,0.531,NA
GUY,1995,NA,2,2,F,NA,0.536,NA
GUY,1996,NA,2,2,F,NA,0.546,5.1937737
GUY,1997,NA,2,2,F,NA,0.552,15.323157
GUY,1998,NA,2,2,F,NA,0.557,6.7837806
GUY,1999,NA,2,2,F,NA,0.562,11.484885
GUY,2000,NA,2,2,F,NA,0.567,13.427786
GUY,2001,NA,2,2,F,NA,0.575,10.870177
GUY,2002,NA,2,2,F,NA,0.58,10.292646
GUY,2003,NA,2,2,F,NA,0.587,9.553126
GUY,2004,NA,2,2,F,NA,0.6,14.821266
GUY,2005,NA,PF,3,3,NA,0.61,26.53388
GUY,2006,NA,2,3,F,NA,0.619,12.701491
GUY,2007,NA,2,3,F,NA,0.626,16.000296
GUY,2008,NA,2,3,F,NA,0.632,13.344712
GUY,2009,NA,2,3,F,NA,0.637,13.602022
GUY,2010,NA,2,3,F,NA,0.647,26.866652
GUY,2011,NA,2,3,F,NA,0.659,14.2732115
GUY,2012,NA,2,3,F,28,0.664,17.942135
GUY,2013,NA,2,3,F,27,0.669,18.319487
GUY,2014,NA,2,3,F,30,0.678,16.056131
GUY,2015,NA,2,3,F,29,0.683,12.981348
GUY,2016,NA,2,3,F,34,0.69,17.78539
GUY,2017,NA,2,3,F,38,0.696,22.707193
GUY,2018,NA,2,3,F,37,0.702,18.81105
GUY,2019,NA,2,3,F,40,0.709,21.159763
GUY,2020,NA,2,3,F,41,0.722,31.034786
GUY,2021,NA,2,3,F,39,0.713,36.726746
GUY,2022,NA,2,3,F,40,0.763,35.137173
GUY,2023,NA,2,3,F,40,0.776,NA
GUY,2024,NA,2,2,F,39,NA,NA
HTI,1990,NA,4,4,PF,NA,0.461,NA
HTI,1991,NA,7,7,NF,NA,0.464,NA
HTI,1992,NA,7,7,NF,NA,0.466,NA
HTI,1993,NA,7,7,NF,NA,0.467,NA
HTI,1994,NA,5,5,PF,NA,0.463,NA
HTI,1995,NA,5,5,PF,NA,0.473,NA
HTI,1996,NA,4,5,PF,NA,0.479,0.26078302
HTI,1997,NA,4,5,PF,NA,0.484,0.44943544
HTI,1998,NA,5,5,PF,NA,0.488,0.7410515
HTI,1999,NA,5,5,PF,NA,0.493,0.0993707
HTI,2000,NA,6,5,NF,NA,0.497,0.6575817
HTI,2001,NA,6,6,NF,NA,0.5,0.5546411
HTI,2002,NA,6,6,NF,NA,0.504,0.70054036
HTI,2003,NA,6,6,NF,NA,0.508,0.56279105
HTI,2004,NA,7,6,NF,NA,0.505,0.70929444
HTI,2005,NA,NF,7,6,NA,0.516,0.90163934
HTI,2006,NA,4,5,PF,NA,0.52,1.5244297
HTI,2007,NA,4,5,PF,NA,0.524,1.1223373
HTI,2008,NA,4,5,PF,NA,0.528,0.73656136
HTI,2009,NA,4,5,PF,NA,0.534,1.2043865
HTI,2010,NA,4,5,PF,NA,0.452,1.484195
HTI,2011,NA,4,5,PF,NA,0.536,1.8285602
HTI,2012,NA,4,5,PF,19,0.54,1.6753113
HTI,2013,NA,4,5,PF,19,0.545,2.8740911
HTI,2014,NA,5,5,PF,19,0.549,3.5389152
HTI,2015,NA,5,5,PF,17,0.552,3.215739
HTI,2016,NA,5,5,PF,20,0.555,3.0455072
HTI,2017,NA,5,5,PF,22,0.559,3.9028435
HTI,2018,NA,5,5,PF,20,0.561,2.880766
HTI,2019,NA,5,5,PF,18,0.56,3.1579905
HTI,2020,NA,5,5,PF,18,0.555,3.7131417
HTI,2021,NA,6,5,NF,20,0.548,3.5324364
HTI,2022,NA,6,5,NF,17,0.552,3.2650633
HTI,2023,NA,6,5,NF,17,0.554,NA
HTI,2024,NA,6,5,NF,16,NA,NA
HND,1990,NA,2,3,F,NA,0.516,NA
HND,1991,NA,2,3,F,NA,0.519,NA
HND,1992,NA,2,3,F,NA,0.523,NA
HND,1993,NA,3,3,PF,NA,0.529,NA
HND,1994,NA,3,3,PF,NA,0.532,NA
HND,1995,NA,3,3,PF,NA,0.537,NA
HND,1996,NA,3,3,PF,NA,0.541,1.5599715
HND,1997,NA,2,3,F,NA,0.547,2.3009317
HUN,1990,NA,2,2,F,NA,0.73,NA
HUN,1991,NA,2,2,F,NA,0.724,NA
HUN,1992,NA,2,2,F,NA,0.722,NA
HUN,1993,NA,1,2,F,NA,0.729,NA
HUN,1994,NA,1,2,F,NA,0.739,NA
HUN,1995,NA,1,2,F,NA,0.744,NA
HUN,1996,NA,1,2,F,NA,0.752,340.83978
HUN,1997,NA,1,2,F,NA,0.758,379.536
ISL,1990,NA,1,1,F,NA,0.841,NA
ISL,1991,NA,1,1,F,NA,0.853,NA
ISL,1992,NA,1,1,F,NA,0.86,NA
ISL,1993,NA,1,1,F,NA,0.863,NA
ISL,1994,NA,1,1,F,NA,0.868,NA
ISL,1995,NA,1,1,F,NA,0.863,NA
ISL,1996,NA,1,1,F,NA,0.873,763.88165
ISL,1997,NA,1,1,F,NA,0.881,826.32556
ISL,1998,NA,1,1,F,NA,0.893,854.92633
ISL,1999,NA,1,1,F,NA,0.895,823.7767
ISL,2000,NA,1,1,F,NA,0.902,782.703
ISL,2001,NA,1,1,F,NA,0.91,839.0065
ISL,2002,NA,1,1,F,NA,0.917,1065.6538
ISL,2003,NA,1,1,F,NA,0.925,905.80646
ISL,2004,NA,1,1,F,NA,0.928,1052.61
ISL,2005,NA,F,1,1,NA,0.935,1223.5874
ISL,2006,NA,1,1,F,NA,0.936,1271.9319
ISL,2007,NA,1,1,F,NA,0.941,1227.252
ISL,2008,NA,1,1,F,NA,0.935,1334.5347
ISL,2009,NA,1,1,F,NA,0.934,1508.4506
ISL,2010,NA,1,1,F,NA,0.935,1788.2915
ISL,2011,NA,1,1,F,NA,0.941,1718.5139
ISL,2012,NA,1,1,F,82,0.946,2011.7175
ISL,2013,NA,1,1,F,78,0.95,1819.7205
ISL,2014,NA,1,1,F,79,0.954,1824.4824
ISL,2015,NA,1,1,F,79,0.956,1859.831
ISL,2016,NA,1,1,F,78,0.959,2010.5891
ISL,2017,NA,1,1,F,77,0.962,1867.4142
ISL,2018,NA,1,1,F,76,0.966,2043.5983
ISL,2019,NA,1,1,F,78,0.969,1887.2153
ISL,2020,NA,1,1,F,75,0.965,1874.2139
ISL,2021,NA,1,1,F,74,0.967,2017.7976
ISL,2022,NA,1,1,F,74,0.964,2004.1727
ISL,2023,NA,1,1,F,72,0.972,NA
ISL,2024,NA,1,1,F,77,NA,NA
IND,1990,NA,2,3,F,NA,0.446,NA
IND,1991,NA,3,4,PF,NA,0.448,NA
IND,1992,NA,3,4,PF,NA,0.453,NA
IND,1993,NA,4,4,PF,NA,0.458,NA
IND,1994,NA,4,4,PF,NA,0.463,NA
IND,1995,NA,4,4,PF,NA,0.469,NA
IND,1996,NA,2,4,PF,NA,0.476,19.296923
IND,1997,NA,2,4,PF,NA,0.482,19.365274
IDN,1990,NA,6,5,PF,NA,0.531,NA
IDN,1991,NA,6,5,PF,NA,0.538,NA
IDN,1992,NA,6,5,PF,NA,0.545,NA
IDN,1993,NA,7,6,NF,NA,0.555,NA
IDN,1994,NA,7,6,NF,NA,0.565,NA
IDN,1995,NA,7,6,NF,NA,0.575,NA
IDN,1996,NA,7,5,NF,NA,0.585,1.4962279
IDN,1997,NA,7,5,NF,NA,0.595,1.5350344
IRN,1990,NA,6,5,NF,NA,0.626,NA
IRN,1991,NA,6,5,NF,NA,0.645,NA
IRN,1992,NA,6,6,NF,NA,0.652,NA
IRN,1993,NA,6,7,NF,NA,0.658,NA
IRN,1994,NA,6,7,NF,NA,0.664,NA
IRN,1995,NA,6,7,NF,NA,0.672,NA
IRN,1996,NA,6,7,NF,NA,0.681,10.326599
IRN,1997,NA,6,7,NF,NA,0.687,13.528989
IRQ,1990,NA,7,7,NF,NA,0.531,NA
IRQ,1991,NA,7,7,NF,NA,0.504,NA
IRQ,1992,NA,7,7,NF,NA,0.532,NA
IRQ,1993,NA,7,7,NF,NA,0.55,NA
IRQ,1994,NA,7,7,NF,NA,0.547,NA
IRQ,1995,NA,7,7,NF,NA,0.538,NA
IRQ,1996,NA,7,7,NF,NA,0.557,3.3914194
IRQ,1997,NA,7,7,NF,NA,0.565,3.5925264
IRL,1990,NA,1,1,F,NA,0.776,NA
IRL,1991,NA,1,1,F,NA,0.78,NA
IRL,1992,NA,1,1,F,NA,0.787,NA
IRL,1993,NA,1,2,F,NA,0.794,NA
IRL,1994,NA,1,2,F,NA,0.805,NA
IRL,1995,NA,1,1,F,NA,0.809,NA
IRL,1996,NA,1,1,F,NA,0.816,583.23413
IRL,1997,NA,1,1,F,NA,0.823,595.70715
ISR,1990,NA,2,2,F,NA,0.787,NA
ISR,1991,NA,2,2,F,NA,0.791,NA
ISR,1992,NA,2,2,F,NA,0.794,NA
ISR,1993,NA,1,3,F,NA,0.801,NA
ISR,1994,NA,1,3,F,NA,0.806,NA
ISR,1995,NA,1,3,F,NA,0.81,NA
ISR,1996,NA,1,3,F,NA,0.817,1474.083
ISR,1997,NA,1,3,F,NA,0.824,1497.6936
ITA,1990,NA,1,1,F,NA,0.787,NA
ITA,1991,NA,1,1,F,NA,0.792,NA
ITA,1992,NA,1,2,F,NA,0.8,NA
ITA,1993,NA,1,3,F,NA,0.806,NA
ITA,1994,NA,1,2,F,NA,0.816,NA
ITA,1995,NA,1,2,F,NA,0.823,NA
ITA,1996,NA,1,2,F,NA,0.829,602.24536
ITA,1997,NA,1,2,F,NA,0.836,617.99615
JAM,1990,NA,2,2,F,NA,0.662,NA
JAM,1991,NA,2,2,F,NA,0.662,NA
JAM,1992,NA,2,2,F,NA,0.664,NA
JAM,1993,NA,2,3,F,NA,0.664,NA
JAM,1994,NA,2,3,F,NA,0.664,NA
JAM,1995,NA,2,3,F,NA,0.665,NA
JAM,1996,NA,2,3,F,NA,0.664,49.642242
JAM,1997,NA,2,3,F,NA,0.663,42.098274
JAM,2016,NA,2,3,F,39,0.714,57.720608
JAM,2022,NA,2,2,F,44,0.718,59.197422
JPN,1990,NA,1,1,F,NA,0.853,NA
JPN,1991,NA,1,2,F,NA,0.857,NA
JPN,1992,NA,1,2,F,NA,0.859,NA
JPN,1993,NA,2,2,F,NA,0.865,NA
JPN,1994,NA,2,2,F,NA,0.872,NA
JPN,1995,NA,1,2,F,NA,0.874,NA
JPN,1996,NA,1,2,F,NA,0.88,706.18225
JPN,1997,NA,1,2,F,NA,0.883,728.958
JOR,1990,NA,5,5,PF,NA,0.619,NA
JOR,1991,NA,4,4,PF,NA,0.625,NA
JOR,1992,NA,3,3,PF,NA,0.638,NA
JOR,1993,NA,4,4,PF,NA,0.643,NA
JOR,1994,NA,4,4,PF,NA,0.647,NA
JOR,1995,NA,4,4,PF,NA,0.653,NA
JOR,1996,NA,4,4,PF,NA,0.657,70.85574
JOR,1997,NA,4,4,PF,NA,0.661,79.93802
KAZ,1991,NA,5,4,PF,NA,0.683,NA
KAZ,1992,NA,5,5,PF,NA,0.68,NA
KAZ,1993,NA,6,4,PF,NA,0.673,NA
KAZ,1994,NA,6,5,NF,NA,0.666,NA
KAZ,1995,NA,6,5,NF,NA,0.665,NA
KAZ,1996,NA,6,5,NF,NA,0.669,13.993033
KAZ,1997,NA,6,5,NF,NA,0.673,10.381312
KEN,1990,NA,6,6,NF,NA,0.485,NA
KEN,1991,NA,6,6,NF,NA,0.485,NA
KEN,1992,NA,4,5,PF,NA,0.484,NA
KEN,1993,NA,5,6,NF,NA,0.483,NA
KEN,1994,NA,6,6,NF,NA,0.484,NA
KEN,1995,NA,7,6,NF,NA,0.488,NA
KEN,1996,NA,7,6,NF,NA,0.491,14.350021
KEN,1997,NA,6,6,NF,NA,0.493,14.561006
KIR,1990,NA,1,2,F,NA,NA,NA
KIR,1991,NA,1,2,F,NA,NA,NA
KIR,1992,NA,1,2,F,NA,NA,NA
KIR,1993,NA,1,1,F,NA,NA,NA
KIR,1994,NA,1,1,F,NA,NA,NA
KIR,1995,NA,1,1,F,NA,NA,NA
KIR,1996,NA,1,1,F,NA,NA,2.0575385
KIR,1997,NA,1,1,F,NA,NA,3.9217086
KIR,1998,NA,1,1,F,NA,NA,0
KIR,1999,NA,1,1,F,NA,NA,0
KIR,2000,NA,1,1,F,NA,NA,0
KIR,2001,NA,1,1,F,NA,NA,5.534953
KIR,2002,NA,1,1,F,NA,NA,0
KIR,2003,NA,1,1,F,NA,NA,1.1680382
KIR,2004,NA,1,1,F,NA,NA,0
KIR,2005,NA,F,1,1,NA,0.588,0
KIR,2006,NA,1,1,F,NA,0.593,3.5993884
KIR,2007,NA,1,1,F,NA,0.596,20.770466
KIR,2008,NA,1,1,F,NA,0.596,0
KIR,2009,NA,1,1,F,NA,0.598,3.0995522
KIR,2010,NA,1,1,F,NA,0.6,3.035767
KIR,2011,NA,1,1,F,NA,0.603,0
KIR,2012,NA,1,1,F,NA,0.608,8.905989
KIR,2013,NA,1,1,F,NA,0.613,9.223633
KIR,2014,NA,1,1,F,NA,0.615,16.821878
KIR,2015,NA,1,1,F,NA,0.623,12.669606
KIR,2016,NA,1,1,F,NA,0.627,18.315638
KIR,2017,NA,1,1,F,NA,0.63,21.11827
KIR,2018,NA,1,1,F,NA,0.633,5.0784707
KIR,2019,NA,1,1,F,NA,0.635,32.03654
KIR,2020,NA,1,1,F,NA,0.632,29.421328
KIR,2021,NA,1,1,F,NA,0.631,18.383354
KIR,2022,NA,1,1,F,NA,0.642,15.559252
KIR,2023,NA,1,1,F,NA,0.644,NA
KIR,2024,NA,1,1,F,NA,NA,NA
KWT,1990,NA,7,7,NF,NA,0.698,NA
KWT,1991,NA,6,5,NF,NA,0.685,NA
KWT,1992,NA,5,5,PF,NA,0.699,NA
KWT,1993,NA,5,5,PF,NA,0.704,NA
KWT,1994,NA,5,5,PF,NA,0.734,NA
KWT,1995,NA,5,5,PF,NA,0.763,NA
KWT,1996,NA,5,5,PF,NA,0.769,274.57367
KWT,1997,NA,5,5,PF,NA,0.765,274.0251
KGZ,1991,NA,5,4,PF,NA,0.643,NA
KGZ,1992,NA,4,2,PF,NA,0.631,NA
KGZ,1993,NA,5,3,PF,NA,0.615,NA
KGZ,1994,NA,4,3,PF,NA,0.595,NA
KGZ,1995,NA,4,4,PF,NA,0.59,NA
KGZ,1996,NA,4,4,PF,NA,0.597,5.6973867
KGZ,1997,NA,4,4,PF,NA,0.608,5.512708
KGZ,1998,NA,5,5,PF,NA,0.613,6.6344934
KGZ,1999,NA,5,5,PF,NA,0.619,6.400268
KGZ,2000,NA,6,5,NF,NA,0.627,5.8958483
KGZ,2001,NA,6,5,NF,NA,0.634,6.212244
KGZ,2002,NA,6,5,NF,NA,0.635,5.9029746
KGZ,2003,NA,6,5,NF,NA,0.642,4.3027315
KGZ,2004,NA,6,5,NF,NA,0.646,6.6820602
KGZ,2005,NA,PF,5,4,NA,0.648,8.683542
KGZ,2006,NA,5,4,PF,NA,0.652,10.13151
KGZ,2007,NA,5,4,PF,NA,0.658,7.258392
KGZ,2008,NA,5,4,PF,NA,0.666,9.695926
KGZ,2009,NA,6,5,NF,NA,0.669,6.4438405
KGZ,2010,NA,5,5,PF,NA,0.668,6.3690553
KGZ,2016,NA,5,5,PF,28,0.7,17.212013
LAO,1990,NA,6,7,NF,NA,0.409,NA
LAO,1991,NA,6,7,NF,NA,0.415,NA
LAO,1992,NA,7,6,NF,NA,0.42,NA
LAO,1993,NA,7,6,NF,NA,0.426,NA
LAO,1994,NA,7,6,NF,NA,0.434,NA
LAO,1995,NA,7,6,NF,NA,0.436,NA
LAO,1996,NA,7,6,NF,NA,0.449,0.8779791
LAO,1997,NA,7,6,NF,NA,0.455,0.7880418
LAO,1998,NA,7,6,NF,NA,0.462,1.5528938
LAO,1999,NA,7,6,NF,NA,0.469,1.1552612
LAO,2000,NA,7,6,NF,NA,0.473,1.5779166
LAO,2001,NA,7,6,NF,NA,0.479,1.2695867
LAO,2002,NA,7,6,NF,NA,0.488,2.1903837
LAO,2003,NA,7,6,NF,NA,0.496,3.109893
LAO,2004,NA,7,6,NF,NA,0.505,6.565627
LAO,2005,NA,NF,7,6,NA,0.514,4.11277
LAO,2006,NA,7,6,NF,NA,0.515,6.945935
LAO,2007,NA,7,6,NF,NA,0.529,4.65966
LAO,2008,NA,7,6,NF,NA,0.537,5.63997
LAO,2009,NA,7,6,NF,NA,0.548,6.72259
LVA,1991,NA,2,3,F,NA,0.733,NA
LVA,1992,NA,3,3,PF,NA,0.709,NA
LVA,1993,NA,3,3,PF,NA,0.692,NA
LVA,1994,NA,3,2,F,NA,0.686,NA
LVA,1995,NA,2,2,F,NA,0.695,NA
LVA,1996,NA,2,2,F,NA,0.714,138.26183
LVA,1997,NA,1,2,F,NA,0.727,169.31985
LVA,1998,NA,1,2,F,NA,0.738,136.15662
LVA,1999,NA,1,2,F,NA,0.753,138.91759
LVA,2000,NA,1,2,F,NA,0.764,123.62569
LVA,2001,NA,1,2,F,NA,0.775,151.99152
LVA,2002,NA,1,2,F,NA,0.786,160.7109
LVA,2003,NA,1,2,F,NA,0.798,128.04884
LVA,2004,NA,1,2,F,NA,0.809,133.1877
LVA,2005,NA,F,1,1,NA,0.818,203.31883
LVA,2006,NA,1,1,F,NA,0.823,178.75842
LVA,2007,NA,2,1,F,NA,0.829,228.04358
LVA,2008,NA,2,1,F,NA,0.837,299.11975
LVA,2009,NA,2,1,F,NA,0.836,332.93658
LVA,2010,NA,2,2,F,NA,0.833,386.40225
LVA,2011,NA,2,2,F,NA,0.84,616.92694
LVA,2012,NA,2,2,F,49,0.843,563.943
LVA,2013,NA,2,2,F,53,0.852,592.2748
LVA,2014,NA,2,2,F,55,0.854,583.449
LVA,2015,NA,2,2,F,56,0.859,707.29755
LVA,2016,NA,1,2,F,57,0.864,687.8921
LVA,2017,NA,2,2,F,58,0.87,801.6896
LVA,2018,NA,2,2,F,58,0.875,751.7172
LVA,2019,NA,1,2,F,56,0.88,837.7738
LVA,2020,NA,1,2,F,57,0.879,815.3442
LVA,2021,NA,1,2,F,59,0.871,1010.0929
LVA,2022,NA,1,2,F,59,0.881,899.4654
LVA,2023,NA,1,2,F,60,0.889,NA
LVA,2024,NA,1,2,F,59,NA,NA
LBN,1990,NA,6,5,NF,NA,NA,NA
LBN,1991,NA,6,4,PF,NA,NA,NA
LBN,1992,NA,5,4,PF,NA,NA,NA
LBN,1993,NA,6,5,PF,NA,NA,NA
LBN,1994,NA,6,5,PF,NA,NA,NA
LBN,1995,NA,6,5,NF,NA,NA,NA
LBN,1996,NA,6,5,NF,NA,NA,55.10584
LBN,1997,NA,6,5,NF,NA,NA,62.79809
LBN,1998,NA,6,5,NF,NA,NA,66.185455
LBN,1999,NA,6,5,NF,NA,NA,72.92593
LBN,2000,NA,6,5,NF,NA,NA,95.79058
LBN,2001,NA,6,5,NF,NA,NA,98.841
LBN,2002,NA,6,5,NF,NA,NA,88.708336
LSO,1990,NA,6,5,NF,NA,0.483,NA
LSO,1991,NA,6,4,PF,NA,0.482,NA
LSO,1992,NA,6,4,PF,NA,0.481,NA
LSO,1993,NA,3,4,PF,NA,0.477,NA
LSO,1994,NA,4,4,PF,NA,0.478,NA
LSO,1995,NA,4,4,PF,NA,0.476,NA
LSO,1996,NA,4,4,PF,NA,0.473,4.8164234
LSO,1997,NA,4,4,PF,NA,0.469,4.9041057
LSO,1998,NA,4,4,PF,NA,0.469,1.1260985
LSO,1999,NA,4,4,PF,NA,0.462,4.1882277
LSO,2000,NA,4,4,PF,NA,0.462,4.0770235
LSO,2001,NA,4,4,PF,NA,0.457,6.122389
LSO,2002,NA,2,3,F,NA,0.455,6.3067794
LSO,2003,NA,2,3,F,NA,0.456,3.2391984
LSO,2004,NA,2,3,F,NA,0.454,2.7294004
LSO,2005,NA,F,2,3,NA,0.454,3.5994503
LSO,2006,NA,2,3,F,NA,0.451,6.1283364
LSO,2007,NA,2,3,F,NA,0.458,4.9916344
LSO,2008,NA,2,3,F,NA,0.463,6.061404
LSO,2009,NA,3,3,PF,NA,0.468,5.7802505
LSO,2010,NA,3,3,PF,NA,0.478,6.101437
LSO,2011,NA,3,3,PF,NA,0.485,7.269084
LSO,2012,NA,2,3,F,45,0.496,10.450492
LSO,2013,NA,2,3,F,49,0.502,7.3863215
LSO,2014,NA,2,3,F,49,0.509,5.591107
LSO,2015,NA,3,3,PF,44,0.517,7.8446803
LSO,2016,NA,3,3,PF,39,0.526,10.134143
LSO,2017,NA,3,3,PF,42,0.531,11.529315
LSO,2018,NA,3,3,PF,41,0.538,9.667508
LSO,2019,NA,3,3,PF,40,0.541,17.081522
LSO,2020,NA,3,3,PF,41,0.537,15.346239
LSO,2021,NA,3,3,PF,38,0.532,19.42922
LSO,2022,NA,2,3,F,37,0.547,20.978868
LSO,2023,NA,2,3,F,39,0.55,NA
LSO,2024,NA,2,3,F,37,NA,NA
LBR,1990,NA,7,7,NF,NA,NA,NA
LBR,1991,NA,7,6,NF,NA,NA,NA
LBR,1992,NA,7,6,NF,NA,NA,NA
LBR,1993,NA,6,6,NF,NA,NA,NA
LBR,1994,NA,7,6,NF,NA,NA,NA
LBR,1995,NA,7,6,NF,NA,NA,NA
LBR,1996,NA,7,6,NF,NA,NA,0.5106866
LBR,1997,NA,4,5,PF,NA,NA,0
LBR,1998,NA,4,5,PF,NA,NA,0.23594409
LBR,1999,NA,4,5,PF,NA,0.403,0
LBR,2000,NA,5,6,PF,NA,0.443,0.3415164
LBR,2001,NA,6,6,NF,NA,0.448,0
LBR,2002,NA,6,6,NF,NA,0.453,0.22295593
LBR,2003,NA,6,6,NF,NA,0.429,0.3205609
LBR,2004,NA,5,4,PF,NA,0.442,0.4498095
LBR,2005,NA,PF,4,4,NA,0.446,0.3271721
LBR,2006,NA,3,4,PF,NA,0.45,1.0169626
LBR,2007,NA,3,4,PF,NA,0.455,1.131083
LBR,2008,NA,3,4,PF,NA,0.459,0.5600624
LBR,2009,NA,3,4,PF,NA,0.463,0.5909164
LBR,2010,NA,3,4,PF,NA,0.467,1.0741854
LBR,2011,NA,3,4,PF,NA,0.471,2.1842244
LBR,2012,NA,3,4,PF,41,0.475,1.7081926
LBR,2013,NA,3,4,PF,38,0.481,0.77400786
LBR,2014,NA,3,4,PF,37,0.479,2.070419
LBR,2016,NA,3,4,PF,37,0.485,3.6146798
LBR,2017,NA,3,3,PF,31,0.491,4.3494177
LBR,2018,NA,3,3,PF,32,0.495,5.1226296
LBR,2019,NA,3,4,PF,28,0.497,4.3578935
LBR,2020,NA,3,4,PF,28,0.498,2.0584671
LBY,1990,NA,7,7,NF,NA,0.69,NA
LBY,1991,NA,7,7,NF,NA,0.7,NA
LBY,1992,NA,7,7,NF,NA,0.703,NA
LBY,1993,NA,7,7,NF,NA,0.705,NA
LBY,1994,NA,7,7,NF,NA,0.71,NA
LBY,1995,NA,7,7,NF,NA,0.712,NA
LBY,1996,NA,7,7,NF,NA,0.716,7.390635
LBY,1997,NA,7,7,NF,NA,0.721,8.288843
LIE,1992,NA,1,1,F,NA,NA,NA
LIE,1993,NA,1,1,F,NA,NA,NA
LIE,1994,NA,1,1,F,NA,NA,NA
LIE,1995,NA,1,1,F,NA,NA,NA
LIE,1996,NA,1,1,F,NA,NA,389.26303
LIE,1997,NA,1,1,F,NA,NA,560.64294
LIE,1998,NA,1,1,F,NA,NA,142.09927
LIE,1999,NA,1,1,F,NA,NA,562.3662
LIE,2000,NA,1,1,F,NA,0.882,486.13876
LIE,2001,NA,1,1,F,NA,0.888,247.63512
LIE,2002,NA,1,1,F,NA,0.893,227.0434
LIE,2003,NA,1,1,F,NA,0.897,470.08423
LIE,2004,NA,1,1,F,NA,0.904,603.5359
LIE,2005,NA,F,1,1,NA,0.903,994.73425
LIE,2006,NA,1,1,F,NA,0.908,1010.9313
LIE,2007,NA,1,1,F,NA,0.909,711.24725
LIE,2008,NA,1,1,F,NA,0.912,1126.2087
LIE,2009,NA,1,1,F,NA,0.913,663.3652
LIE,2010,NA,1,1,F,NA,0.914,1051.0244
LIE,2011,NA,1,1,F,NA,0.919,1073.199
LIE,2012,NA,1,1,F,NA,0.919,839.1303
LIE,2013,NA,1,1,F,NA,0.92,851.1789
LIE,2014,NA,1,1,F,NA,0.923,1081.6688
LIE,2015,NA,1,1,F,NA,0.925,875.6068
LIE,2016,NA,2,1,F,NA,0.926,1202.1423
LIE,2017,NA,2,1,F,NA,0.929,950.9509
LIE,2018,NA,2,1,F,NA,0.928,810.2808
LIE,2019,NA,2,1,F,NA,0.935,825.9212
LIE,2020,NA,2,1,F,NA,0.929,1038.2766
LIE,2021,NA,2,1,F,NA,0.933,1026.2366
LIE,2022,NA,2,1,F,NA,0.936,1032.8413
LIE,2023,NA,2,1,F,NA,0.938,NA
LIE,2024,NA,2,1,F,NA,NA,NA
LTU,1991,NA,2,3,F,NA,0.738,NA
LTU,1992,NA,2,3,F,NA,0.723,NA
LTU,1993,NA,1,3,F,NA,0.705,NA
LTU,1994,NA,1,3,F,NA,0.699,NA
LTU,1995,NA,1,2,F,NA,0.706,NA
LTU,1996,NA,1,2,F,NA,0.723,118.30254
LTU,1997,NA,1,2,F,NA,0.739,131.91663
LUX,1990,NA,1,1,F,NA,0.787,NA
LUX,1991,NA,1,1,F,NA,0.796,NA
LUX,1992,NA,1,1,F,NA,0.801,NA
LUX,1993,NA,1,1,F,NA,0.812,NA
LUX,1994,NA,1,1,F,NA,0.82,NA
LUX,1995,NA,1,1,F,NA,0.824,NA
LUX,1996,NA,1,1,F,NA,0.832,113.24763
LUX,1997,NA,1,1,F,NA,0.837,120.348076
LUX,1998,NA,1,1,F,NA,0.845,132.35225
LUX,1999,NA,1,1,F,NA,0.858,124.79238
LUX,2000,NA,1,1,F,NA,0.861,149.62181
LUX,2001,NA,1,1,F,NA,0.863,151.88268
LUX,2002,NA,1,1,F,NA,0.868,186.20497
LUX,2003,NA,1,1,F,NA,0.87,196.90898
LUX,2004,NA,1,1,F,NA,0.878,341.39206
LUX,2005,NA,F,1,1,NA,0.879,355.3416
LUX,2006,NA,1,1,F,NA,0.88,432.80573
LUX,2007,NA,1,1,F,NA,0.883,459.40253
LUX,2008,NA,1,1,F,NA,0.896,661.5983
LUX,2009,NA,1,1,F,NA,0.905,794.4225
LUX,2010,NA,1,1,F,NA,0.909,893.357
LUX,2011,NA,1,1,F,NA,0.911,1134.0474
LUX,2012,NA,1,1,F,80,0.914,1118.4377
LUX,2013,NA,1,1,F,80,0.919,1409.6364
LUX,2014,NA,1,1,F,82,0.924,1575.1035
LUX,2015,NA,1,1,F,85,0.913,1432.6796
LUX,2016,NA,1,1,F,81,0.916,1502.3694
LUX,2017,NA,1,1,F,82,0.913,1393.7109
LUX,2018,NA,1,1,F,81,0.915,1499.4818
LUX,2019,NA,1,1,F,80,0.916,1540.8685
LUX,2020,NA,1,1,F,80,0.916,1554.8071
LUX,2021,NA,1,1,F,81,0.918,1680.9413
LUX,2022,NA,1,1,F,77,0.922,1792.3666
LUX,2023,NA,1,1,F,78,0.922,NA
LUX,2024,NA,1,1,F,81,NA,NA
MDG,1990,NA,4,4,PF,NA,NA,NA
MDG,1991,NA,4,4,PF,NA,NA,NA
MDG,1992,NA,4,4,PF,NA,NA,NA
MDG,1993,NA,2,4,PF,NA,NA,NA
MDG,1994,NA,2,4,PF,NA,NA,NA
MDG,1995,NA,2,4,PF,NA,NA,NA
MDG,1996,NA,2,4,PF,NA,NA,3.5787358
MDG,1997,NA,2,4,PF,NA,NA,2.2940714
MDG,1998,NA,2,4,PF,NA,NA,2.3926096
MDG,1999,NA,2,4,PF,NA,0.436,3.6867585
MDG,2000,NA,2,4,PF,NA,0.443,3.6727269
MDG,2001,NA,2,4,PF,NA,0.451,3.628264
MDG,2002,NA,3,4,PF,NA,0.448,2.34759
MDG,2003,NA,3,3,PF,NA,0.458,3.6216538
MDG,2004,NA,3,3,PF,NA,0.465,2.6555083
MDG,2005,NA,PF,3,3,NA,0.47,2.9911733
MDG,2006,NA,4,3,PF,NA,0.474,3.106294
MDG,2007,NA,4,3,PF,NA,0.482,5.366516
MDG,2008,NA,4,3,PF,NA,0.49,3.9495618
MDG,2010,NA,6,4,PF,NA,0.493,3.6135228
MDG,2011,NA,6,4,PF,NA,0.494,4.224815
MWI,1990,NA,7,6,NF,NA,0.306,NA
MWI,1991,NA,7,6,NF,NA,0.31,NA
MWI,1992,NA,6,7,NF,NA,0.318,NA
MWI,1993,NA,6,5,NF,NA,0.324,NA
MWI,1994,NA,2,3,F,NA,0.325,NA
MWI,1995,NA,2,3,F,NA,0.37,NA
MWI,1996,NA,2,3,F,NA,0.375,5.8035817
MWI,1997,NA,2,3,F,NA,0.379,5.2660303
MWI,1998,NA,2,3,F,NA,0.384,4.6197143
MWI,1999,NA,3,3,PF,NA,0.392,4.8833237
MWI,2000,NA,3,3,PF,NA,0.394,5.776806
MWI,2001,NA,4,3,PF,NA,0.4,6.499579
MWI,2002,NA,4,4,PF,NA,0.407,6.5915065
MWI,2003,NA,3,4,PF,NA,0.414,6.202811
MWI,2004,NA,4,4,PF,NA,0.421,6.5820117
MWI,2005,NA,PF,4,4,NA,0.427,6.6674294
MWI,2006,NA,4,3,PF,NA,0.436,6.624137
MWI,2007,NA,4,4,PF,NA,0.444,9.60126
MWI,2008,NA,4,4,PF,NA,0.455,8.040688
MWI,2009,NA,3,4,PF,NA,0.465,7.3938293
MWI,2010,NA,3,4,PF,NA,0.475,8.550252
MWI,2011,NA,3,4,PF,NA,0.483,9.246629
MWI,2014,NA,3,4,PF,33,0.5,10.32937
MWI,2015,NA,3,3,PF,31,0.504,10.464961
MWI,2016,NA,3,3,PF,31,0.506,11.129565
MWI,2017,NA,3,3,PF,31,0.508,13.016281
MWI,2018,NA,3,3,PF,32,0.51,13.275525
MWI,2019,NA,3,3,PF,31,0.513,13.26623
MWI,2020,NA,3,3,PF,30,0.512,14.8982115
MWI,2021,NA,3,3,PF,35,0.509,18.550169
MWI,2022,NA,3,3,PF,34,0.513,17.586407
MWI,2023,NA,3,3,PF,34,0.517,NA
MWI,2024,NA,3,3,PF,34,NA,NA
MYS,1990,NA,5,4,PF,NA,0.653,NA
MYS,1991,NA,5,4,PF,NA,0.661,NA
MYS,1992,NA,5,4,PF,NA,0.67,NA
MYS,1993,NA,4,5,PF,NA,0.677,NA
MYS,1994,NA,4,5,PF,NA,0.684,NA
MYS,1995,NA,4,5,PF,NA,0.691,NA
MYS,1996,NA,4,5,PF,NA,0.701,38.39984
MYS,1997,NA,4,5,PF,NA,0.713,41.502735
MDV,1990,NA,6,5,NF,NA,NA,NA
MDV,1991,NA,6,5,NF,NA,NA,NA
MDV,1992,NA,6,5,NF,NA,NA,NA
MDV,1993,NA,6,6,NF,NA,NA,NA
MDV,1994,NA,6,6,NF,NA,NA,NA
MDV,1995,NA,6,6,NF,NA,NA,NA
MDV,1996,NA,6,6,NF,NA,NA,26.987158
MDV,1997,NA,6,6,NF,NA,NA,3.7354271
MDV,1998,NA,6,5,NF,NA,NA,7.84679
MDV,1999,NA,6,5,NF,NA,NA,7.2094936
MDV,2000,NA,6,5,NF,NA,0.639,1.7729301
MDV,2001,NA,6,5,NF,NA,0.639,17.71473
MDV,2002,NA,6,5,NF,NA,0.645,3.429167
MDV,2003,NA,6,5,NF,NA,0.654,8.162137
MDV,2004,NA,6,5,NF,NA,0.655,5.5405703
MDV,2005,NA,NF,6,5,NA,0.657,12.107209
MDV,2006,NA,6,5,NF,NA,0.672,14.752224
MDV,2007,NA,6,5,NF,NA,0.672,14.885401
MDV,2008,NA,4,4,PF,NA,0.681,2.7367105
MDV,2009,NA,3,4,PF,NA,0.682,11.341613
MDV,2010,NA,3,4,PF,NA,0.689,9.035677
MDV,2011,NA,3,4,PF,NA,0.698,19.803358
MDV,2012,NA,5,4,PF,NA,0.704,20.888376
MDV,2013,NA,4,4,PF,NA,0.71,17.59692
MDV,2014,NA,4,4,PF,NA,0.718,14.191873
MDV,2015,NA,4,5,PF,NA,0.725,16.536106
MDV,2016,NA,5,5,PF,36,0.732,15.339223
MDV,2017,NA,5,5,PF,33,0.739,15.405193
MDV,2018,NA,5,5,PF,31,0.744,15.113116
MDV,2019,NA,4,5,PF,29,0.749,22.491907
MDV,2020,NA,4,5,PF,43,0.73,49.470444
MDV,2021,NA,4,5,PF,40,0.745,48.938885
MDV,2022,NA,4,5,PF,40,0.764,68.44035
MDV,2023,NA,4,5,PF,39,0.766,NA
MDV,2024,NA,4,5,PF,38,NA,NA
MLI,1990,NA,6,5,NF,NA,0.24,NA
MLI,1991,NA,6,4,PF,NA,0.247,NA
MLI,1992,NA,2,3,F,NA,0.251,NA
MLI,1993,NA,2,3,F,NA,0.259,NA
MLI,1994,NA,2,4,PF,NA,0.266,NA
MLI,1995,NA,2,3,F,NA,0.273,NA
MLI,1996,NA,2,2,F,NA,0.282,3.047867
MLI,1997,NA,3,3,F,NA,0.293,2.0147476
MLI,1998,NA,3,3,F,NA,0.303,3.706189
MLI,1999,NA,3,3,F,NA,0.314,2.0022418
MLI,2000,NA,2,3,F,NA,0.32,1.3850331
MLI,2001,NA,2,3,F,NA,0.332,2.3832793
MLI,2002,NA,2,3,F,NA,0.34,2.6782117
MLI,2003,NA,2,2,F,NA,0.352,2.7875543
MLI,2004,NA,2,2,F,NA,0.359,2.6369195
MLI,2005,NA,F,2,2,NA,0.368,3.0231972
MLI,2006,NA,2,2,F,NA,0.377,4.689732
MLI,2007,NA,2,3,F,NA,0.386,4.68606
MLI,2009,NA,2,3,F,NA,0.403,4.464373
MLI,2010,NA,2,3,F,NA,0.41,4.6302342
MLT,1990,NA,1,1,F,NA,0.735,NA
MLT,1991,NA,1,1,F,NA,0.742,NA
MLT,1992,NA,1,1,F,NA,0.748,NA
MLT,1993,NA,1,1,F,NA,0.754,NA
MLT,1994,NA,1,1,F,NA,0.758,NA
MLT,1995,NA,1,1,F,NA,0.763,NA
MLT,1996,NA,1,1,F,NA,0.763,106.89515
MLT,1997,NA,1,1,F,NA,0.772,132.13477
MLT,1998,NA,1,1,F,NA,0.781,139.3247
MLT,1999,NA,1,1,F,NA,0.784,147.09297
MLT,2000,NA,1,1,F,NA,0.79,116.230484
MLT,2001,NA,1,1,F,NA,0.801,141.16043
MLT,2002,NA,1,1,F,NA,0.806,142.61218
MLT,2003,NA,1,1,F,NA,0.818,207.48553
MLT,2004,NA,1,1,F,NA,0.832,151.71906
MLT,2005,NA,F,1,1,NA,0.84,200.94891
MLT,2006,NA,1,1,F,NA,0.838,228.34486
MLT,2007,NA,1,1,F,NA,0.845,264.97083
MLT,2008,NA,1,1,F,NA,0.848,437.98047
MLT,2009,NA,1,1,F,NA,0.854,408.9925
MLT,2010,NA,1,1,F,NA,0.867,469.13452
MLT,2011,NA,1,1,F,NA,0.862,474.4059
MLT,2012,NA,1,1,F,57,0.87,592.5081
MLT,2013,NA,1,1,F,56,0.88,689.41406
MLT,2014,NA,1,1,F,55,0.886,668.47217
MLT,2015,NA,1,1,F,60,0.892,744.8787
MLT,2016,NA,1,1,F,55,0.891,791.85046
MLT,2017,NA,1,1,F,56,0.901,903.5209
MLT,2018,NA,2,1,F,54,0.908,921.46564
MLT,2019,NA,2,1,F,54,0.91,845.82227
MLT,2020,NA,2,1,F,53,0.903,982.9483
MLT,2021,NA,2,1,F,54,0.914,1019.8398
MLT,2022,NA,2,1,F,51,0.917,1117.5964
MLT,2023,NA,2,2,F,51,0.924,NA
MLT,2024,NA,2,2,F,46,NA,NA
MHL,1991,NA,1,1,F,NA,NA,NA
MHL,1992,NA,1,1,F,NA,NA,NA
MHL,1993,NA,1,1,F,NA,NA,NA
MHL,1994,NA,1,1,F,NA,NA,NA
MHL,1995,NA,1,1,F,NA,NA,NA
MHL,1996,NA,1,1,F,NA,NA,15.37673
MHL,1997,NA,1,1,F,NA,NA,49.940113
MHL,1998,NA,1,1,F,NA,NA,14.079691
MHL,1999,NA,1,1,F,NA,NA,19.919525
MHL,2000,NA,1,1,F,NA,NA,42.006866
MHL,2001,NA,1,1,F,NA,NA,40.686188
MHL,2002,NA,1,1,F,NA,NA,19.445795
MHL,2003,NA,1,1,F,NA,NA,74.16875
MHL,2004,NA,1,1,F,NA,NA,16.02595
MHL,2005,NA,F,1,1,NA,NA,93.052826
MHL,2006,NA,1,1,F,NA,NA,72.70349
MHL,2007,NA,1,1,F,NA,NA,29.595465
MHL,2008,NA,1,1,F,NA,NA,10.763021
MHL,2009,NA,1,1,F,NA,NA,33.064842
MHL,2010,NA,1,1,F,NA,NA,57.64353
MHL,2011,NA,1,1,F,NA,0.666,28.512533
MHL,2012,NA,1,1,F,NA,0.668,28.977615
MHL,2013,NA,1,1,F,NA,0.676,26.242577
MHL,2014,NA,1,1,F,NA,0.681,23.897503
MHL,2015,NA,1,1,F,NA,0.691,73.565575
MHL,2016,NA,1,1,F,NA,0.696,29.134964
MHL,2017,NA,1,1,F,NA,0.702,15.474221
MHL,2018,NA,1,1,F,NA,0.71,55.426743
MHL,2019,NA,1,1,F,NA,0.722,68.62544
MHL,2020,NA,1,1,F,NA,0.722,43.5536
MHL,2021,NA,1,1,F,NA,0.723,71.796364
MHL,2022,NA,1,1,F,NA,0.732,55.892406
MHL,2023,NA,1,1,F,NA,0.733,NA
MHL,2024,NA,1,1,F,NA,NA,NA
MRT,1990,NA,7,6,NF,NA,0.396,NA
MRT,1991,NA,7,6,NF,NA,0.401,NA
MRT,1992,NA,7,6,NF,NA,0.409,NA
MRT,1993,NA,7,6,NF,NA,0.421,NA
MRT,1994,NA,7,7,NF,NA,0.432,NA
MRT,1995,NA,6,6,NF,NA,0.439,NA
MRT,1996,NA,6,6,NF,NA,0.448,2.111791
MRT,1997,NA,6,6,NF,NA,0.45,2.8159015
MRT,1998,NA,6,5,NF,NA,0.46,2.000282
MRT,1999,NA,6,5,NF,NA,0.467,2.6793113
MRT,2000,NA,6,5,NF,NA,0.468,2.422094
MRT,2001,NA,5,5,PF,NA,0.47,2.7139423
MRT,2002,NA,5,5,PF,NA,0.475,2.519485
MRT,2003,NA,6,5,NF,NA,0.482,1.7665663
MRT,2004,NA,6,5,NF,NA,0.494,2.2275176
MRT,2005,NA,PF,6,4,NA,0.5,3.7290847
MRT,2006,NA,5,4,PF,NA,0.512,2.4156673
MUS,1990,NA,2,2,F,NA,0.627,NA
MUS,1991,NA,1,2,F,NA,0.632,NA
MUS,1992,NA,2,2,F,NA,0.637,NA
MUS,1993,NA,1,2,F,NA,0.641,NA
MUS,1994,NA,1,2,F,NA,0.645,NA
MUS,1995,NA,1,2,F,NA,0.65,NA
MUS,1996,NA,1,2,F,NA,0.653,12.345722
MUS,1997,NA,1,2,F,NA,0.659,14.952747
MUS,1998,NA,1,2,F,NA,0.667,19.36366
MUS,1999,NA,1,2,F,NA,0.675,40.169594
MUS,2000,NA,1,2,F,NA,0.683,45.25337
MUS,2001,NA,1,2,F,NA,0.697,38.276768
MUS,2002,NA,1,2,F,NA,0.701,52.68877
MUS,2003,NA,1,2,F,NA,0.709,34.672028
MUS,2004,NA,1,1,F,NA,0.716,46.420853
MUS,2005,NA,F,1,1,NA,0.723,61.444946
MUS,2006,NA,1,2,F,NA,0.729,47.83646
MUS,2007,NA,1,2,F,NA,0.736,42.827297
MUS,2008,NA,1,2,F,NA,0.742,56.17621
MUS,2009,NA,1,2,F,NA,0.748,63.811245
MUS,2010,NA,1,2,F,NA,0.755,67.8183
MUS,2011,NA,1,2,F,NA,0.762,50.77435
MUS,2012,NA,1,2,F,57,0.778,92.06279
MUS,2013,NA,1,2,F,52,0.781,96.208916
MUS,2014,NA,1,2,F,54,0.79,97.002235
MUS,2015,NA,1,2,F,53,0.792,95.535675
MUS,2016,NA,1,2,F,54,0.795,122.70653
MUS,2017,NA,1,2,F,50,0.799,132.13039
MUS,2018,NA,1,2,F,51,0.801,105.556595
MUS,2019,NA,1,2,F,52,0.803,186.84265
MUS,2020,NA,1,2,F,53,0.795,152.62865
MUS,2021,NA,1,2,F,54,0.789,153.0086
MUS,2022,NA,2,2,F,50,0.794,189.1926
MUS,2023,NA,2,2,F,51,0.806,NA
MUS,2024,NA,2,2,F,51,NA,NA
MEX,1990,NA,4,4,PF,NA,0.668,NA
MEX,1991,NA,4,4,PF,NA,0.67,NA
MEX,1992,NA,4,3,PF,NA,0.672,NA
MEX,1993,NA,4,4,PF,NA,0.675,NA
MEX,1994,NA,4,4,PF,NA,0.68,NA
MEX,1995,NA,4,4,PF,NA,0.68,NA
MEX,1996,NA,4,3,PF,NA,0.687,42.67177
MEX,1997,NA,3,4,PF,NA,0.694,46.274773
MDA,1991,NA,5,4,PF,NA,NA,NA
MDA,1992,NA,5,5,PF,NA,NA,NA
MDA,1993,NA,5,5,PF,NA,NA,NA
MDA,1994,NA,4,4,PF,NA,NA,NA
MDA,1995,NA,4,4,PF,NA,NA,NA
MDA,1996,NA,3,4,PF,NA,NA,72.04238
MDA,1997,NA,3,4,PF,NA,NA,57.485104
MDA,1998,NA,2,4,PF,NA,NA,54.973602
MDA,1999,NA,2,4,PF,NA,NA,53.039936
MDA,2000,NA,2,4,PF,NA,NA,65.463844
MDA,2001,NA,2,4,PF,NA,NA,52.396477
MDA,2002,NA,3,4,PF,NA,NA,53.01944
MDA,2003,NA,3,4,PF,NA,NA,55.090973
MDA,2004,NA,3,4,PF,NA,NA,46.011375
MDA,2005,NA,PF,3,4,NA,0.702,71.509544
MDA,2006,NA,3,4,PF,NA,0.711,51.052303
MCO,1993,NA,2,1,F,NA,NA,NA
MCO,1994,NA,2,1,F,NA,NA,NA
MCO,1995,NA,2,1,F,NA,NA,NA
MCO,1996,NA,2,1,F,NA,NA,618.7769
MCO,1997,NA,2,1,F,NA,NA,764.74445
MCO,1998,NA,2,1,F,NA,NA,861.25146
MCO,1999,NA,2,1,F,NA,NA,646.0969
MCO,2000,NA,2,1,F,NA,NA,424.896
MCO,2001,NA,2,1,F,NA,NA,799.1494
MCO,2002,NA,2,1,F,NA,NA,738.3875
MCO,2003,NA,2,1,F,NA,NA,823.8092
MCO,2004,NA,2,1,F,NA,NA,1241.217
MCO,2005,NA,F,2,1,NA,NA,1165.4766
MCO,2006,NA,2,1,F,NA,NA,1063.1064
MCO,2007,NA,2,1,F,NA,NA,1008.889
MCO,2008,NA,2,1,F,NA,NA,1080.2236
MCO,2009,NA,2,1,F,NA,NA,1385.4901
MCO,2010,NA,2,1,F,NA,NA,1304.1643
MCO,2011,NA,2,1,F,NA,NA,1423.7318
MCO,2012,NA,2,1,F,NA,NA,876.0911
MCO,2013,NA,2,1,F,NA,NA,1064.1239
MCO,2014,NA,2,1,F,NA,NA,1096.6562
MCO,2015,NA,2,1,F,NA,NA,1169.8452
MCO,2016,NA,3,1,F,NA,NA,1151.1428
MCO,2017,NA,3,1,F,NA,NA,1349.5939
MCO,2018,NA,3,1,F,NA,NA,1226.6079
MCO,2019,NA,3,1,F,NA,NA,1251.6729
MCO,2020,NA,3,1,F,NA,NA,1315.6373
MCO,2021,NA,3,1,F,NA,NA,1490.9025
MCO,2022,NA,3,1,F,NA,NA,1465.9269
MCO,2023,NA,3,1,F,NA,NA,NA
MCO,2024,NA,3,1,F,NA,NA,NA
MNG,1990,NA,4,4,PF,NA,0.593,NA
MNG,1991,NA,2,3,F,NA,0.591,NA
MNG,1992,NA,3,2,F,NA,0.581,NA
MNG,1993,NA,2,3,F,NA,0.567,NA
MNG,1994,NA,2,3,F,NA,0.568,NA
MNG,1995,NA,2,3,F,NA,0.572,NA
MNG,1996,NA,2,3,F,NA,0.578,9.108182
MNG,1997,NA,2,3,F,NA,0.585,7.6971745
MNG,1998,NA,2,3,F,NA,0.594,9.527461
MNG,1999,NA,2,3,F,NA,0.602,9.067329
MNG,2000,NA,2,3,F,NA,0.611,11.22975
MNG,2001,NA,2,3,F,NA,0.622,11.142587
MNG,2002,NA,2,2,F,NA,0.631,11.208533
MNG,2003,NA,2,2,F,NA,0.643,15.457346
MNG,2004,NA,2,2,F,NA,0.658,14.0088625
MNG,2005,NA,F,2,2,NA,0.671,15.766397
MNG,2006,NA,2,2,F,NA,0.683,20.734911
MNE,2006,NA,3,3,PF,NA,0.785,0
MNE,2007,NA,3,3,PF,NA,0.795,105.29734
MNE,2008,NA,3,3,PF,NA,0.806,108.903366
MNE,2009,NA,3,2,F,NA,0.809,118.438805
MNE,2010,NA,3,2,F,NA,0.815,178.40654
MNE,2011,NA,3,2,F,NA,0.822,222.98883
MNE,2012,NA,3,2,F,41,0.825,256.07562
MNE,2013,NA,3,2,F,44,0.83,305.30673
MNE,2014,NA,3,2,F,42,0.833,319.3137
MNE,2015,NA,3,3,PF,44,0.839,358.93643
MNE,2016,NA,3,3,PF,45,0.836,385.51025
MNE,2017,NA,3,3,PF,46,0.843,454.19836
MNE,2018,NA,4,3,PF,45,0.849,409.28235
MNE,2019,NA,4,3,PF,45,0.851,448.67752
MNE,2020,NA,3,3,PF,45,0.841,506.04062
MNE,2021,NA,3,3,PF,46,0.84,502.2454
MNE,2022,NA,3,3,PF,45,0.853,472.95422
MNE,2023,NA,3,3,PF,46,0.862,NA
MNE,2024,NA,3,3,PF,46,NA,NA
MAR,1990,NA,4,4,PF,NA,0.451,NA
MAR,1991,NA,5,5,PF,NA,0.457,NA
MAR,1992,NA,6,5,PF,NA,0.461,NA
MAR,1993,NA,5,5,PF,NA,0.468,NA
MAR,1994,NA,5,5,PF,NA,0.48,NA
MAR,1995,NA,5,5,PF,NA,0.484,NA
MAR,1996,NA,5,5,PF,NA,0.495,18.860712
MAR,1997,NA,5,5,PF,NA,0.5,22.318836
MOZ,1990,NA,6,6,NF,NA,0.246,NA
MOZ,1991,NA,6,4,PF,NA,0.25,NA
MOZ,1992,NA,6,4,PF,NA,0.245,NA
MOZ,1993,NA,6,5,NF,NA,0.252,NA
MOZ,1994,NA,3,5,PF,NA,0.255,NA
MOZ,1995,NA,3,4,PF,NA,0.257,NA
MOZ,1996,NA,3,4,PF,NA,0.269,0.78945076
MOZ,1997,NA,3,4,PF,NA,0.281,1.2188803
MOZ,1998,NA,3,4,PF,NA,0.292,1.5063034
MOZ,1999,NA,3,4,PF,NA,0.304,1.2224755
MOZ,2000,NA,3,4,PF,NA,0.311,1.243267
MOZ,2001,NA,3,4,PF,NA,0.326,1.7326825
MOZ,2002,NA,3,4,PF,NA,0.335,1.2553842
MOZ,2003,NA,3,4,PF,NA,0.35,1.3536178
MMR,1990,NA,7,7,NF,NA,0.347,NA
MMR,1991,NA,7,7,NF,NA,0.354,NA
MMR,1992,NA,7,7,NF,NA,0.368,NA
MMR,1993,NA,7,7,NF,NA,0.374,NA
MMR,1994,NA,7,7,NF,NA,0.381,NA
MMR,1995,NA,7,7,NF,NA,0.385,NA
MMR,1996,NA,7,7,NF,NA,0.391,0.13208245
MMR,1997,NA,7,7,NF,NA,0.396,0.2846109
MMR,1998,NA,7,7,NF,NA,0.399,0.2578077
MMR,1999,NA,7,7,NF,NA,0.406,0.28981155
MMR,2000,NA,7,7,NF,NA,0.415,0.32721847
NAM,1990,NA,2,3,F,NA,0.597,NA
NAM,1991,NA,2,3,F,NA,0.602,NA
NAM,1992,NA,2,2,F,NA,0.603,NA
NAM,1993,NA,2,3,F,NA,0.601,NA
NAM,1994,NA,2,3,F,NA,0.6,NA
NAM,1995,NA,2,3,F,NA,0.595,NA
NAM,1996,NA,2,3,F,NA,0.587,11.238665
NAM,1997,NA,2,3,F,NA,0.58,18.226873
NAM,1998,NA,2,3,F,NA,0.574,26.547472
NAM,1999,NA,2,3,F,NA,0.565,16.454924
NAM,2000,NA,2,3,F,NA,0.561,11.415079
NAM,2001,NA,2,3,F,NA,0.555,24.35586
NAM,2002,NA,2,3,F,NA,0.555,19.254274
NRU,1990,NA,1,2,F,NA,NA,NA
NRU,1991,NA,1,2,F,NA,NA,NA
NRU,1992,NA,1,2,F,NA,NA,NA
NRU,1993,NA,1,3,F,NA,NA,NA
NRU,1994,NA,1,3,F,NA,NA,NA
NRU,1995,NA,1,3,F,NA,NA,NA
NRU,1996,NA,1,3,F,NA,NA,0
NRU,1997,NA,1,3,F,NA,NA,24.517015
NRU,1998,NA,1,3,F,NA,NA,13.728182
NRU,1999,NA,1,3,F,NA,NA,0
NRU,2000,NA,1,3,F,NA,NA,0
NRU,2001,NA,1,3,F,NA,NA,32.576508
NRU,2002,NA,1,2,F,NA,NA,0
NRU,2003,NA,1,1,F,NA,NA,0
NRU,2004,NA,1,1,F,NA,NA,22.862823
NRU,2005,NA,F,1,1,NA,0.589,49.756195
NRU,2006,NA,1,1,F,NA,0.565,26.908512
NRU,2007,NA,1,1,F,NA,0.581,0
NRU,2008,NA,1,1,F,NA,0.614,0
NRU,2009,NA,1,1,F,NA,0.607,66.892975
NRU,2010,NA,1,1,F,NA,0.616,0
NRU,2011,NA,1,1,F,NA,0.624,73.28184
NRU,2012,NA,1,1,F,NA,0.633,48.69972
NRU,2013,NA,1,1,F,NA,0.64,32.32861
NRU,2014,NA,1,2,F,NA,0.655,34.444237
NRU,2015,NA,2,2,F,NA,0.66,30.125982
NRU,2016,NA,2,2,F,NA,0.67,42.152466
NRU,2017,NA,2,2,F,NA,0.67,0
NRU,2018,NA,2,2,F,NA,0.668,0
NRU,2019,NA,2,3,F,NA,0.678,28.480194
NRU,2020,NA,2,3,F,NA,0.684,77.29966
NRU,2021,NA,2,3,F,NA,0.692,0
NRU,2022,NA,2,3,F,NA,0.7,22.879417
NRU,2023,NA,2,3,F,NA,0.703,NA
NRU,2024,NA,2,3,F,NA,NA,NA
NPL,1990,NA,4,4,PF,NA,0.404,NA
NPL,1991,NA,2,3,F,NA,0.412,NA
NPL,1992,NA,2,3,F,NA,0.42,NA
NPL,1993,NA,3,4,PF,NA,0.425,NA
NPL,1994,NA,3,4,PF,NA,0.433,NA
NPL,1995,NA,3,4,PF,NA,0.438,NA
NPL,1996,NA,3,4,PF,NA,0.447,2.44571
NPL,1997,NA,3,4,PF,NA,0.453,2.8273695
NPL,1998,NA,3,4,PF,NA,0.459,3.6262124
NPL,1999,NA,3,4,PF,NA,0.464,3.5266032
NPL,2000,NA,3,4,PF,NA,0.471,4.0885653
NPL,2001,NA,3,4,PF,NA,0.472,4.5841646
NPL,2002,NA,4,4,PF,NA,0.479,4.8158274
NPL,2003,NA,5,4,PF,NA,0.486,9.120332
NPL,2004,NA,5,5,PF,NA,0.493,8.639465
NPL,2005,NA,NF,6,5,NA,0.5,11.22182
NPL,2006,NA,5,4,PF,NA,0.512,13.619959
NPL,2007,NA,5,4,PF,NA,0.516,14.511828
NPL,2008,NA,4,4,PF,NA,0.526,13.1015005
NPL,2009,NA,4,4,PF,NA,0.538,14.244637
NPL,2010,NA,4,4,PF,NA,0.551,13.968644
NPL,2011,NA,4,4,PF,NA,0.559,14.227096
NPL,2012,NA,4,4,PF,27,0.565,14.378108
NPL,2013,NA,4,4,PF,31,0.57,16.600582
NPL,2014,NA,3,4,PF,29,0.574,18.333088
NPL,2015,NA,3,4,PF,27,0.575,19.373102
NPL,2016,NA,3,4,PF,29,0.58,22.42889
NPL,2017,NA,3,4,PF,31,0.588,24.757545
NPL,2018,NA,3,4,PF,31,0.596,29.93872
NPL,2019,NA,3,4,PF,34,0.604,37.10099
NPL,2020,NA,3,4,PF,33,0.599,52.239174
NPL,2021,NA,3,4,PF,33,0.596,60.973682
NPL,2022,NA,3,4,PF,34,0.605,57.183075
NPL,2023,NA,3,4,PF,35,0.622,NA
NPL,2024,NA,3,4,PF,34,NA,NA
NLD,1990,NA,1,1,F,NA,0.855,NA
NLD,1991,NA,1,1,F,NA,0.86,NA
NLD,1992,NA,1,1,F,NA,0.861,NA
NLD,1993,NA,1,1,F,NA,0.863,NA
NLD,1994,NA,1,1,F,NA,0.889,NA
NLD,1995,NA,1,1,F,NA,0.886,NA
NLD,1996,NA,1,1,F,NA,0.89,1195.4297
NLD,1997,NA,1,1,F,NA,0.891,1195.0078
NZL,1990,NA,1,1,F,NA,0.811,NA
NZL,1991,NA,1,1,F,NA,0.813,NA
NZL,1992,NA,1,1,F,NA,0.822,NA
NZL,1993,NA,1,1,F,NA,0.838,NA
NZL,1994,NA,1,1,F,NA,0.852,NA
NZL,1995,NA,1,1,F,NA,0.858,NA
NZL,1996,NA,1,1,F,NA,0.862,1004.68115
NZL,1997,NA,1,1,F,NA,0.871,1065.2341
NIC,1990,NA,3,3,PF,NA,0.515,NA
NIC,1991,NA,3,3,PF,NA,0.526,NA
NIC,1992,NA,4,3,PF,NA,0.531,NA
NIC,1993,NA,4,5,PF,NA,0.534,NA
NIC,1994,NA,4,5,PF,NA,0.54,NA
NIC,1995,NA,4,4,PF,NA,0.549,NA
NIC,1996,NA,3,3,PF,NA,0.559,3.3530838
NIC,1997,NA,3,3,PF,NA,0.568,4.114711
NIC,1998,NA,2,3,PF,NA,0.569,2.7827518
NIC,1999,NA,3,3,PF,NA,0.585,1.7722987
NIC,2000,NA,3,3,PF,NA,0.593,2.8152566
NIC,2001,NA,3,3,PF,NA,0.601,2.1345074
NIC,2002,NA,3,3,PF,NA,0.609,1.4815795
NIC,2003,NA,3,3,PF,NA,0.615,2.8132997
NIC,2004,NA,3,3,PF,NA,0.623,3.2619548
NIC,2005,NA,PF,3,3,NA,0.63,4.09202
NER,1990,NA,6,5,NF,NA,0.215,NA
NER,1991,NA,6,5,PF,NA,0.219,NA
NER,1992,NA,5,4,PF,NA,0.222,NA
NER,1993,NA,3,4,PF,NA,0.228,NA
NER,1994,NA,3,5,PF,NA,0.233,NA
NER,1995,NA,3,5,PF,NA,0.238,NA
NER,1996,NA,7,5,NF,NA,0.245,1.9233732
NER,1997,NA,7,5,NF,NA,0.25,3.5920753
NER,1998,NA,7,5,NF,NA,0.258,3.3012416
NER,1999,NA,5,5,PF,NA,0.263,2.4852908
NER,2000,NA,4,4,PF,NA,0.266,2.1703565
NER,2001,NA,4,4,PF,NA,0.272,2.1626344
NER,2002,NA,4,4,PF,NA,0.278,1.6325018
NER,2003,NA,4,4,PF,NA,0.284,1.8691905
NER,2004,NA,3,3,PF,NA,0.292,1.6930708
NER,2005,NA,PF,3,3,NA,0.302,1.5643865
NER,2006,NA,3,3,PF,NA,0.309,2.061873
NER,2007,NA,3,4,PF,NA,0.313,1.9866775
NER,2008,NA,3,4,PF,NA,0.323,1.7608482
NER,2009,NA,5,4,PF,NA,0.329,3.3599532
NER,2010,NA,5,4,PF,NA,0.339,4.0963607
NER,2011,NA,3,4,PF,NA,0.346,1.8275199
NER,2012,NA,3,4,PF,33,0.356,1.7245276
NER,2016,NA,4,4,PF,35,0.38,2.4717495
NER,2017,NA,4,4,PF,33,0.384,2.665678
NER,2018,NA,4,4,PF,34,0.391,2.969614
NER,2019,NA,4,4,PF,32,0.4,2.7732558
NGA,1990,NA,5,5,PF,NA,0.379,NA
NGA,1991,NA,5,4,PF,NA,0.383,NA
NGA,1992,NA,5,4,PF,NA,0.388,NA
NGA,1993,NA,7,5,NF,NA,0.393,NA
NGA,1994,NA,7,6,NF,NA,0.397,NA
NGA,1995,NA,7,7,NF,NA,0.402,NA
NGA,1996,NA,7,6,NF,NA,0.408,7.9867415
NGA,1997,NA,7,6,NF,NA,0.413,7.9161634
PRK,1990,NA,7,7,NF,NA,NA,NA
PRK,1991,NA,7,7,NF,NA,NA,NA
PRK,1992,NA,7,7,NF,NA,NA,NA
PRK,1993,NA,7,7,NF,NA,NA,NA
PRK,1994,NA,7,7,NF,NA,NA,NA
PRK,1995,NA,7,7,NF,NA,NA,NA
PRK,1996,NA,7,7,NF,NA,NA,0.05022767
PRK,1997,NA,7,7,NF,NA,NA,0.059712265
PRK,1998,NA,7,7,NF,NA,NA,0.0514766
PRK,1999,NA,7,7,NF,NA,NA,0.023832222
PRK,2000,NA,7,7,NF,NA,NA,0.0676078
PRK,2001,NA,7,7,NF,NA,NA,0.007138251
PRK,2002,NA,7,7,NF,NA,NA,0.05554634
PRK,2003,NA,7,7,NF,NA,NA,0.05520876
PRK,2004,NA,7,7,NF,NA,NA,0.07792226
PRK,2005,NA,NF,7,7,NA,NA,0.17666517
PRK,2019,NA,7,7,NF,17,NA,5.5538845
PRK,2020,NA,7,7,NF,18,NA,6.782135
PRK,2021,NA,7,7,NF,16,NA,9.3429785
PRK,2022,NA,7,7,NF,17,NA,10.007655
PRK,2023,NA,7,7,NF,17,NA,NA
PRK,2024,NA,7,7,NF,15,NA,NA
MKD,1992,NA,3,4,PF,NA,0.642,NA
MKD,1993,NA,3,3,PF,NA,0.647,NA
MKD,1994,NA,4,3,PF,NA,0.648,NA
MKD,1995,NA,4,3,PF,NA,0.653,NA
MKD,1996,NA,4,3,PF,NA,0.657,39.834976
MKD,1997,NA,4,3,PF,NA,0.661,59.48813
MKD,1998,NA,3,3,PF,NA,0.666,46.40545
MKD,1999,NA,3,3,PF,NA,0.675,46.11475
MKD,2000,NA,4,3,PF,NA,0.686,61.455326
MKD,2001,NA,4,4,PF,NA,0.691,69.48315
MKD,2002,NA,3,3,PF,NA,0.694,62.945606
MKD,2003,NA,3,3,PF,NA,0.7,65.624344
MKD,2004,NA,3,3,PF,NA,0.708,68.019516
MKD,2005,NA,PF,3,3,NA,0.717,87.14775
MKD,2006,NA,3,3,PF,NA,0.726,98.72701
MKD,2007,NA,3,3,PF,NA,0.732,130.85667
MKD,2008,NA,3,3,PF,NA,0.753,149.31831
MKD,2009,NA,3,3,PF,NA,0.757,165.58249
MKD,2010,NA,3,3,PF,NA,0.765,182.64418
MKD,2011,NA,3,3,PF,NA,0.771,238.85645
MKD,2012,NA,3,3,PF,43,0.775,247.51518
MKD,2013,NA,3,3,PF,44,0.782,242.9168
MKD,2014,NA,4,3,PF,45,0.788,257.1449
MKD,2015,NA,4,3,PF,42,0.795,251.39743000000001
MKD,2016,NA,4,3,PF,37,0.8,231.35236
MKD,2017,NA,4,3,PF,35,0.807,246.02126
MKD,2018,NA,4,3,PF,37,0.814,237.1667
MKD,2019,NA,3,3,PF,35,0.805,249.28822
MKD,2020,NA,3,3,PF,35,0.783,239.26741
MKD,2021,NA,3,3,PF,39,0.781,239.94156
MKD,2022,NA,3,3,PF,40,0.811,290.53146
MKD,2023,NA,3,3,PF,42,0.815,NA
MKD,2024,NA,3,3,PF,40,NA,NA
NOR,1990,NA,1,1,F,NA,0.856,NA
NOR,1991,NA,1,1,F,NA,0.863,NA
NOR,1992,NA,1,1,F,NA,0.868,NA
NOR,1993,NA,1,1,F,NA,0.875,NA
NOR,1994,NA,1,1,F,NA,0.89,NA
NOR,1995,NA,1,1,F,NA,0.887,NA
NOR,1996,NA,1,1,F,NA,0.894,1093.283
NOR,1997,NA,1,1,F,NA,0.9,1170.9458
OMN,1990,NA,6,6,NF,NA,NA,NA
OMN,1991,NA,6,6,NF,NA,NA,NA
OMN,1992,NA,6,5,PF,NA,NA,NA
OMN,1993,NA,6,6,NF,NA,NA,NA
OMN,1994,NA,6,6,NF,NA,NA,NA
OMN,1995,NA,6,6,NF,NA,NA,NA
OMN,1996,NA,6,6,NF,NA,NA,54.87903
OMN,1997,NA,6,6,NF,NA,NA,56.37416
PAK,1990,NA,4,4,PF,NA,0.396,NA
PAK,1991,NA,4,5,PF,NA,0.4,NA
PAK,1992,NA,4,5,PF,NA,0.405,NA
PAK,1993,NA,3,5,PF,NA,0.408,NA
PAK,1994,NA,3,5,PF,NA,0.412,NA
PAK,1995,NA,3,5,PF,NA,0.415,NA
PAK,1996,NA,4,5,PF,NA,0.42,5.253502
PAK,1997,NA,4,5,PF,NA,0.422,5.625622
PLW,1994,NA,1,2,F,NA,NA,NA
PLW,1995,NA,1,2,F,NA,NA,NA
PLW,1996,NA,1,2,F,NA,NA,73.07126
PLW,1997,NA,1,2,F,NA,NA,50.806274
PLW,1998,NA,1,2,F,NA,NA,80.97603
PLW,1999,NA,1,2,F,NA,NA,0
PLW,2000,NA,1,2,F,NA,0.736,121.49337
PLW,2001,NA,1,2,F,NA,0.741,159.67342
PLW,2002,NA,1,2,F,NA,0.746,93.83172
PLW,2003,NA,1,1,F,NA,0.749,93.087135
PLW,2004,NA,1,1,F,NA,0.755,145.30777
PLW,2005,NA,F,1,1,NA,0.761,528.78546
PLW,2006,NA,1,1,F,NA,0.765,244.47507
PLW,2007,NA,1,1,F,NA,0.771,412.91058
PLW,2008,NA,1,1,F,NA,0.773,195.17072
PLW,2009,NA,1,1,F,NA,0.776,145.91908
PLW,2010,NA,1,1,F,NA,0.779,281.03937
PLW,2011,NA,1,1,F,NA,0.784,102.33433
PLW,2012,NA,1,1,F,NA,0.787,126.653534
PLW,2013,NA,1,1,F,NA,0.791,237.98729
PLW,2014,NA,1,1,F,NA,0.795,265.87637
PLW,2015,NA,1,1,F,NA,0.802,315.70062
PLW,2016,NA,1,1,F,NA,0.804,185.4245
PLW,2017,NA,1,1,F,NA,0.804,334.6059
PLW,2018,NA,1,1,F,NA,0.805,365.44293
PLW,2019,NA,1,1,F,NA,0.806,342.73514
PLW,2020,NA,1,1,F,NA,0.799,366.45685
PLW,2021,NA,1,1,F,NA,0.789,315.46985
PLW,2022,NA,1,1,F,NA,0.786,363.1961
PLW,2023,NA,1,1,F,NA,0.786,NA
PLW,2024,NA,1,1,F,NA,NA,NA
PAN,1990,NA,4,2,PF,NA,0.672,NA
PAN,1991,NA,4,2,PF,NA,0.674,NA
PAN,1992,NA,4,3,PF,NA,0.68,NA
PAN,1993,NA,3,3,PF,NA,0.686,NA
PAN,1994,NA,2,3,F,NA,0.688,NA
PAN,1995,NA,2,3,F,NA,0.69,NA
PAN,1996,NA,2,3,F,NA,0.694,23.699503
PAN,1997,NA,2,3,F,NA,0.701,16.547426
PNG,1990,NA,2,3,F,NA,0.403,NA
PNG,1991,NA,2,3,F,NA,0.411,NA
PNG,1992,NA,2,3,F,NA,0.421,NA
PNG,1993,NA,2,4,PF,NA,0.432,NA
PNG,1994,NA,2,4,PF,NA,0.439,NA
PNG,1995,NA,2,4,PF,NA,0.442,NA
PNG,1996,NA,2,4,PF,NA,0.448,17.900175
PNG,1997,NA,2,4,PF,NA,0.449,14.799866
PRY,1990,NA,4,3,PF,NA,0.607,NA
PRY,1991,NA,3,3,PF,NA,0.613,NA
PRY,1992,NA,3,3,PF,NA,0.619,NA
PRY,1993,NA,3,3,PF,NA,0.626,NA
PRY,1994,NA,4,3,PF,NA,0.631,NA
PRY,1995,NA,4,3,PF,NA,0.637,NA
PRY,1996,NA,4,3,PF,NA,0.646,3.3279696
PRY,1997,NA,4,3,PF,NA,0.653,3.0952702
PRY,1998,NA,4,3,PF,NA,0.659,3.5183494
PRY,1999,NA,4,3,PF,NA,0.664,3.1840036
PER,1990,NA,3,4,PF,NA,0.625,NA
PER,1991,NA,3,5,PF,NA,0.628,NA
PER,1992,NA,6,5,PF,NA,0.629,NA
PER,1993,NA,5,5,PF,NA,0.633,NA
PER,1994,NA,5,4,PF,NA,0.644,NA
PER,1995,NA,5,4,PF,NA,0.654,NA
PER,1996,NA,4,3,PF,NA,0.658,4.9119005
PER,1997,NA,5,4,PF,NA,0.663,4.6589108
PHL,1990,NA,3,3,PF,NA,0.593,NA
PHL,1991,NA,3,3,PF,NA,0.594,NA
PHL,1992,NA,3,3,PF,NA,0.599,NA
PHL,1993,NA,3,4,PF,NA,0.602,NA
PHL,1994,NA,3,4,PF,NA,0.606,NA
PHL,1995,NA,2,4,PF,NA,0.609,NA
PHL,1996,NA,2,3,F,NA,0.619,3.6599128
PHL,1997,NA,2,3,F,NA,0.623,4.035378
POL,1990,NA,2,2,F,NA,0.722,NA
POL,1991,NA,2,2,F,NA,0.72,NA
POL,1992,NA,2,2,F,NA,0.724,NA
POL,1993,NA,2,2,F,NA,0.737,NA
POL,1994,NA,2,2,F,NA,0.747,NA
POL,1995,NA,1,2,F,NA,0.754,NA
POL,1996,NA,1,2,F,NA,0.763,286.4909
POL,1997,NA,1,2,F,NA,0.775,286.5632
PRT,1990,NA,1,2,F,NA,0.707,NA
PRT,1991,NA,1,1,F,NA,0.718,NA
PRT,1992,NA,1,1,F,NA,0.735,NA
PRT,1993,NA,1,1,F,NA,0.751,NA
PRT,1994,NA,1,1,F,NA,0.765,NA
PRT,1995,NA,1,1,F,NA,0.773,NA
PRT,1996,NA,1,1,F,NA,0.781,219.66037
PRT,1997,NA,1,1,F,NA,0.789,259.08755
QAT,1990,NA,7,5,NF,NA,0.767,NA
QAT,1991,NA,7,5,NF,NA,0.768,NA
QAT,1992,NA,7,6,NF,NA,0.77,NA
QAT,1993,NA,7,6,NF,NA,0.778,NA
QAT,1994,NA,7,6,NF,NA,0.784,NA
QAT,1995,NA,7,6,NF,NA,0.788,NA
QAT,1996,NA,7,6,NF,NA,0.791,86.04606
QAT,1997,NA,7,6,NF,NA,0.794,80
ROU,1990,NA,6,5,NF,NA,0.719,NA
ROU,1991,NA,5,5,PF,NA,0.705,NA
ROU,1992,NA,4,4,PF,NA,0.694,NA
ROU,1993,NA,4,4,PF,NA,0.692,NA
ROU,1994,NA,4,3,PF,NA,0.695,NA
ROU,1995,NA,4,3,PF,NA,0.701,NA
ROU,1996,NA,2,3,F,NA,0.707,77.98486
ROU,1997,NA,2,2,F,NA,0.709,90.477165
RUS,1991,NA,3,3,PF,NA,0.758,NA
RUS,1992,NA,3,4,PF,NA,0.744,NA
RUS,1993,NA,3,4,PF,NA,0.725,NA
RUS,1994,NA,3,4,PF,NA,0.712,NA
RUS,1995,NA,3,4,PF,NA,0.713,NA
RUS,1996,NA,3,4,PF,NA,0.723,234.01578
RUS,1997,NA,3,4,PF,NA,0.734,228.34334
RWA,1990,NA,6,6,NF,NA,NA,NA
RWA,1991,NA,6,6,NF,NA,NA,NA
RWA,1992,NA,6,5,NF,NA,NA,NA
RWA,1993,NA,6,5,NF,NA,NA,NA
RWA,1994,NA,7,7,NF,NA,NA,NA
RWA,1995,NA,7,6,NF,NA,0.294,NA
RWA,1996,NA,7,6,NF,NA,0.297,1.174583
RWA,1997,NA,7,6,NF,NA,0.295,1.0831388
RWA,1998,NA,7,6,NF,NA,0.304,1.1655991
RWA,1999,NA,7,6,NF,NA,0.317,0.294554
RWA,2000,NA,7,6,NF,NA,0.34,0.3883646
RWA,2001,NA,7,6,NF,NA,0.37,0.49957198
RWA,2002,NA,7,5,NF,NA,0.385,0.4440381
RWA,2003,NA,6,5,NF,NA,0.398,0.83383065
RWA,2004,NA,6,5,NF,NA,0.417,1.0355179
RWA,2005,NA,NF,6,5,NA,0.433,0.74879664
RWA,2006,NA,6,5,NF,NA,0.452,2.0442517
RWA,2007,NA,6,5,NF,NA,0.467,2.147659
RWA,2008,NA,6,5,NF,NA,0.479,2.9803343
RWA,2009,NA,6,5,NF,NA,0.493,3.458102
RWA,2010,NA,6,5,NF,NA,0.504,4.356653
RWA,2011,NA,6,5,NF,NA,0.512,4.451597
RWA,2012,NA,6,6,NF,53,0.521,4.963111
RWA,2013,NA,6,5,NF,53,0.499,7.9525194
RWA,2014,NA,6,6,NF,49,0.525,8.491162
RWA,2015,NA,6,6,NF,54,0.525,8.8066845
RWA,2016,NA,6,6,NF,54,0.534,10.925245
RWA,2017,NA,6,6,NF,55,0.539,10.468724
RWA,2018,NA,6,6,NF,56,0.54,13.862912
RWA,2019,NA,6,6,NF,53,0.55,15.475768
RWA,2020,NA,6,6,NF,54,0.555,20.28037
RWA,2021,NA,6,6,NF,53,0.562,24.6285
RWA,2022,NA,6,6,NF,51,0.57,25.85446
RWA,2023,NA,6,6,NF,53,0.578,NA
RWA,2024,NA,6,6,NF,57,NA,NA
WSM,1990,NA,2,2,F,NA,NA,NA
WSM,1991,NA,2,2,F,NA,NA,NA
WSM,1992,NA,2,2,F,NA,NA,NA
WSM,1993,NA,2,2,F,NA,NA,NA
WSM,1994,NA,2,2,F,NA,NA,NA
WSM,1995,NA,2,2,F,NA,0.655,NA
WSM,1996,NA,2,2,F,NA,0.663,15.164337
WSM,1997,NA,2,2,F,NA,0.665,25.063786
WSM,1998,NA,2,3,F,NA,0.669,25.153013
WSM,1999,NA,2,2,F,NA,0.672,35.88961
WSM,2000,NA,2,2,F,NA,0.676,36.71189
WSM,2001,NA,2,2,F,NA,0.683,42.802704
WSM,2002,NA,2,2,F,NA,0.682,39.4642
WSM,2003,NA,2,2,F,NA,0.687,25.993637
WSM,2004,NA,2,2,F,NA,0.691,26.040407
WSM,2005,NA,F,2,2,NA,0.694,24.548344
WSM,2006,NA,2,2,F,NA,0.697,63.289455
WSM,2007,NA,2,2,F,NA,0.701,24.423454
WSM,2008,NA,2,2,F,NA,0.702,19.094511
WSM,2009,NA,2,2,F,NA,0.694,28.092089
WSM,2010,NA,2,2,F,NA,0.708,29.271124
WSM,2011,NA,2,2,F,NA,0.711,29.017067
WSM,2012,NA,2,2,F,NA,0.707,12.773667
WSM,2013,NA,2,2,F,NA,0.706,22.293058
WSM,2014,NA,2,2,F,NA,0.706,51.19053
WSM,2015,NA,2,2,F,NA,0.708,50.40093
WSM,2016,NA,2,2,F,NA,0.712,36.216393
WSM,2017,NA,2,2,F,NA,0.712,45.858383
WSM,2018,NA,2,2,F,NA,0.711,56.845005
WSM,2019,NA,2,2,F,NA,0.708,40.804653
WSM,2020,NA,2,2,F,NA,0.708,101.01725
WSM,2021,NA,2,2,F,NA,0.706,111.142815
WSM,2022,NA,2,2,F,NA,0.703,75.257484
WSM,2023,NA,2,2,F,NA,0.708,NA
WSM,2024,NA,2,2,F,NA,NA,NA
SMR,1992,NA,1,1,F,NA,NA,NA
SMR,1993,NA,1,1,F,NA,NA,NA
SMR,1994,NA,1,1,F,NA,NA,NA
SMR,1995,NA,1,1,F,NA,NA,NA
SMR,1996,NA,1,1,F,NA,NA,118.90746
SMR,1997,NA,1,1,F,NA,NA,17.829458
SMR,1998,NA,1,1,F,NA,NA,108.70813
SMR,1999,NA,1,1,F,NA,NA,3.0235457
SMR,2000,NA,1,1,F,NA,0.881,55.972237
SMR,2001,NA,1,1,F,NA,0.883,40.157684
SMR,2002,NA,1,1,F,NA,0.885,0
SMR,2003,NA,1,1,F,NA,0.888,6.105664
SMR,2004,NA,1,1,F,NA,0.89,53.63751
SMR,2005,NA,F,1,1,NA,0.893,44.577023
SMR,2006,NA,1,1,F,NA,0.895,22.197191
SMR,2007,NA,1,1,F,NA,0.898,77.536766
SMR,2008,NA,1,1,F,NA,0.9,118.75434
SMR,2009,NA,1,1,F,NA,0.903,36.59348
SMR,2010,NA,1,1,F,NA,0.905,39.074238
SMR,2011,NA,1,1,F,NA,0.902,71.428566
SMR,2012,NA,1,1,F,NA,0.893,109.35493
SMR,2013,NA,1,1,F,NA,0.896,212.76596
SMR,2014,NA,1,1,F,NA,0.897,150.05359
SMR,2015,NA,1,1,F,NA,0.896,220.38484
SMR,2016,NA,1,1,F,NA,0.898,258.60248
SMR,2017,NA,1,1,F,NA,0.903,423.05988
SMR,2018,NA,1,1,F,NA,0.904,351.08047
SMR,2019,NA,1,1,F,NA,0.908,345.0365
SMR,2020,NA,1,1,F,NA,0.895,291.9183
SMR,2021,NA,1,1,F,NA,0.903,470.04556
SMR,2022,NA,1,1,F,NA,0.91,566.43463
SMR,2023,NA,1,1,F,NA,0.915,NA
SMR,2024,NA,1,1,F,NA,NA,NA
STP,1990,NA,5,5,PF,NA,NA,NA
STP,1991,NA,2,3,F,NA,NA,NA
STP,1992,NA,2,3,F,NA,NA,NA
STP,1993,NA,1,2,F,NA,NA,NA
STP,1994,NA,1,2,F,NA,NA,NA
STP,1995,NA,1,2,F,NA,NA,NA
STP,1996,NA,1,2,F,NA,NA,12.193163
STP,1997,NA,1,2,F,NA,NA,7.198284
STP,1998,NA,1,2,F,NA,NA,0.35523728
STP,1999,NA,1,2,F,NA,NA,0
STP,2000,NA,1,2,F,NA,NA,2.5691233
STP,2001,NA,1,2,F,NA,NA,5.6703672
STP,2002,NA,1,2,F,NA,NA,5.2027054
STP,2003,NA,2,2,F,NA,NA,11.507405
STP,2004,NA,2,2,F,NA,NA,3.6777527
STP,2005,NA,F,2,2,NA,0.535,1.5466565
STP,2006,NA,2,2,F,NA,0.546,5.8561444
STP,2007,NA,2,2,F,NA,0.552,7.719505
STP,2008,NA,2,2,F,NA,0.557,0
STP,2009,NA,2,2,F,NA,0.561,10.0082655
STP,2010,NA,2,2,F,NA,0.564,12.266091
STP,2011,NA,2,2,F,NA,0.569,0
STP,2012,NA,2,2,F,42,0.574,2.7449467
STP,2013,NA,2,2,F,42,0.585,0.8283803
STP,2014,NA,2,2,F,42,0.596,6.30187
STP,2015,NA,2,2,F,42,0.608,7.0896845
STP,2016,NA,2,2,F,46,0.613,5.4985785
STP,2017,NA,2,2,F,46,0.617,4.251824
STP,2018,NA,2,2,F,46,0.621,4.0915947
STP,2019,NA,2,2,F,46,0.625,11.10632
STP,2020,NA,2,2,F,47,0.628,12.78543
STP,2021,NA,2,2,F,45,0.631,13.335676
STP,2022,NA,2,2,F,45,0.636,16.791498
STP,2023,NA,2,2,F,45,0.637,NA
STP,2024,NA,2,2,F,45,NA,NA
SAU,1990,NA,7,6,NF,NA,0.67,NA
SAU,1991,NA,7,6,NF,NA,0.681,NA
SAU,1992,NA,7,7,NF,NA,0.688,NA
SAU,1993,NA,7,7,NF,NA,0.693,NA
SAU,1994,NA,7,7,NF,NA,0.699,NA
SAU,1995,NA,7,7,NF,NA,0.705,NA
SAU,1996,NA,7,7,NF,NA,0.711,120.05054
SAU,1997,NA,7,7,NF,NA,0.718,118.063774
SEN,1990,NA,4,3,PF,NA,0.377,NA
SEN,1991,NA,4,3,PF,NA,0.379,NA
SEN,1992,NA,4,3,PF,NA,0.381,NA
SEN,1993,NA,4,5,PF,NA,0.382,NA
SEN,1994,NA,4,5,PF,NA,0.382,NA
SEN,1995,NA,4,5,PF,NA,0.384,NA
SEN,1996,NA,4,4,PF,NA,0.385,17.02104
SEN,1997,NA,4,4,PF,NA,0.386,16.684448
SEN,1998,NA,4,4,PF,NA,0.389,18.062807
SEN,1999,NA,4,4,PF,NA,0.392,18.897558
SEN,2000,NA,3,4,PF,NA,0.398,14.625421
SEN,2001,NA,3,4,PF,NA,0.404,14.619685
SEN,2002,NA,2,3,F,NA,0.409,15.690488
SEN,2003,NA,2,3,F,NA,0.416,19.229235
SEN,2004,NA,2,3,F,NA,0.423,15.473268
SEN,2005,NA,F,2,3,NA,0.43,18.064217
SEN,2006,NA,2,3,F,NA,0.438,14.625967
SYC,1990,NA,6,6,NF,NA,NA,NA
SYC,1991,NA,6,6,NF,NA,NA,NA
SYC,1992,NA,6,4,PF,NA,NA,NA
SYC,1993,NA,3,4,PF,NA,NA,NA
SYC,1994,NA,3,4,PF,NA,NA,NA
SYC,1995,NA,3,3,PF,NA,NA,NA
SYC,1996,NA,3,3,PF,NA,NA,32.715233
SYC,1997,NA,3,3,PF,NA,NA,29.488224
SYC,1998,NA,3,3,PF,NA,NA,63.79525
SYC,1999,NA,3,3,PF,NA,NA,8.456659
SYC,2000,NA,3,3,PF,NA,NA,54.849564
SYC,2001,NA,3,3,PF,NA,NA,48.028374
SYC,2002,NA,3,3,PF,NA,NA,70.709366
SYC,2003,NA,3,3,PF,NA,NA,115.96864
SYC,2004,NA,3,3,PF,NA,NA,61.10943
SYC,2005,NA,PF,3,3,NA,NA,59.258007
SYC,2006,NA,3,3,PF,NA,NA,103.546104
SYC,2007,NA,3,3,PF,NA,NA,145.12013
SYC,2008,NA,3,3,PF,NA,NA,122.47573
SYC,2009,NA,3,3,PF,NA,NA,75.144905
SYC,2010,NA,3,3,PF,NA,0.758,142.92079
SYC,2011,NA,3,3,PF,NA,0.772,110.93194
SYC,2012,NA,3,3,PF,52,0.797,113.24644
SYC,2013,NA,3,3,PF,54,0.797,187.99542
SYC,2014,NA,3,3,PF,55,0.814,105.5178
SYC,2015,NA,3,3,PF,55,0.819,204.56224
SYC,2016,NA,3,3,PF,NA,0.836,128.85918
SYC,2017,NA,3,3,PF,60,0.844,124.683075
SYC,2018,NA,3,3,PF,66,0.847,113.88769
SYC,2019,NA,3,3,PF,66,0.85,113.90525
SYC,2020,NA,2,3,F,66,0.853,307.7329
SYC,2021,NA,2,2,F,70,0.838,219.52892
SYC,2022,NA,2,2,F,70,0.836,168.83832
SYC,2023,NA,2,2,F,71,0.848,NA
SYC,2024,NA,2,2,F,72,NA,NA
SLE,1990,NA,6,5,PF,NA,0.313,NA
SLE,1991,NA,6,5,PF,NA,0.303,NA
SLE,1992,NA,7,6,NF,NA,0.305,NA
SLE,1993,NA,7,6,NF,NA,0.312,NA
SLE,1994,NA,7,6,NF,NA,0.312,NA
SLE,1995,NA,7,6,NF,NA,0.314,NA
SLE,1996,NA,4,5,PF,NA,0.311,2.5981078
SLE,1997,NA,7,6,NF,NA,0.307,3.8813124
SLE,1998,NA,3,5,PF,NA,0.304,3.0006158
SLE,1999,NA,3,5,PF,NA,0.301,0.9541359
SLE,2000,NA,4,5,PF,NA,0.318,1.0195291
SLE,2001,NA,4,5,PF,NA,0.33,1.0292547
SLE,2002,NA,4,4,PF,NA,0.345,0.49482694
SLE,2003,NA,4,3,PF,NA,0.354,0.54271334
SLE,2004,NA,4,3,PF,NA,0.363,1.0120027
SLE,2005,NA,PF,4,3,NA,0.37,0.7288641
SLE,2006,NA,4,3,PF,NA,0.372,0.97075886
SLE,2007,NA,3,3,PF,NA,0.391,0.8209621
SLE,2008,NA,3,3,PF,NA,0.4,1.3079498
SLE,2009,NA,3,3,PF,NA,0.406,1.4796109
SLE,2010,NA,3,3,PF,NA,0.41,1.9412751
SLE,2011,NA,3,3,PF,NA,0.416,1.6626871
SLE,2012,NA,2,3,F,31,0.418,2.2362723
SLE,2013,NA,3,3,PF,30,0.436,2.1715653
SLE,2016,NA,3,3,PF,30,0.441,6.542381
SLE,2017,NA,3,3,PF,30,0.445,5.656364
SLE,2018,NA,3,3,PF,30,0.451,5.4364495
SLE,2019,NA,3,3,PF,33,0.455,6.734359
SLE,2020,NA,3,3,PF,33,0.454,8.07577
SLE,2021,NA,3,3,PF,34,0.458,9.700292
SLE,2022,NA,3,3,PF,34,0.463,10.483511
SLE,2023,NA,3,3,PF,35,0.467,NA
SLE,2024,NA,4,3,PF,33,NA,NA
SGP,1990,NA,4,4,PF,NA,0.819,NA
SGP,1991,NA,4,4,PF,NA,0.826,NA
SGP,1992,NA,4,5,PF,NA,0.833,NA
SGP,1993,NA,5,5,PF,NA,0.84,NA
SGP,1994,NA,5,5,PF,NA,0.848,NA
SGP,1995,NA,5,5,PF,NA,0.854,NA
SGP,1996,NA,4,5,PF,NA,0.859,664.7281
SGP,1997,NA,5,5,PF,NA,0.866,834.78876
SVK,1993,NA,3,4,PF,NA,0.71,NA
SVK,1994,NA,2,3,F,NA,0.72,NA
SVK,1995,NA,2,3,F,NA,0.729,NA
SVK,1996,NA,2,4,PF,NA,0.74,384.2902
SVK,1997,NA,2,4,PF,NA,0.747,336.53207
SVN,1991,NA,2,3,F,NA,0.736,NA
SVN,1992,NA,2,2,F,NA,0.741,NA
SVN,1993,NA,1,2,F,NA,0.746,NA
SVN,1994,NA,1,2,F,NA,0.756,NA
SVN,1995,NA,1,2,F,NA,0.768,NA
SVN,1996,NA,1,2,F,NA,0.778,557.7615
SVN,1997,NA,1,2,F,NA,0.789,622.63214
SLB,1990,NA,1,1,F,NA,NA,NA
SLB,1991,NA,1,1,F,NA,NA,NA
SLB,1992,NA,1,1,F,NA,NA,NA
SLB,1993,NA,1,2,F,NA,NA,NA
SLB,1994,NA,1,2,F,NA,NA,NA
SLB,1995,NA,1,2,F,NA,NA,NA
SLB,1996,NA,1,2,F,NA,NA,9.671497
SLB,1997,NA,1,2,F,NA,NA,21.817345
SLB,1998,NA,1,2,F,NA,NA,19.16143
SLB,1999,NA,1,2,F,NA,0.554,22.555168
SLB,2000,NA,4,4,PF,NA,0.547,12.055332
SLB,2001,NA,4,4,PF,NA,0.542,5.432786
SLB,2002,NA,3,3,PF,NA,0.539,2.2723746
SLB,2003,NA,3,3,PF,NA,0.543,8.280525
SLB,2004,NA,3,3,PF,NA,0.548,5.5624504
SLB,2005,NA,PF,3,3,NA,0.553,6.3343544
SLB,2006,NA,4,3,PF,NA,0.553,13.405372
SLB,2007,NA,4,3,PF,NA,0.552,9.13715
SLB,2008,NA,4,3,PF,NA,0.556,5.6211796
SLB,2009,NA,4,3,PF,NA,0.557,7.2953115
SLB,2010,NA,4,3,PF,NA,0.564,17.393166
SLB,2011,NA,4,3,PF,NA,0.567,13.202037
SLB,2012,NA,4,3,PF,NA,0.57,7.6184697
SLB,2013,NA,4,3,PF,NA,0.576,6.7401195
SLB,2014,NA,3,3,PF,NA,0.575,13.000319
SLB,2015,NA,3,3,PF,NA,0.576,21.457113
SLB,2016,NA,3,2,F,42,0.578,22.585257
SLB,2017,NA,3,2,F,39,0.581,15.911398
SLB,2018,NA,2,2,F,44,0.582,21.59072
SLB,2019,NA,2,2,F,42,0.583,18.444078
SLB,2020,NA,2,2,F,42,0.579,21.047739
SLB,2021,NA,2,2,F,43,0.577,18.646955
SLB,2022,NA,3,2,F,42,0.583,14.160135
SLB,2023,NA,3,2,F,43,0.584,NA
SLB,2024,NA,3,2,F,43,NA,NA
SOM,1990,NA,7,7,NF,NA,NA,NA
SOM,1991,NA,7,7,NF,NA,NA,NA
SOM,1992,NA,7,7,NF,NA,NA,NA
SOM,1993,NA,7,7,NF,NA,NA,NA
SOM,1994,NA,7,7,NF,NA,NA,NA
SOM,1995,NA,7,7,NF,NA,NA,NA
SOM,1996,NA,7,7,NF,NA,NA,0.1747309
SOM,1997,NA,7,7,NF,NA,NA,0.24282624
SOM,1998,NA,7,7,NF,NA,NA,0.058856584000000003
SOM,1999,NA,7,7,NF,NA,NA,0.09773837
SOM,2000,NA,6,7,NF,NA,NA,0.033941593
SOM,2001,NA,6,7,NF,NA,NA,0
SOM,2002,NA,6,7,NF,NA,NA,0.17905642
SOM,2003,NA,6,7,NF,NA,NA,0.18467768
SOM,2004,NA,6,7,NF,NA,NA,0.110884175
SOM,2005,NA,NF,6,7,NA,NA,0
SOM,2006,NA,7,7,NF,NA,NA,0.13940136
SOM,2007,NA,7,7,NF,NA,NA,0
SOM,2008,NA,7,7,NF,NA,NA,0.13547018
SOM,2009,NA,7,7,NF,NA,NA,0.22991002
SOM,2010,NA,7,7,NF,NA,NA,0.22345902
SOM,2011,NA,7,7,NF,NA,NA,0.23403028
SOM,2012,NA,7,7,NF,8,NA,0.11475657
SOM,2013,NA,7,7,NF,8,NA,0.49030295
SOM,2014,NA,7,7,NF,8,NA,0.4085613
SOM,2015,NA,7,7,NF,8,NA,0.39472836
SOM,2016,NA,7,7,NF,10,NA,0.24462079
SOM,2017,NA,7,7,NF,9,NA,0.7253649
SOM,2018,NA,7,7,NF,10,NA,0.6626765
SOM,2019,NA,7,7,NF,9,NA,1.1764728
SOM,2020,NA,7,7,NF,12,NA,1.986044
SOM,2021,NA,7,7,NF,13,NA,3.154921
SOM,2022,NA,7,7,NF,12,0.385,5.9819465
SOM,2023,NA,7,7,NF,11,0.404,NA
SOM,2024,NA,7,7,NF,9,NA,NA
ZAF,1990,NA,5,4,PF,NA,0.633,NA
ZAF,1991,NA,5,4,PF,NA,0.641,NA
ZAF,1992,NA,5,4,PF,NA,0.645,NA
ZAF,1993,NA,5,4,PF,NA,0.65,NA
ZAF,1994,NA,2,3,F,NA,0.654,NA
ZAF,1995,NA,1,2,F,NA,0.654,NA
ZAF,1996,NA,1,2,F,NA,0.649,86.99307
ZAF,1997,NA,1,2,F,NA,0.642,85.93347
KOR,1990,NA,2,3,F,NA,0.738,NA
KOR,1991,NA,2,3,F,NA,0.749,NA
KOR,1992,NA,2,3,F,NA,0.759,NA
KOR,1993,NA,2,2,F,NA,0.77,NA
KOR,1994,NA,2,2,F,NA,0.779,NA
KOR,1995,NA,2,2,F,NA,0.789,NA
KOR,1996,NA,2,2,F,NA,0.801,194.76291
KOR,1997,NA,2,2,F,NA,0.812,244.5494
SSD,2011,NA,6,5,NF,NA,0.422,0.15746334
SSD,2012,NA,6,5,NF,NA,0.389,0.22498569
SSD,2013,NA,6,6,NF,14,0.391,0.8024162
SSD,2020,NA,7,7,NF,12,0.398,1.3618773
SSD,2021,NA,7,7,NF,11,0.393,1.2046995
SSD,2022,NA,7,7,NF,13,0.388,1.4862295
SSD,2023,NA,7,7,NF,13,0.388,NA
SSD,2024,NA,7,7,NF,8,NA,NA
ESP,1990,NA,1,1,F,NA,0.766,NA
ESP,1991,NA,1,1,F,NA,0.774,NA
ESP,1992,NA,1,1,F,NA,0.781,NA
ESP,1993,NA,1,2,F,NA,0.789,NA
ESP,1994,NA,1,2,F,NA,0.798,NA
ESP,1995,NA,1,2,F,NA,0.804,NA
ESP,1996,NA,1,2,F,NA,0.811,529.5131
ESP,1997,NA,1,2,F,NA,0.816,568.36285
LKA,1990,NA,4,5,PF,NA,0.638,NA
LKA,1991,NA,4,5,PF,NA,0.642,NA
LKA,1992,NA,4,5,PF,NA,0.65,NA
LKA,1993,NA,4,5,PF,NA,0.658,NA
LKA,1994,NA,4,5,PF,NA,0.664,NA
LKA,1995,NA,4,5,PF,NA,0.667,NA
LKA,1996,NA,3,5,PF,NA,0.672,9.376701
LKA,1997,NA,3,4,PF,NA,0.679,11.6269
KNA,1990,NA,1,1,F,NA,NA,NA
KNA,1991,NA,1,1,F,NA,NA,NA
KNA,1992,NA,1,1,F,NA,NA,NA
KNA,1993,NA,1,1,F,NA,NA,NA
KNA,1994,NA,2,2,F,NA,NA,NA
KNA,1995,NA,1,2,F,NA,NA,NA
KNA,1996,NA,1,2,F,NA,NA,5.8306317
KNA,1997,NA,1,2,F,NA,NA,30.625404
KNA,1998,NA,1,2,F,NA,NA,33.183327
KNA,1999,NA,1,2,F,NA,NA,72.64411
KNA,2000,NA,1,2,F,NA,NA,33.150635
KNA,2001,NA,1,2,F,NA,NA,21.852669
KNA,2002,NA,1,2,F,NA,NA,7.388092
KNA,2003,NA,1,2,F,NA,NA,0
KNA,2004,NA,1,2,F,NA,NA,15.761633
KNA,2005,NA,F,1,1,NA,0.758,42.20772
KNA,2006,NA,1,1,F,NA,0.765,41.658615
KNA,2007,NA,1,1,F,NA,0.769,25.050314
KNA,2008,NA,1,1,F,NA,0.776,88.82246
KNA,2009,NA,1,1,F,NA,0.783,60.107426
KNA,2010,NA,1,1,F,NA,0.791,94.13824
KNA,2011,NA,1,1,F,NA,0.8,98.75016
KNA,2012,NA,1,1,F,NA,0.808,188.16577
KNA,2013,NA,1,1,F,NA,0.818,275.55292
KNA,2014,NA,1,1,F,NA,0.829,322.793
KNA,2015,NA,2,1,F,NA,0.83,409.87958
KNA,2016,NA,1,1,F,NA,0.832,456.93042
KNA,2017,NA,1,1,F,NA,0.834,606.3762
KNA,2018,NA,1,1,F,NA,0.835,579.9013
KNA,2019,NA,1,1,F,NA,0.839,712.6427
KNA,2020,NA,2,1,F,NA,0.828,762.5347
KNA,2021,NA,2,1,F,NA,0.818,736.69354
KNA,2022,NA,2,1,F,NA,0.829,832.17365
KNA,2023,NA,2,1,F,NA,0.84,NA
KNA,2024,NA,2,1,F,NA,NA,NA
LCA,1990,NA,1,2,F,NA,0.683,NA
LCA,1991,NA,1,2,F,NA,0.685,NA
LCA,1992,NA,1,2,F,NA,0.692,NA
LCA,1993,NA,1,2,F,NA,0.694,NA
LCA,1994,NA,1,2,F,NA,0.696,NA
LCA,1995,NA,1,2,F,NA,0.698,NA
LCA,1996,NA,1,2,F,NA,0.701,16.817783
LCA,1997,NA,1,2,F,NA,0.701,6.292235
LCA,1998,NA,1,2,F,NA,0.705,15.451554
LCA,1999,NA,1,2,F,NA,0.708,1.5953848
LCA,2000,NA,1,2,F,NA,0.71,12.609069
LCA,2001,NA,1,2,F,NA,0.712,16.413189
LCA,2002,NA,1,2,F,NA,0.716,13.424812
LCA,2003,NA,1,2,F,NA,0.721,0.55222857
LCA,2004,NA,1,2,F,NA,0.726,8.097955
LCA,2005,NA,F,1,1,NA,0.73,14.203687
LCA,2006,NA,1,1,F,NA,0.741,14.102341
LCA,2007,NA,1,1,F,NA,0.74,14.187103
LCA,2008,NA,1,1,F,NA,0.749,15.816787
LCA,2009,NA,1,1,F,NA,0.751,11.773779
LCA,2010,NA,1,1,F,NA,0.749,16.26625
LCA,2011,NA,1,1,F,NA,0.755,29.04523
LCA,2012,NA,1,1,F,71,0.748,4.3456345
LCA,2013,NA,1,1,F,71,0.741,21.341763
LCA,2014,NA,1,1,F,71,0.746,0.9188115
LCA,2015,NA,1,1,F,NA,0.757,17.78108
LCA,2016,NA,1,1,F,60,0.76,27.89702
LCA,2017,NA,1,1,F,55,0.757,13.723333
LCA,2018,NA,1,1,F,55,0.759,23.105125
LCA,2019,NA,1,1,F,55,0.745,22.9088
LCA,2020,NA,1,1,F,56,0.734,17.1669
LCA,2021,NA,1,1,F,56,0.724,27.615643
LCA,2022,NA,1,1,F,55,0.747,26.233213
LCA,2023,NA,1,1,F,55,0.748,NA
LCA,2024,NA,1,1,F,59,NA,NA
VCT,1990,NA,1,2,F,NA,NA,NA
VCT,1991,NA,1,2,F,NA,NA,NA
VCT,1992,NA,1,2,F,NA,NA,NA
VCT,1993,NA,1,1,F,NA,NA,NA
VCT,1994,NA,2,1,F,NA,NA,NA
VCT,1995,NA,2,1,F,NA,NA,NA
VCT,1996,NA,2,1,F,NA,NA,12.376347
VCT,1997,NA,2,1,F,NA,NA,5.9218144
VCT,1998,NA,2,1,F,NA,NA,2.208871
VCT,1999,NA,2,1,F,NA,NA,4.4104934
VCT,2000,NA,2,1,F,NA,0.7,3.698974
VCT,2001,NA,2,1,F,NA,0.704,0
VCT,2002,NA,2,1,F,NA,0.71,1.0586958
VCT,2003,NA,2,1,F,NA,0.715,16.17451
VCT,2004,NA,2,1,F,NA,0.719,1.1521248
VCT,2005,NA,F,2,1,NA,0.724,8.892841
VCT,2006,NA,2,1,F,NA,0.731,6.249219
VCT,2007,NA,2,1,F,NA,0.737,11.297307
VCT,2008,NA,2,1,F,NA,0.741,0
VCT,2009,NA,2,1,F,NA,0.745,10.225504
VCT,2010,NA,1,1,F,NA,0.746,9.276185
VCT,2011,NA,1,1,F,NA,0.749,0.45725155
VCT,2012,NA,1,1,F,62,0.753,8.460859
VCT,2013,NA,1,1,F,62,0.755,20.34494
VCT,2014,NA,1,1,F,62,0.759,14.04194
VCT,2015,NA,1,1,F,NA,0.765,7.1054597
VCT,2016,NA,1,1,F,60,0.771,21.250788
VCT,2017,NA,1,1,F,58,0.778,40.222218
VCT,2018,NA,1,1,F,58,0.783,11.627242
VCT,2019,NA,1,1,F,59,0.787,50.495842
VCT,2020,NA,1,1,F,59,0.781,50.615303
VCT,2021,NA,1,1,F,59,0.781,95.195496
VCT,2022,NA,1,1,F,60,0.794,81.923836
VCT,2023,NA,1,1,F,60,0.798,NA
VCT,2024,NA,1,1,F,63,NA,NA
SDN,1990,NA,7,7,NF,NA,NA,NA
SDN,1991,NA,7,7,NF,NA,NA,NA
SDN,1992,NA,7,7,NF,NA,NA,NA
SDN,1993,NA,7,7,NF,NA,NA,NA
SDN,1994,NA,7,7,NF,NA,NA,NA
SDN,1995,NA,7,7,NF,NA,NA,NA
SDN,1996,NA,7,7,NF,NA,NA,2.7295218
SDN,1997,NA,7,7,NF,NA,NA,2.755833
SDN,1998,NA,7,7,NF,NA,NA,3.3270345
SDN,1999,NA,7,7,NF,NA,NA,2.2848728
SDN,2000,NA,7,7,NF,NA,NA,2.4826772
SUR,1990,NA,6,4,PF,NA,NA,NA
SUR,1991,NA,4,4,PF,NA,NA,NA
SUR,1992,NA,3,3,PF,NA,NA,NA
SUR,1993,NA,3,3,PF,NA,NA,NA
SUR,1994,NA,3,3,PF,NA,NA,NA
SUR,1995,NA,3,3,PF,NA,NA,NA
SUR,1996,NA,3,3,PF,NA,NA,5.2184215
SUR,1997,NA,3,3,PF,NA,NA,4.374346
SUR,1998,NA,3,3,PF,NA,NA,3.4105368
SUR,1999,NA,3,3,PF,NA,NA,6.1038814
SUR,2000,NA,1,2,F,NA,NA,5.496776
SUR,2001,NA,1,2,F,NA,NA,8.775896
SUR,2002,NA,1,2,F,NA,NA,6.9882045
SUR,2003,NA,1,2,F,NA,NA,6.713875
SUR,2004,NA,1,2,F,NA,0.679,8.91184
SUR,2005,NA,F,2,2,NA,0.685,9.281493
SUR,2006,NA,2,2,F,NA,0.69,9.942914
SUR,2007,NA,2,2,F,NA,0.697,17.607756
SUR,2008,NA,2,2,F,NA,0.701,8.134091
SUR,2009,NA,2,2,F,NA,0.704,10.17352
SUR,2010,NA,2,2,F,NA,0.707,8.473913
SUR,2011,NA,2,2,F,NA,0.708,7.5682807
SUR,2012,NA,2,2,F,37,0.711,16.90267
SUR,2013,NA,2,2,F,36,0.714,28.768763
SUR,2014,NA,2,2,F,36,0.715,14.686125
SUR,2015,NA,2,3,F,36,0.718,22.694958
SUR,2016,NA,2,3,F,45,0.716,37.66863
SUR,2017,NA,2,2,F,41,0.715,24.708908
SUR,2018,NA,2,3,F,43,0.719,29.156998
SUR,2019,NA,2,3,F,44,0.72,32.98292
SUR,2020,NA,2,2,F,38,0.714,32.41785
SUR,2021,NA,2,2,F,39,0.697,40.33041
SUR,2022,NA,2,2,F,40,0.719,21.390837
SUR,2023,NA,2,2,F,40,0.722,NA
SUR,2024,NA,2,2,F,40,NA,NA
SWE,1990,NA,1,1,F,NA,0.818,NA
SWE,1991,NA,1,1,F,NA,0.821,NA
SWE,1992,NA,1,1,F,NA,0.829,NA
SWE,1993,NA,1,1,F,NA,0.85,NA
SWE,1994,NA,1,1,F,NA,0.862,NA
SWE,1995,NA,1,1,F,NA,0.869,NA
SWE,1996,NA,1,1,F,NA,0.877,1513.975
SWE,1997,NA,1,1,F,NA,0.888,1560.4254
CHE,1990,NA,1,1,F,NA,0.858,NA
CHE,1991,NA,1,1,F,NA,0.86,NA
CHE,1992,NA,1,1,F,NA,0.863,NA
CHE,1993,NA,1,1,F,NA,0.867,NA
CHE,1994,NA,1,1,F,NA,0.87,NA
CHE,1995,NA,1,1,F,NA,0.872,NA
CHE,1996,NA,1,1,F,NA,0.875,1626.0256
CHE,1997,NA,1,1,F,NA,0.88,1675.5702000000001
SYR,1990,NA,7,7,NF,NA,0.572,NA
SYR,1991,NA,7,7,NF,NA,0.577,NA
SYR,1992,NA,7,7,NF,NA,0.582,NA
SYR,1993,NA,7,7,NF,NA,0.583,NA
SYR,1994,NA,7,7,NF,NA,0.587,NA
SYR,1995,NA,7,7,NF,NA,0.587,NA
SYR,1996,NA,7,7,NF,NA,0.59,3.854681
SYR,1997,NA,7,7,NF,NA,0.593,4.6498985
SYR,2015,NA,7,7,NF,18,0.549,13.868999
SYR,2016,NA,7,7,NF,13,0.552,14.468188
SYR,2017,NA,7,7,NF,14,0.551,13.435343
SYR,2018,NA,7,7,NF,13,0.557,15.762204
SYR,2019,NA,7,7,NF,13,0.569,16.996557
SYR,2020,NA,7,7,NF,14,0.57,22.590635
SYR,2021,NA,7,7,NF,13,0.571,25.12109
SYR,2022,NA,7,7,NF,13,0.571,26.01262
SYR,2023,NA,7,7,NF,13,0.564,NA
SYR,2024,NA,7,6,NF,12,NA,NA
TWN,1990,NA,3,3,PF,NA,NA,NA
TWN,1991,NA,3,3,PF,NA,NA,NA
TWN,1992,NA,3,3,PF,NA,NA,NA
TWN,1993,NA,4,4,PF,NA,NA,NA
TWN,1994,NA,3,3,PF,NA,NA,NA
TWN,1995,NA,3,3,PF,NA,NA,NA
TWN,1996,NA,2,2,F,NA,NA,NA
TWN,1997,NA,2,2,F,NA,NA,NA
TJK,1991,NA,5,5,PF,NA,NA,NA
TJK,1992,NA,6,6,NF,NA,NA,NA
TJK,1993,NA,7,7,NF,NA,0.549,NA
TJK,1994,NA,7,7,NF,NA,0.538,NA
TJK,1995,NA,7,7,NF,NA,0.547,NA
TJK,1996,NA,7,7,NF,NA,0.528,9.504621
TJK,1997,NA,6,6,NF,NA,0.536,7.156551
TJK,1998,NA,6,6,NF,NA,0.541,5.393112
TJK,1999,NA,6,6,NF,NA,0.546,8.301696
TJK,2000,NA,6,6,NF,NA,0.554,5.4449396
TJK,2001,NA,6,6,NF,NA,0.563,5.1643596
TJK,2002,NA,6,5,NF,NA,0.575,6.5251317
TJK,2003,NA,6,5,NF,NA,0.587,4.9139643
TJK,2004,NA,6,5,NF,NA,0.598,5.9862633
TJK,2005,NA,NF,6,5,NA,0.611,4.7929735
TJK,2006,NA,6,5,NF,NA,0.62,4.2493405
TJK,2007,NA,6,5,NF,NA,0.625,4.6049213
TJK,2008,NA,6,5,NF,NA,0.634,4.604544
TJK,2009,NA,6,5,NF,NA,0.634,3.1440957
TJK,2010,NA,6,5,NF,NA,0.639,5.4024096
TJK,2011,NA,6,5,NF,NA,0.644,5.221869
TJK,2012,NA,6,6,NF,22,0.649,6.0131636
TJK,2013,NA,6,6,NF,22,0.655,6.9175987
TJK,2014,NA,6,6,NF,23,0.657,4.685746
TJK,2015,NA,7,6,NF,26,0.658,6.4554644
TJK,2016,NA,7,6,NF,25,0.661,5.7401443
TJK,2017,NA,7,6,NF,21,0.666,6.3482656
TJK,2018,NA,7,6,NF,25,0.67,6.4003296
TJK,2019,NA,7,6,NF,25,0.673,9.0451530000000009
TJK,2020,NA,7,6,NF,25,0.664,11.983413
TZA,1990,NA,6,5,NF,NA,0.381,NA
TZA,1991,NA,6,5,NF,NA,0.382,NA
TZA,1992,NA,6,5,PF,NA,0.381,NA
TZA,1993,NA,6,5,NF,NA,0.382,NA
TZA,1994,NA,6,6,NF,NA,0.38,NA
TZA,1995,NA,5,5,PF,NA,0.38,NA
TZA,1996,NA,5,5,PF,NA,0.383,4.0955524
TZA,1997,NA,5,5,PF,NA,0.388,4.4562545
TZA,1998,NA,5,4,PF,NA,0.396,3.856824
TZA,1999,NA,4,4,PF,NA,0.404,4.1720304
TZA,2000,NA,4,4,PF,NA,0.414,4.3981137
TZA,2001,NA,4,4,PF,NA,0.422,3.7354076
TZA,2002,NA,4,3,PF,NA,0.433,4.217179
TZA,2003,NA,4,3,PF,NA,0.444,4.559235
THA,1990,NA,2,3,F,NA,0.584,NA
THA,1991,NA,6,4,PF,NA,0.593,NA
THA,1992,NA,3,4,PF,NA,0.603,NA
THA,1993,NA,3,5,PF,NA,0.612,NA
THA,1994,NA,3,5,PF,NA,0.62,NA
THA,1995,NA,3,4,PF,NA,0.628,NA
THA,1996,NA,3,3,PF,NA,0.634,14.152187
THA,1997,NA,3,3,PF,NA,0.639,16.386608
GMB,1990,NA,2,2,F,NA,0.331,NA
GMB,1991,NA,2,2,F,NA,0.339,NA
GMB,1992,NA,1,2,F,NA,0.347,NA
GMB,1993,NA,2,2,F,NA,0.355,NA
GMB,1994,NA,7,6,NF,NA,0.362,NA
GMB,1995,NA,7,6,NF,NA,0.37,NA
GMB,1996,NA,7,6,NF,NA,0.377,28.899426
GMB,1997,NA,7,6,NF,NA,0.381,24.44564
GMB,1998,NA,7,5,NF,NA,0.389,24.205023
GMB,1999,NA,7,5,NF,NA,0.396,24.205755
GMB,2000,NA,7,5,NF,NA,0.403,19.17415
GMB,2001,NA,5,5,PF,NA,0.41,23.618557
GMB,2002,NA,4,4,PF,NA,0.415,16.787231
GMB,2003,NA,4,4,PF,NA,0.422,20.188753
GMB,2004,NA,4,4,PF,NA,0.432,22.77168
GMB,2005,NA,PF,5,4,NA,0.436,22.40502
GMB,2006,NA,5,4,PF,NA,0.441,25.651863
GMB,2007,NA,5,4,PF,NA,0.447,20.648169
GMB,2008,NA,5,4,PF,NA,0.455,23.775314
GMB,2009,NA,5,5,PF,NA,0.459,20.55656
GMB,2010,NA,5,5,PF,NA,0.463,23.55927
GMB,2011,NA,6,5,NF,NA,0.463,17.043186
GMB,2012,NA,6,6,NF,34,0.469,18.16363
GMB,2013,NA,6,6,NF,28,0.474,21.698626
GMB,2014,NA,6,6,NF,29,0.477,21.362625
GMB,2015,NA,7,6,NF,28,0.482,18.86242
GMB,2016,NA,6,6,NF,26,0.487,22.913877
GMB,2017,NA,4,5,PF,30,0.493,20.04962
GMB,2018,NA,4,5,PF,37,0.5,14.881448
GMB,2019,NA,4,4,PF,37,0.508,20.823463
GMB,2020,NA,4,4,PF,37,0.512,24.243431
GMB,2021,NA,4,4,PF,37,0.513,31.249878
GMB,2022,NA,4,4,PF,34,0.519,29.75949
GMB,2023,NA,4,4,PF,37,0.524,NA
GMB,2024,NA,4,4,PF,38,NA,NA
TLS,1999,NA,6,4,PF,NA,NA,0
TLS,2000,NA,6,3,PF,NA,0.507,0
TLS,2001,NA,5,3,PF,NA,0.521,0
TLS,2002,NA,3,3,PF,NA,0.534,0
TLS,2003,NA,3,3,PF,NA,0.534,1.8213983
TLS,2004,NA,3,3,PF,NA,0.547,1.0763406
TLS,2005,NA,PF,3,3,NA,0.564,2.140648
TLS,2006,NA,3,4,PF,NA,0.588,3.96274
TLS,2007,NA,3,4,PF,NA,0.609,3.2739935
TLS,2008,NA,3,4,PF,NA,0.634,1.2397946
TLS,2009,NA,3,4,PF,NA,0.631,1.5395048
TLS,2010,NA,3,4,PF,NA,0.645,1.014125
TLS,2011,NA,3,4,PF,NA,0.655,2.7562428
TLS,2012,NA,3,4,PF,33,0.65,5.286879
TLS,2013,NA,3,4,PF,30,0.646,5.4285207
TLS,2014,NA,3,3,PF,28,0.637,10.017743
TLS,2015,NA,3,3,PF,28,0.628,7.7335987
TLS,2016,NA,3,3,PF,35,0.618,6.9689136
TLS,2017,NA,2,3,F,38,0.621,11.720033
TLS,2018,NA,2,3,F,35,0.624,12.375006
TLS,2019,NA,2,3,F,38,0.642,11.1226845
TLS,2020,NA,2,3,F,40,0.65,8.875965
TLS,2021,NA,2,3,F,41,0.644,12.487603
TLS,2022,NA,2,3,F,42,0.633,10.180421
TLS,2023,NA,2,3,F,43,0.634,NA
TLS,2024,NA,2,3,F,44,NA,NA
TGO,1990,NA,6,6,NF,NA,0.412,NA
TGO,1991,NA,6,5,NF,NA,0.415,NA
TGO,1992,NA,6,5,NF,NA,0.406,NA
TGO,1993,NA,7,5,NF,NA,0.404,NA
TGO,1994,NA,6,5,NF,NA,0.413,NA
TGO,1995,NA,6,5,NF,NA,0.425,NA
TGO,1996,NA,6,5,NF,NA,0.433,4.949911
TGO,1997,NA,6,5,NF,NA,0.441,4.5883307
TGO,1998,NA,6,5,NF,NA,0.442,8.058157
TGO,1999,NA,5,5,PF,NA,0.446,8.285554
TGO,2000,NA,5,5,PF,NA,0.448,5.95521
TGO,2001,NA,5,5,PF,NA,0.452,5.017639
TGO,2002,NA,6,5,NF,NA,0.455,3.7352624
TGO,2003,NA,6,5,NF,NA,0.46,4.682856
TGO,2004,NA,6,5,NF,NA,0.461,4.230662
TGO,2005,NA,NF,6,5,NA,0.46,4.274008
TGO,2006,NA,6,5,NF,NA,0.465,4.949533
TGO,2007,NA,5,5,PF,NA,0.458,4.813889
TGO,2008,NA,5,5,PF,NA,0.465,6.8819747
TON,1990,NA,3,3,PF,NA,0.641,NA
TON,1991,NA,3,3,PF,NA,0.649,NA
TON,1992,NA,3,3,PF,NA,0.654,NA
TON,1993,NA,5,3,PF,NA,0.66,NA
TON,1994,NA,5,3,PF,NA,0.67,NA
TON,1995,NA,5,3,PF,NA,0.675,NA
TON,1996,NA,5,3,PF,NA,0.678,0
TON,1997,NA,5,3,PF,NA,0.68,12.217653
TON,1998,NA,5,3,PF,NA,0.685,12.328876
TON,1999,NA,5,3,PF,NA,0.688,13.033339
TON,2000,NA,5,3,PF,NA,0.688,22.69252
TON,2001,NA,5,3,PF,NA,0.693,7.26125
TON,2002,NA,5,3,PF,NA,0.7,17.617498
TON,2003,NA,5,3,PF,NA,0.703,15.220554
TON,2004,NA,5,3,PF,NA,0.705,29.789381
TON,2005,NA,PF,5,3,NA,0.706,6.435067
TON,2006,NA,5,3,PF,NA,0.708,43.857582
TON,2007,NA,5,3,PF,NA,0.71,16.490828
TON,2008,NA,5,3,PF,NA,0.717,4.298262
TON,2009,NA,5,3,PF,NA,0.718,22.294153
TON,2010,NA,3,3,PF,NA,0.724,11.918063
TON,2011,NA,3,3,PF,NA,0.731,18.127731
TON,2012,NA,3,2,F,NA,0.735,17.029593
TON,2013,NA,2,2,F,NA,0.737,15.222548
TON,2014,NA,2,2,F,NA,0.74,8.254462
TON,2015,NA,2,2,F,NA,0.743,27.145483
TON,2016,NA,2,2,F,NA,0.749,31.651567
TON,2017,NA,2,2,F,NA,0.755,74.88895
TON,2018,NA,2,2,F,NA,0.759,55.130867
TON,2019,NA,2,2,F,NA,0.763,44.383877
TON,2020,NA,2,2,F,NA,0.765,87.41391
TON,2021,NA,2,2,F,NA,0.763,34.790028
TON,2022,NA,2,2,F,NA,0.764,44.07761
TON,2023,NA,2,2,F,NA,0.769,NA
TON,2024,NA,2,2,F,NA,NA,NA
TTO,1990,NA,1,1,F,NA,0.661,NA
TTO,1991,NA,1,1,F,NA,0.665,NA
TTO,1992,NA,1,1,F,NA,0.665,NA
TTO,1993,NA,1,1,F,NA,0.667,NA
TTO,1994,NA,1,2,F,NA,0.672,NA
TTO,1995,NA,1,2,F,NA,0.677,NA
TTO,1996,NA,1,2,F,NA,0.684,56.13685
TTO,1997,NA,1,2,F,NA,0.692,58.55253
TTO,1998,NA,1,2,F,NA,0.7,65.713905
TTO,1999,NA,1,2,F,NA,0.708,60.348
TTO,2000,NA,2,2,F,NA,0.714,67.291824
TTO,2001,NA,3,3,PF,NA,0.721,80.78807
TTO,2002,NA,3,3,PF,NA,0.73,84.07588
TTO,2003,NA,3,3,PF,NA,0.74,89.922455
TTO,2004,NA,3,3,PF,NA,0.75,98.395996
TTO,2005,NA,F,3,2,NA,0.756,134.84033
TTO,2006,NA,2,2,F,NA,0.766,100.6669
TTO,2007,NA,2,2,F,NA,0.774,129.97357
TTO,2008,NA,2,2,F,NA,0.782,123.59897
TTO,2009,NA,2,2,F,NA,0.782,159.03294
TTO,2010,NA,2,2,F,NA,0.789,161.15788
TTO,2011,NA,2,2,F,NA,0.792,166.6693
TTO,2012,NA,2,2,F,39,0.796,154.03754
TTO,2013,NA,2,2,F,38,0.802,118.46568
TTO,2014,NA,2,2,F,38,0.805,180.13994
TTO,2015,NA,2,2,F,39,0.808,112.37587
TTO,2016,NA,2,2,F,35,0.806,152.64847
TTO,2017,NA,2,2,F,41,0.806,163.19815
TTO,2018,NA,2,2,F,41,0.803,171.5209
TTO,2019,NA,2,2,F,40,0.805,177.04741
TTO,2020,NA,2,2,F,40,0.8,180.54108
TTO,2021,NA,2,2,F,41,0.796,193.07408
TTO,2022,NA,2,2,F,42,0.805,191.71844
TTO,2023,NA,2,2,F,42,0.807,NA
TTO,2024,NA,2,2,F,41,NA,NA
TUN,1990,NA,5,4,PF,NA,0.569,NA
TUN,1991,NA,5,5,PF,NA,0.575,NA
TUN,1992,NA,6,5,PF,NA,0.582,NA
TUN,1993,NA,6,5,NF,NA,0.587,NA
TUN,1994,NA,6,5,NF,NA,0.598,NA
TUN,1995,NA,6,5,NF,NA,0.606,NA
TUN,1996,NA,6,5,NF,NA,0.616,41.12032
TUN,1997,NA,6,5,PF,NA,0.623,50.55263
TUR,1990,NA,2,4,PF,NA,0.598,NA
TUR,1991,NA,2,4,PF,NA,0.602,NA
TUR,1992,NA,2,4,PF,NA,0.608,NA
TUR,1993,NA,4,4,PF,NA,0.615,NA
TUR,1994,NA,5,5,PF,NA,0.616,NA
TUR,1995,NA,5,5,PF,NA,0.623,NA
TUR,1996,NA,4,5,PF,NA,0.63,81.365746
TUR,1997,NA,4,5,PF,NA,0.638,85.7522
TKM,1991,NA,6,5,PF,NA,NA,NA
TKM,1992,NA,7,6,NF,NA,NA,NA
TKM,1993,NA,7,7,NF,NA,NA,NA
TKM,1994,NA,7,7,NF,NA,NA,NA
TKM,1995,NA,7,7,NF,NA,NA,NA
TKM,1996,NA,7,7,NF,NA,NA,2.415675
TKM,1997,NA,7,7,NF,NA,NA,1.7478607
TKM,1998,NA,7,7,NF,NA,NA,1.2855664
TKM,1999,NA,7,7,NF,NA,NA,0.39401892
TKM,2000,NA,7,7,NF,NA,NA,1.2874571
TUV,1990,NA,1,1,F,NA,0.566,NA
TUV,1991,NA,1,1,F,NA,0.57,NA
TUV,1992,NA,1,1,F,NA,0.566,NA
TUV,1993,NA,1,1,F,NA,0.579,NA
TUV,1994,NA,1,1,F,NA,0.586,NA
TUV,1995,NA,1,1,F,NA,0.587,NA
TUV,1996,NA,1,1,F,NA,0.587,0
TUV,1997,NA,1,1,F,NA,0.595,0
TUV,1998,NA,1,1,F,NA,0.605,0
TUV,1999,NA,1,1,F,NA,0.608,0
TUV,2000,NA,1,1,F,NA,0.61,0
TUV,2001,NA,1,1,F,NA,0.613,104.3188
TUV,2002,NA,1,1,F,NA,0.621,0
TUV,2003,NA,1,1,F,NA,0.621,61.887573
TUV,2004,NA,1,1,F,NA,0.621,62.14344
TUV,2005,NA,F,1,1,NA,0.621,0
TUV,2006,NA,1,1,F,NA,0.625,126.292755
TUV,2007,NA,1,1,F,NA,0.63,36.33864
TUV,2008,NA,1,1,F,NA,0.636,31.973648
TUV,2009,NA,1,1,F,NA,0.635,23.898289
TUV,2010,NA,1,1,F,NA,0.636,0
TUV,2011,NA,1,1,F,NA,0.641,0
TUV,2012,NA,1,1,F,NA,0.642,3.6583135
TUV,2013,NA,1,1,F,NA,0.647,29.997274
TUV,2014,NA,1,1,F,NA,0.65,102.876915
TUV,2015,NA,1,1,F,NA,0.658,99.42535
TUV,2016,NA,1,1,F,NA,0.664,37.511436
TUV,2017,NA,1,1,F,NA,0.668,59.80311
TUV,2018,NA,1,1,F,NA,0.672,44.647007
TUV,2019,NA,1,1,F,NA,0.681,11.341083
TUV,2020,NA,1,1,F,NA,0.681,37.503605
TUV,2021,NA,1,1,F,NA,0.681,5.885815
TUV,2022,NA,1,1,F,NA,0.686,52.04163
TUV,2023,NA,1,1,F,NA,0.689,NA
TUV,2024,NA,1,1,F,NA,NA,NA
UGA,1990,NA,6,5,PF,NA,0.342,NA
UGA,1991,NA,6,6,NF,NA,0.345,NA
UGA,1992,NA,6,5,NF,NA,0.339,NA
UGA,1993,NA,6,5,NF,NA,0.347,NA
UGA,1994,NA,5,5,PF,NA,0.35,NA
UGA,1995,NA,5,4,PF,NA,0.356,NA
UGA,1996,NA,4,4,PF,NA,0.367,3.9281166
UGA,1997,NA,4,4,PF,NA,0.376,3.4118705
UGA,1998,NA,4,4,PF,NA,0.386,4.4213386
UGA,1999,NA,5,5,PF,NA,0.398,5.055191
UGA,2000,NA,6,5,PF,NA,0.407,5.4520497
UGA,2001,NA,6,5,PF,NA,0.418,5.483382
UGA,2002,NA,6,4,PF,NA,0.432,5.126333
UGA,2003,NA,5,4,PF,NA,0.446,5.238287
UGA,2004,NA,5,4,PF,NA,0.461,7.7950206
UGA,2005,NA,PF,5,4,NA,0.47,7.877471
UGA,2006,NA,5,4,PF,NA,0.481,7.2518573
UGA,2007,NA,5,4,PF,NA,0.492,9.426565
UKR,1991,NA,3,3,PF,NA,0.743,NA
UKR,1992,NA,3,3,PF,NA,0.733,NA
UKR,1993,NA,4,4,PF,NA,0.721,NA
UKR,1994,NA,3,4,PF,NA,0.706,NA
UKR,1995,NA,3,4,PF,NA,0.702,NA
UKR,1996,NA,3,4,PF,NA,0.701,110.22973
UKR,1997,NA,3,4,PF,NA,0.706,119.23708
ARE,1990,NA,6,5,NF,NA,0.713,NA
ARE,1991,NA,6,5,NF,NA,0.724,NA
ARE,1992,NA,6,5,PF,NA,0.729,NA
ARE,1993,NA,7,5,NF,NA,0.736,NA
ARE,1994,NA,6,5,NF,NA,0.742,NA
ARE,1995,NA,6,5,NF,NA,0.747,NA
ARE,1996,NA,6,5,NF,NA,0.753,113.30231
ARE,1997,NA,6,5,NF,NA,0.761,100.2481
GBR,1990,NA,1,2,F,NA,0.812,NA
GBR,1991,NA,1,2,F,NA,0.816,NA
GBR,1992,NA,1,2,F,NA,0.824,NA
GBR,1993,NA,1,2,F,NA,0.827,NA
GBR,1994,NA,1,2,F,NA,0.836,NA
GBR,1995,NA,1,2,F,NA,0.835,NA
GBR,1996,NA,1,2,F,NA,0.841,1243.5312
GBR,1997,NA,1,2,F,NA,0.849,1271.5182
USA,1990,NA,1,1,F,NA,0.878,NA
USA,1991,NA,1,1,F,NA,0.878,NA
USA,1992,NA,1,1,F,NA,0.882,NA
USA,1993,NA,1,1,F,NA,0.884,NA
USA,1994,NA,1,1,F,NA,0.887,NA
USA,1995,NA,1,1,F,NA,0.888,NA
USA,1996,NA,1,1,F,NA,0.89,1163.3204
USA,1997,NA,1,1,F,NA,0.893,1141.0557
URY,1990,NA,1,2,F,NA,0.713,NA
URY,1991,NA,1,2,F,NA,0.717,NA
URY,1992,NA,1,2,F,NA,0.719,NA
URY,1993,NA,2,2,F,NA,0.722,NA
URY,1994,NA,2,2,F,NA,0.727,NA
URY,1995,NA,2,2,F,NA,0.729,NA
URY,1996,NA,1,2,F,NA,0.736,51.78204
URY,1997,NA,1,2,F,NA,0.747,61.97599
RUS,1990,NA,5,4,PF,NA,0.762,NA
UZB,1991,NA,6,5,PF,NA,NA,NA
UZB,1992,NA,6,6,NF,NA,NA,NA
UZB,1993,NA,7,7,NF,NA,NA,NA
UZB,1994,NA,7,7,NF,NA,NA,NA
UZB,1995,NA,7,7,NF,NA,NA,NA
UZB,1996,NA,7,6,NF,NA,NA,16.273565
UZB,1997,NA,7,6,NF,NA,NA,17.566847
VUT,1990,NA,2,3,F,NA,NA,NA
VUT,1991,NA,2,3,F,NA,NA,NA
VUT,1992,NA,2,3,F,NA,NA,NA
VUT,1993,NA,1,2,F,NA,NA,NA
VUT,1994,NA,1,3,F,NA,NA,NA
VUT,1995,NA,1,3,F,NA,NA,NA
VUT,1996,NA,1,3,F,NA,NA,8.015868
VUT,1997,NA,1,3,F,NA,NA,21.130875
VUT,1998,NA,1,3,F,NA,NA,6.449333
VUT,1999,NA,1,3,F,NA,NA,38.396465
VUT,2000,NA,1,3,F,NA,NA,20.506653
VUT,2001,NA,1,3,F,NA,NA,16.594166
VUT,2002,NA,1,2,F,NA,NA,27.97874
VUT,2003,NA,2,2,F,NA,NA,32.528667
VUT,2004,NA,2,2,F,NA,NA,52.549454
VUT,2005,NA,F,2,2,NA,0.561,62.77282
VUT,2006,NA,2,2,F,NA,0.567,26.305674
VUT,2007,NA,2,2,F,NA,0.57,11.795223
VUT,2008,NA,2,2,F,NA,0.578,18.290318
VUT,2009,NA,2,2,F,NA,0.579,25.308187
VUT,2010,NA,2,2,F,NA,0.582,29.716934
VUT,2011,NA,2,2,F,NA,0.587,32.611286
VUT,2012,NA,2,2,F,NA,0.587,26.15687
VUT,2013,NA,2,2,F,NA,0.592,30.846975
VUT,2014,NA,2,2,F,NA,0.597,32.008915
VUT,2015,NA,2,2,F,NA,0.599,39.646603
VUT,2016,NA,2,2,F,NA,0.603,48.256622
VUT,2017,NA,2,2,F,43,0.607,37.59331
VUT,2018,NA,2,2,F,46,0.612,29.622202
VUT,2019,NA,2,2,F,46,0.622,35.070293
VUT,2020,NA,2,2,F,43,0.617,38.613655
VUT,2021,NA,2,2,F,45,0.615,58.423897
VUT,2022,NA,2,2,F,48,0.621,46.957954
VUT,2023,NA,2,2,F,48,0.621,NA
VUT,2024,NA,2,2,F,50,NA,NA
VEN,1990,NA,1,3,F,NA,0.658,NA
VEN,1991,NA,1,3,F,NA,0.669,NA
VEN,1992,NA,3,3,PF,NA,0.676,NA
VEN,1993,NA,3,3,PF,NA,0.68,NA
VEN,1994,NA,3,3,PF,NA,0.681,NA
VEN,1995,NA,3,3,PF,NA,0.687,NA
VEN,1996,NA,2,3,F,NA,0.69,33.719276
VEN,1997,NA,2,3,F,NA,0.698,39.910625
VNM,1990,NA,7,7,NF,NA,0.499,NA
VNM,1991,NA,7,7,NF,NA,0.509,NA
VNM,1992,NA,7,7,NF,NA,0.521,NA
VNM,1993,NA,7,7,NF,NA,0.531,NA
VNM,1994,NA,7,7,NF,NA,0.543,NA
VNM,1995,NA,7,7,NF,NA,0.556,NA
VNM,1996,NA,7,7,NF,NA,0.567,2.4386094
VNM,1997,NA,7,7,NF,NA,0.578,2.7259662
YEM,1990,NA,6,5,PF,NA,0.359,NA
YEM,1991,NA,6,5,PF,NA,0.364,NA
YEM,1992,NA,6,4,PF,NA,0.37,NA
YEM,1993,NA,4,5,PF,NA,0.377,NA
YEM,1994,NA,5,6,NF,NA,0.382,NA
YEM,1995,NA,5,6,NF,NA,0.393,NA
YEM,1996,NA,5,6,NF,NA,0.405,1.1390167
YEM,1997,NA,5,6,NF,NA,0.413,1.7377257
YEM,1998,NA,5,6,NF,NA,0.423,1.5190275
YEM,2024,NA,7,6,NF,13,NA,NA
ZMB,1990,NA,6,5,PF,NA,0.422,NA
ZMB,1991,NA,2,3,F,NA,0.416,NA
ZMB,1992,NA,2,3,F,NA,0.414,NA
ZMB,1993,NA,3,4,PF,NA,0.417,NA
ZMB,1994,NA,3,4,PF,NA,0.413,NA
ZMB,1995,NA,3,4,PF,NA,0.413,NA
ZMB,1996,NA,5,4,PF,NA,0.415,5.6518993
ZMB,1997,NA,5,4,PF,NA,0.418,7.3107653
ZMB,1998,NA,5,4,PF,NA,0.418,5.9752755
ZMB,1999,NA,5,4,PF,NA,0.423,6.1827483
ZMB,2000,NA,5,4,PF,NA,0.429,3.3540862
ZMB,2001,NA,5,4,PF,NA,0.437,5.1292057
ZMB,2002,NA,4,4,PF,NA,0.445,5.603896
ZMB,2003,NA,4,4,PF,NA,0.458,4.314616
ZWE,1990,NA,6,4,PF,NA,0.5,NA
ZWE,1991,NA,5,4,PF,NA,0.502,NA
ZWE,1992,NA,5,4,PF,NA,0.487,NA
ZWE,1993,NA,5,5,PF,NA,0.483,NA
ZWE,1994,NA,5,5,PF,NA,0.482,NA
ZWE,1995,NA,5,5,PF,NA,0.477,NA
ZWE,1996,NA,5,5,PF,NA,0.472,20.224298
ZWE,1997,NA,5,5,PF,NA,0.472,21.980106
KSV,2012,NA,NA,NA,NA,34,NA,NA
KSV,2013,NA,NA,NA,NA,33,NA,NA
KSV,2014,NA,NA,NA,NA,33,NA,NA
KSV,2015,NA,NA,NA,NA,33,NA,NA
KSV,2016,NA,NA,NA,NA,36,NA,NA
KSV,2017,NA,NA,NA,NA,39,NA,NA
KSV,2018,NA,NA,NA,NA,37,NA,NA
KSV,2019,NA,NA,NA,NA,36,NA,NA
KSV,2020,NA,NA,NA,NA,36,NA,NA
KSV,2021,NA,NA,NA,NA,39,NA,NA
KSV,2022,NA,NA,NA,NA,41,NA,NA
KSV,2023,NA,NA,NA,NA,41,NA,NA
KSV,2024,NA,NA,NA,NA,44,NA,NA
PRI,2012,NA,NA,NA,NA,63,NA,171.82526
PRI,2013,NA,NA,NA,NA,62,NA,160.22353
PRI,2014,NA,NA,NA,NA,63,NA,169.34647
ARM,1990,NA,NA,NA,NA,NA,0.663,NA
CZE,1990,NA,NA,NA,NA,NA,0.753,NA
CZE,1991,NA,NA,NA,NA,NA,0.751,NA
CZE,1992,NA,NA,NA,NA,NA,0.752,NA
EST,1990,NA,NA,NA,NA,NA,0.738,NA
FSM,2000,NA,NA,NA,NA,NA,0.596,38.28853
FSM,2001,NA,NA,NA,NA,NA,0.599,9.611534
FSM,2002,NA,NA,NA,NA,NA,0.596,0
FSM,2003,NA,NA,NA,NA,NA,0.601,20.127354
FSM,2004,NA,NA,NA,NA,NA,0.6,21.442932
FSM,2005,NA,NA,NA,NA,NA,0.601,71.446526
FSM,2006,NA,NA,NA,NA,NA,0.602,18.062115
FSM,2007,NA,NA,NA,NA,NA,0.601,69.985435
FSM,2008,NA,NA,NA,NA,NA,0.6,39.564514
FSM,2009,NA,NA,NA,NA,NA,0.601,37.422306
FSM,2010,NA,NA,NA,NA,NA,0.603,133.71768
FSM,2011,NA,NA,NA,NA,NA,0.605,45.869003
FSM,2012,NA,NA,NA,NA,NA,0.605,42.91408
FSM,2013,NA,NA,NA,NA,NA,0.603,44.85715
FSM,2014,NA,NA,NA,NA,NA,0.602,30.72069
FSM,2015,NA,NA,NA,NA,NA,0.604,62.08838
FSM,2016,NA,NA,NA,NA,NA,0.606,34.93009
FSM,2017,NA,NA,NA,NA,NA,0.607,60.101753
FSM,2018,NA,NA,NA,NA,NA,0.608,39.760162
FSM,2019,NA,NA,NA,NA,NA,0.611,21.036978
FSM,2020,NA,NA,NA,NA,NA,0.609,68.24985
FSM,2021,NA,NA,NA,NA,NA,0.611,20.06737
FSM,2022,NA,NA,NA,NA,NA,0.614,30.237082
FSM,2023,NA,NA,NA,NA,NA,0.615,NA
HKG,1990,NA,NA,NA,NA,NA,0.755,NA
HKG,1991,NA,NA,NA,NA,NA,0.764,NA
HKG,1992,NA,NA,NA,NA,NA,0.773,NA
HKG,1993,NA,NA,NA,NA,NA,0.784,NA
HKG,1994,NA,NA,NA,NA,NA,0.793,NA
HKG,1995,NA,NA,NA,NA,NA,0.8,NA
HKG,1996,NA,NA,NA,NA,NA,0.808,NA
HKG,1997,NA,NA,NA,NA,NA,0.817,NA
KAZ,1990,NA,NA,NA,NA,NA,0.689,NA
KGZ,1990,NA,NA,NA,NA,NA,0.649,NA
LTU,1990,NA,NA,NA,NA,NA,0.745,NA
LVA,1990,NA,NA,NA,NA,NA,0.736,NA
MKD,1990,NA,NA,NA,NA,NA,0.644,NA
MKD,1991,NA,NA,NA,NA,NA,0.647,NA
MNE,2003,NA,NA,NA,NA,NA,0.764,0
MNE,2004,NA,NA,NA,NA,NA,0.768,0
MNE,2005,NA,NA,NA,NA,NA,0.773,0
PSE,2004,NA,NA,NA,NA,NA,0.654,32.09824
PSE,2005,NA,NA,NA,NA,NA,0.663,31.137852
PSE,2006,NA,NA,NA,NA,NA,0.664,33.461193
PSE,2007,NA,NA,NA,NA,NA,0.674,42.761528
PSE,2008,NA,NA,NA,NA,NA,0.679,42.096596
PSE,2009,NA,NA,NA,NA,NA,0.685,47.615963
PSE,2010,NA,NA,NA,NA,NA,0.691,50.82721
PSE,2011,NA,NA,NA,NA,NA,0.698,53.3816
PSE,2012,NA,NA,NA,NA,NA,0.704,51.716106
PSE,2013,NA,NA,NA,NA,NA,0.706,56.108997
PSE,2014,NA,NA,NA,NA,NA,0.7,56.141304
PSE,2015,NA,NA,NA,NA,NA,0.712,52.07148
PSE,2016,NA,NA,NA,NA,NA,0.717,54.6932
PSE,2017,NA,NA,NA,NA,NA,0.721,73.960594
PSE,2018,NA,NA,NA,NA,NA,0.725,84.60771
PSE,2019,NA,NA,NA,NA,NA,0.729,101.03503
PSE,2020,NA,NA,NA,NA,NA,0.718,108.70514
PSE,2021,NA,NA,NA,NA,NA,0.718,127.73961
PSE,2022,NA,NA,NA,NA,NA,0.733,141.6802
PSE,2023,NA,NA,NA,NA,NA,0.674,NA
SRB,1995,NA,NA,NA,NA,NA,0.686,NA
SRB,1996,NA,NA,NA,NA,NA,0.692,0
SRB,1997,NA,NA,NA,NA,NA,0.698,0
SRB,1998,NA,NA,NA,NA,NA,0.699,0
SRB,1999,NA,NA,NA,NA,NA,0.685,0
SRB,2000,NA,NA,NA,NA,NA,0.701,0
SRB,2001,NA,NA,NA,NA,NA,0.707,0
SRB,2002,NA,NA,NA,NA,NA,0.711,0
SRB,2003,NA,NA,NA,NA,NA,0.72,0
SRB,2004,NA,NA,NA,NA,NA,0.732,0
SRB,2005,NA,NA,NA,NA,NA,0.743,0
SSD,2010,NA,NA,NA,NA,NA,0.42,0
SVK,1990,NA,NA,NA,NA,NA,0.698,NA
SVK,1991,NA,NA,NA,NA,NA,0.697,NA
SVK,1992,NA,NA,NA,NA,NA,0.702,NA
SVN,1990,NA,NA,NA,NA,NA,0.734,NA
UKR,1990,NA,NA,NA,NA,NA,0.75,NA
WB_EAP,1996,NA,NA,NA,NA,NA,NA,87.181595
WB_EAP,1997,NA,NA,NA,NA,NA,NA,92.48133
WB_EAP,1998,NA,NA,NA,NA,NA,NA,95.76286
WB_EAP,1999,NA,NA,NA,NA,NA,NA,98.645676
WB_EAP,2000,NA,NA,NA,NA,NA,NA,105.1926
WB_EAP,2001,NA,NA,NA,NA,NA,NA,114.69398
WB_EAP,2002,NA,NA,NA,NA,NA,NA,118.950005
WB_EAP,2003,NA,NA,NA,NA,NA,NA,129.89232
WB_EAP,2004,NA,NA,NA,NA,NA,NA,151.27296
WB_EAP,2005,NA,NA,NA,NA,NA,NA,181.73001
WB_EAP,2006,NA,NA,NA,NA,NA,NA,199.54509
WB_EAP,2007,NA,NA,NA,NA,NA,NA,209.94386
WB_EAP,2008,NA,NA,NA,NA,NA,NA,228.07693
WB_EAP,2009,NA,NA,NA,NA,NA,NA,248.6639
WB_EAP,2010,NA,NA,NA,NA,NA,NA,263.82657
WB_EAP,2011,NA,NA,NA,NA,NA,NA,274.89236
WB_EAP,2012,NA,NA,NA,NA,NA,NA,276.7373
WB_EAP,2013,NA,NA,NA,NA,NA,NA,289.35352
WB_EAP,2014,NA,NA,NA,NA,NA,NA,301.8667
WB_EAP,2015,NA,NA,NA,NA,NA,NA,310.05295
WB_EAP,2016,NA,NA,NA,NA,NA,NA,323.60797
WB_EAP,2017,NA,NA,NA,NA,NA,NA,339.22406
WB_EAP,2018,NA,NA,NA,NA,NA,NA,371.76352
WB_EAP,2019,NA,NA,NA,NA,NA,NA,415.70398
WB_EAP,2020,NA,NA,NA,NA,NA,NA,440.25256
WB_EAP,2021,NA,NA,NA,NA,NA,NA,492.76727
WB_EAP,2022,NA,NA,NA,NA,NA,NA,543.91656
TLS,1996,NA,NA,NA,NA,NA,NA,0
TLS,1997,NA,NA,NA,NA,NA,NA,0
TLS,1998,NA,NA,NA,NA,NA,NA,0
WB_ECA,1996,NA,NA,NA,NA,NA,NA,467.3399
WB_ECA,1997,NA,NA,NA,NA,NA,NA,484.77814
WB_ECA,1998,NA,NA,NA,NA,NA,NA,489.1165
WB_ECA,1999,NA,NA,NA,NA,NA,NA,483.34753
WB_ECA,2000,NA,NA,NA,NA,NA,NA,504.7366
WB_ECA,2001,NA,NA,NA,NA,NA,NA,518.6238
WB_ECA,2002,NA,NA,NA,NA,NA,NA,532.3266
WB_ECA,2003,NA,NA,NA,NA,NA,NA,552.23517
WB_ECA,2004,NA,NA,NA,NA,NA,NA,583.0954
WB_ECA,2005,NA,NA,NA,NA,NA,NA,633.36707
WB_ECA,2006,NA,NA,NA,NA,NA,NA,655.98016
WB_ECA,2007,NA,NA,NA,NA,NA,NA,682.9046
WB_ECA,2008,NA,NA,NA,NA,NA,NA,709.01764
WB_ECA,2009,NA,NA,NA,NA,NA,NA,736.6168
WB_ECA,2010,NA,NA,NA,NA,NA,NA,752.57184
WB_ECA,2011,NA,NA,NA,NA,NA,NA,779.837
WB_ECA,2012,NA,NA,NA,NA,NA,NA,806.2201
WB_ECA,2013,NA,NA,NA,NA,NA,NA,821.6905
WB_ECA,2014,NA,NA,NA,NA,NA,NA,840.47174
WB_ECA,2015,NA,NA,NA,NA,NA,NA,854.19763
WB_ECA,2016,NA,NA,NA,NA,NA,NA,868.2433
WB_ECA,2017,NA,NA,NA,NA,NA,NA,877.37054
WB_ECA,2018,NA,NA,NA,NA,NA,NA,891.9254
WB_ECA,2019,NA,NA,NA,NA,NA,NA,935.85864
WB_ECA,2020,NA,NA,NA,NA,NA,NA,964.5885
WB_ECA,2021,NA,NA,NA,NA,NA,NA,1033.3236
WB_ECA,2022,NA,NA,NA,NA,NA,NA,988.8199
OWID_EU27,1996,NA,NA,NA,NA,NA,NA,615.80676
OWID_EU27,1997,NA,NA,NA,NA,NA,NA,645.5585
OWID_EU27,1998,NA,NA,NA,NA,NA,NA,650.7373
OWID_EU27,1999,NA,NA,NA,NA,NA,NA,647.04443
OWID_EU27,2000,NA,NA,NA,NA,NA,NA,676.5232
OWID_EU27,2001,NA,NA,NA,NA,NA,NA,697.3523
OWID_EU27,2002,NA,NA,NA,NA,NA,NA,718.7318
OWID_EU27,2003,NA,NA,NA,NA,NA,NA,750.66925
OWID_EU27,2004,NA,NA,NA,NA,NA,NA,793.62415
OWID_EU27,2005,NA,NA,NA,NA,NA,NA,872.3337
OWID_EU27,2006,NA,NA,NA,NA,NA,NA,914.70935
OWID_EU27,2007,NA,NA,NA,NA,NA,NA,953.7871
OWID_EU27,2008,NA,NA,NA,NA,NA,NA,1000.56506
OWID_EU27,2009,NA,NA,NA,NA,NA,NA,1040.0735
OWID_EU27,2010,NA,NA,NA,NA,NA,NA,1066.448
OWID_EU27,2011,NA,NA,NA,NA,NA,NA,1110.084
OWID_EU27,2012,NA,NA,NA,NA,NA,NA,1153.0934
OWID_EU27,2013,NA,NA,NA,NA,NA,NA,1175.4786
OWID_EU27,2014,NA,NA,NA,NA,NA,NA,1203.1636
OWID_EU27,2015,NA,NA,NA,NA,NA,NA,1211.7737
OWID_EU27,2016,NA,NA,NA,NA,NA,NA,1213.6979
OWID_EU27,2017,NA,NA,NA,NA,NA,NA,1217.5273
OWID_EU27,2018,NA,NA,NA,NA,NA,NA,1224.0358
OWID_EU27,2019,NA,NA,NA,NA,NA,NA,1265.7389
OWID_EU27,2020,NA,NA,NA,NA,NA,NA,1304.9355
OWID_EU27,2021,NA,NA,NA,NA,NA,NA,1397.8787
OWID_EU27,2022,NA,NA,NA,NA,NA,NA,1343.9224
GRL,1996,NA,NA,NA,NA,NA,NA,94.27549
GRL,1997,NA,NA,NA,NA,NA,NA,140.7143
GRL,1998,NA,NA,NA,NA,NA,NA,173.7968
GRL,1999,NA,NA,NA,NA,NA,NA,83.422455
GRL,2000,NA,NA,NA,NA,NA,NA,211.97829
GRL,2001,NA,NA,NA,NA,NA,NA,161.58498
GRL,2002,NA,NA,NA,NA,NA,NA,209.55914
GRL,2003,NA,NA,NA,NA,NA,NA,208.10207
GRL,2004,NA,NA,NA,NA,NA,NA,501.4236
GRL,2005,NA,NA,NA,NA,NA,NA,273.29413
GRL,2006,NA,NA,NA,NA,NA,NA,250.46236
GRL,2007,NA,NA,NA,NA,NA,NA,281.31906
GRL,2008,NA,NA,NA,NA,NA,NA,282.98535
GRL,2009,NA,NA,NA,NA,NA,NA,209.32834
GRL,2010,NA,NA,NA,NA,NA,NA,377.64886
GRL,2011,NA,NA,NA,NA,NA,NA,308.49005
GRL,2012,NA,NA,NA,NA,NA,NA,447.8085
GRL,2013,NA,NA,NA,NA,NA,NA,558.92926
GRL,2014,NA,NA,NA,NA,NA,NA,423.48343
GRL,2015,NA,NA,NA,NA,NA,NA,520.72565
GRL,2016,NA,NA,NA,NA,NA,NA,423.59305
GRL,2017,NA,NA,NA,NA,NA,NA,460.72775
GRL,2018,NA,NA,NA,NA,NA,NA,562.4476
GRL,2019,NA,NA,NA,NA,NA,NA,505.29123
GRL,2020,NA,NA,NA,NA,NA,NA,520.51733
GRL,2021,NA,NA,NA,NA,NA,NA,621.1498
GRL,2022,NA,NA,NA,NA,NA,NA,539.1716
OWID_HIC,1996,NA,NA,NA,NA,NA,NA,722.98267
OWID_HIC,1997,NA,NA,NA,NA,NA,NA,736.00574
OWID_HIC,1998,NA,NA,NA,NA,NA,NA,728.6869
OWID_HIC,1999,NA,NA,NA,NA,NA,NA,721.0308
OWID_HIC,2000,NA,NA,NA,NA,NA,NA,747.3337
OWID_HIC,2001,NA,NA,NA,NA,NA,NA,754.4516
OWID_HIC,2002,NA,NA,NA,NA,NA,NA,777.85846
OWID_HIC,2003,NA,NA,NA,NA,NA,NA,809.9944
OWID_HIC,2004,NA,NA,NA,NA,NA,NA,858.26056
OWID_HIC,2005,NA,NA,NA,NA,NA,NA,932.17615
OWID_HIC,2006,NA,NA,NA,NA,NA,NA,958.6366
OWID_HIC,2007,NA,NA,NA,NA,NA,NA,975.9653
OWID_HIC,2008,NA,NA,NA,NA,NA,NA,996.5906
OWID_HIC,2009,NA,NA,NA,NA,NA,NA,1020.0984
OWID_HIC,2010,NA,NA,NA,NA,NA,NA,1042.5361
OWID_HIC,2011,NA,NA,NA,NA,NA,NA,1076.0383
OWID_HIC,2012,NA,NA,NA,NA,NA,NA,1094.8777
OWID_HIC,2013,NA,NA,NA,NA,NA,NA,1105.8665
OWID_HIC,2014,NA,NA,NA,NA,NA,NA,1119.7723
OWID_HIC,2015,NA,NA,NA,NA,NA,NA,1125.1434
OWID_HIC,2016,NA,NA,NA,NA,NA,NA,1130.3787
OWID_HIC,2017,NA,NA,NA,NA,NA,NA,1136.9908
OWID_HIC,2018,NA,NA,NA,NA,NA,NA,1155.45
OWID_HIC,2019,NA,NA,NA,NA,NA,NA,1189.6448
OWID_HIC,2020,NA,NA,NA,NA,NA,NA,1214.4452000000001
OWID_HIC,2021,NA,NA,NA,NA,NA,NA,1288.033
OWID_HIC,2022,NA,NA,NA,NA,NA,NA,1239.2234
OWID_KOS,1996,NA,NA,NA,NA,NA,NA,0
OWID_KOS,1997,NA,NA,NA,NA,NA,NA,0
OWID_KOS,1998,NA,NA,NA,NA,NA,NA,0
OWID_KOS,1999,NA,NA,NA,NA,NA,NA,0
OWID_KOS,2000,NA,NA,NA,NA,NA,NA,0
OWID_KOS,2001,NA,NA,NA,NA,NA,NA,0
OWID_KOS,2002,NA,NA,NA,NA,NA,NA,0
OWID_KOS,2003,NA,NA,NA,NA,NA,NA,0
OWID_KOS,2004,NA,NA,NA,NA,NA,NA,0
OWID_KOS,2005,NA,NA,NA,NA,NA,NA,0
OWID_KOS,2006,NA,NA,NA,NA,NA,NA,0
OWID_KOS,2007,NA,NA,NA,NA,NA,NA,0
OWID_KOS,2008,NA,NA,NA,NA,NA,NA,31.929224
OWID_KOS,2009,NA,NA,NA,NA,NA,NA,55.58091
OWID_KOS,2010,NA,NA,NA,NA,NA,NA,63.54183
OWID_KOS,2011,NA,NA,NA,NA,NA,NA,59.337627
OWID_KOS,2012,NA,NA,NA,NA,NA,NA,62.502556
OWID_KOS,2013,NA,NA,NA,NA,NA,NA,66.87681
OWID_KOS,2014,NA,NA,NA,NA,NA,NA,63.88502
OWID_KOS,2015,NA,NA,NA,NA,NA,NA,73.78064
OWID_KOS,2016,NA,NA,NA,NA,NA,NA,101.26757
OWID_KOS,2017,NA,NA,NA,NA,NA,NA,121.91384
OWID_KOS,2018,NA,NA,NA,NA,NA,NA,143.51567
OWID_KOS,2019,NA,NA,NA,NA,NA,NA,152.36255
OWID_KOS,2020,NA,NA,NA,NA,NA,NA,149.59631
OWID_KOS,2021,NA,NA,NA,NA,NA,NA,171.55457
OWID_KOS,2022,NA,NA,NA,NA,NA,NA,242.27191
WB_LAC,1996,NA,NA,NA,NA,NA,NA,39.556644
WB_LAC,1997,NA,NA,NA,NA,NA,NA,44.96002
WB_LAC,1998,NA,NA,NA,NA,NA,NA,47.222366
WB_LAC,1999,NA,NA,NA,NA,NA,NA,49.886597
WB_LAC,2000,NA,NA,NA,NA,NA,NA,52.97109
WB_LAC,2001,NA,NA,NA,NA,NA,NA,55.9692
WB_LAC,2002,NA,NA,NA,NA,NA,NA,62.157993
WB_LAC,2003,NA,NA,NA,NA,NA,NA,65.75744
WB_LAC,2004,NA,NA,NA,NA,NA,NA,70.94715
WB_LAC,2005,NA,NA,NA,NA,NA,NA,78.809364
WB_LAC,2006,NA,NA,NA,NA,NA,NA,95.09094
WB_LAC,2007,NA,NA,NA,NA,NA,NA,99.329185
WB_LAC,2008,NA,NA,NA,NA,NA,NA,111.16343
WB_LAC,2009,NA,NA,NA,NA,NA,NA,118.19111
WB_LAC,2010,NA,NA,NA,NA,NA,NA,125.092514
WB_LAC,2011,NA,NA,NA,NA,NA,NA,130.67427
WB_LAC,2012,NA,NA,NA,NA,NA,NA,140.04759
WB_LAC,2013,NA,NA,NA,NA,NA,NA,143.77994
WB_LAC,2014,NA,NA,NA,NA,NA,NA,151.01932
WB_LAC,2015,NA,NA,NA,NA,NA,NA,152.99915
WB_LAC,2016,NA,NA,NA,NA,NA,NA,160.24365
WB_LAC,2017,NA,NA,NA,NA,NA,NA,168.21005
WB_LAC,2018,NA,NA,NA,NA,NA,NA,179.13379
WB_LAC,2019,NA,NA,NA,NA,NA,NA,190.32529
WB_LAC,2020,NA,NA,NA,NA,NA,NA,203.7318
WB_LAC,2021,NA,NA,NA,NA,NA,NA,215.0671
WB_LAC,2022,NA,NA,NA,NA,NA,NA,199.47977
OWID_LIC,1996,NA,NA,NA,NA,NA,NA,1.9652351
OWID_LIC,1997,NA,NA,NA,NA,NA,NA,2.0492134
OWID_LIC,1998,NA,NA,NA,NA,NA,NA,2.3274574
OWID_LIC,1999,NA,NA,NA,NA,NA,NA,2.1431582
OWID_LIC,2000,NA,NA,NA,NA,NA,NA,2.0678062
OWID_LIC,2001,NA,NA,NA,NA,NA,NA,2.211605
OWID_LIC,2002,NA,NA,NA,NA,NA,NA,1.9958144
OWID_LIC,2003,NA,NA,NA,NA,NA,NA,2.2770655
OWID_LIC,2004,NA,NA,NA,NA,NA,NA,2.5805311
OWID_LIC,2005,NA,NA,NA,NA,NA,NA,2.679937
OWID_LIC,2006,NA,NA,NA,NA,NA,NA,2.8411667
OWID_LIC,2007,NA,NA,NA,NA,NA,NA,3.2902756
OWID_LIC,2008,NA,NA,NA,NA,NA,NA,3.3221705
OWID_LIC,2009,NA,NA,NA,NA,NA,NA,3.5732899
OWID_LIC,2010,NA,NA,NA,NA,NA,NA,4.185016
OWID_LIC,2011,NA,NA,NA,NA,NA,NA,4.396064
OWID_LIC,2012,NA,NA,NA,NA,NA,NA,4.510894
OWID_LIC,2013,NA,NA,NA,NA,NA,NA,4.547743
OWID_LIC,2014,NA,NA,NA,NA,NA,NA,4.6758795
OWID_LIC,2015,NA,NA,NA,NA,NA,NA,4.957463
OWID_LIC,2016,NA,NA,NA,NA,NA,NA,5.3707747
OWID_LIC,2017,NA,NA,NA,NA,NA,NA,5.5777097
OWID_LIC,2018,NA,NA,NA,NA,NA,NA,6.1637096
OWID_LIC,2019,NA,NA,NA,NA,NA,NA,6.7179956
OWID_LIC,2020,NA,NA,NA,NA,NA,NA,7.64531
OWID_LIC,2021,NA,NA,NA,NA,NA,NA,9.4381895
OWID_LIC,2022,NA,NA,NA,NA,NA,NA,9.575616
OWID_LMC,1996,NA,NA,NA,NA,NA,NA,14.016462
OWID_LMC,1997,NA,NA,NA,NA,NA,NA,14.304313
OWID_LMC,1998,NA,NA,NA,NA,NA,NA,14.286194
OWID_LMC,1999,NA,NA,NA,NA,NA,NA,14.765735
OWID_LMC,2000,NA,NA,NA,NA,NA,NA,15.048412
OWID_LMC,2001,NA,NA,NA,NA,NA,NA,15.677797
OWID_LMC,2002,NA,NA,NA,NA,NA,NA,16.519894
OWID_LMC,2003,NA,NA,NA,NA,NA,NA,17.794018
OWID_LMC,2004,NA,NA,NA,NA,NA,NA,18.779375
OWID_LMC,2005,NA,NA,NA,NA,NA,NA,21.086992
OWID_LMC,2006,NA,NA,NA,NA,NA,NA,23.627836
OWID_LMC,2007,NA,NA,NA,NA,NA,NA,25.930326
OWID_LMC,2008,NA,NA,NA,NA,NA,NA,28.964138
OWID_LMC,2009,NA,NA,NA,NA,NA,NA,32.154556
OWID_LMC,2010,NA,NA,NA,NA,NA,NA,35.521076
OWID_LMC,2011,NA,NA,NA,NA,NA,NA,40.298298
OWID_LMC,2012,NA,NA,NA,NA,NA,NA,43.20641
OWID_LMC,2013,NA,NA,NA,NA,NA,NA,45.15782
OWID_LMC,2014,NA,NA,NA,NA,NA,NA,48.8664
OWID_LMC,2015,NA,NA,NA,NA,NA,NA,51.485573
OWID_LMC,2016,NA,NA,NA,NA,NA,NA,56.77995
OWID_LMC,2017,NA,NA,NA,NA,NA,NA,59.959846
OWID_LMC,2018,NA,NA,NA,NA,NA,NA,67.78177
OWID_LMC,2019,NA,NA,NA,NA,NA,NA,72.767784
OWID_LMC,2020,NA,NA,NA,NA,NA,NA,80.80171
OWID_LMC,2021,NA,NA,NA,NA,NA,NA,96.308655
OWID_LMC,2022,NA,NA,NA,NA,NA,NA,106.938194
FSM,1996,NA,NA,NA,NA,NA,NA,18.787823
FSM,1997,NA,NA,NA,NA,NA,NA,9.00325
FSM,1998,NA,NA,NA,NA,NA,NA,47.316772
FSM,1999,NA,NA,NA,NA,NA,NA,26.146133
WB_MENAP,1996,NA,NA,NA,NA,NA,NA,37.250015
WB_MENAP,1997,NA,NA,NA,NA,NA,NA,38.593616
WB_MENAP,1998,NA,NA,NA,NA,NA,NA,38.78552
WB_MENAP,1999,NA,NA,NA,NA,NA,NA,38.411827
WB_MENAP,2000,NA,NA,NA,NA,NA,NA,41.718475
WB_MENAP,2001,NA,NA,NA,NA,NA,NA,43.29894
WB_MENAP,2002,NA,NA,NA,NA,NA,NA,45.496014
WB_MENAP,2003,NA,NA,NA,NA,NA,NA,50.00447
WB_MENAP,2004,NA,NA,NA,NA,NA,NA,54.057224
WB_MENAP,2005,NA,NA,NA,NA,NA,NA,59.340206
WB_MENAP,2006,NA,NA,NA,NA,NA,NA,67.84373
WB_MENAP,2007,NA,NA,NA,NA,NA,NA,74.779655
WB_MENAP,2008,NA,NA,NA,NA,NA,NA,84.932915
WB_MENAP,2009,NA,NA,NA,NA,NA,NA,95.276955
WB_MENAP,2010,NA,NA,NA,NA,NA,NA,104.92025
WB_MENAP,2011,NA,NA,NA,NA,NA,NA,118.60088
WB_MENAP,2012,NA,NA,NA,NA,NA,NA,123.527176
WB_MENAP,2013,NA,NA,NA,NA,NA,NA,127.557335
WB_MENAP,2014,NA,NA,NA,NA,NA,NA,134.82645
WB_MENAP,2015,NA,NA,NA,NA,NA,NA,140.06566
WB_MENAP,2016,NA,NA,NA,NA,NA,NA,154.23506
WB_MENAP,2017,NA,NA,NA,NA,NA,NA,164.80708
WB_MENAP,2018,NA,NA,NA,NA,NA,NA,177.49733
WB_MENAP,2019,NA,NA,NA,NA,NA,NA,202.52664
WB_MENAP,2020,NA,NA,NA,NA,NA,NA,217.47095
WB_MENAP,2021,NA,NA,NA,NA,NA,NA,246.59352
WB_MENAP,2022,NA,NA,NA,NA,NA,NA,264.4904
MNE,1996,NA,NA,NA,NA,NA,NA,0
MNE,1997,NA,NA,NA,NA,NA,NA,0
MNE,1998,NA,NA,NA,NA,NA,NA,0
MNE,1999,NA,NA,NA,NA,NA,NA,0
MNE,2000,NA,NA,NA,NA,NA,NA,0
MNE,2001,NA,NA,NA,NA,NA,NA,0
MNE,2002,NA,NA,NA,NA,NA,NA,0
WB_NA,1996,NA,NA,NA,NA,NA,NA,1164.5837
WB_NA,1997,NA,NA,NA,NA,NA,NA,1141.6017
WB_NA,1998,NA,NA,NA,NA,NA,NA,1097.0681
WB_NA,1999,NA,NA,NA,NA,NA,NA,1064.595
WB_NA,2000,NA,NA,NA,NA,NA,NA,1089.092
WB_NA,2001,NA,NA,NA,NA,NA,NA,1077.196
WB_NA,2002,NA,NA,NA,NA,NA,NA,1120.4315
WB_NA,2003,NA,NA,NA,NA,NA,NA,1166.1482
WB_NA,2004,NA,NA,NA,NA,NA,NA,1240.8485
WB_NA,2005,NA,NA,NA,NA,NA,NA,1337.0906
WB_NA,2006,NA,NA,NA,NA,NA,NA,1344.1351
WB_NA,2007,NA,NA,NA,NA,NA,NA,1341.6826
WB_NA,2008,NA,NA,NA,NA,NA,NA,1343.0048
WB_NA,2009,NA,NA,NA,NA,NA,NA,1350.9999
WB_NA,2010,NA,NA,NA,NA,NA,NA,1370.1763
WB_NA,2011,NA,NA,NA,NA,NA,NA,1399.7015
WB_NA,2012,NA,NA,NA,NA,NA,NA,1403.5878
WB_NA,2013,NA,NA,NA,NA,NA,NA,1398.8029
WB_NA,2014,NA,NA,NA,NA,NA,NA,1396.3488
WB_NA,2015,NA,NA,NA,NA,NA,NA,1393.7773
WB_NA,2016,NA,NA,NA,NA,NA,NA,1383.9758
WB_NA,2017,NA,NA,NA,NA,NA,NA,1382.4
WB_NA,2018,NA,NA,NA,NA,NA,NA,1397.194
WB_NA,2019,NA,NA,NA,NA,NA,NA,1402.8511
WB_NA,2020,NA,NA,NA,NA,NA,NA,1414.8108
WB_NA,2021,NA,NA,NA,NA,NA,NA,1463.8918
WB_NA,2022,NA,NA,NA,NA,NA,NA,1411.4156
PSE,1996,NA,NA,NA,NA,NA,NA,13.450557
PSE,1997,NA,NA,NA,NA,NA,NA,17.088377
PSE,1998,NA,NA,NA,NA,NA,NA,16.423153
PSE,1999,NA,NA,NA,NA,NA,NA,23.86928
PSE,2000,NA,NA,NA,NA,NA,NA,23.161005
PSE,2001,NA,NA,NA,NA,NA,NA,19.617825
PSE,2002,NA,NA,NA,NA,NA,NA,29.648436
PSE,2003,NA,NA,NA,NA,NA,NA,27.810099
PRI,1996,NA,NA,NA,NA,NA,NA,111.85197
PRI,1997,NA,NA,NA,NA,NA,NA,119.98893
PRI,1998,NA,NA,NA,NA,NA,NA,113.638855
PRI,1999,NA,NA,NA,NA,NA,NA,104.66882
PRI,2000,NA,NA,NA,NA,NA,NA,100.80814
PRI,2001,NA,NA,NA,NA,NA,NA,107.898506
PRI,2002,NA,NA,NA,NA,NA,NA,112.90109
PRI,2003,NA,NA,NA,NA,NA,NA,142.38539
PRI,2004,NA,NA,NA,NA,NA,NA,134.65546
PRI,2005,NA,NA,NA,NA,NA,NA,148.88147
PRI,2006,NA,NA,NA,NA,NA,NA,184.73337
PRI,2007,NA,NA,NA,NA,NA,NA,179.87071
PRI,2008,NA,NA,NA,NA,NA,NA,184.53995
PRI,2009,NA,NA,NA,NA,NA,NA,174.19481
PRI,2010,NA,NA,NA,NA,NA,NA,191.89334
PRI,2011,NA,NA,NA,NA,NA,NA,169.49672
PRI,2015,NA,NA,NA,NA,NA,NA,166.12228
PRI,2016,NA,NA,NA,NA,NA,NA,174.9438
PRI,2017,NA,NA,NA,NA,NA,NA,169.58006
PRI,2018,NA,NA,NA,NA,NA,NA,171.38048
PRI,2019,NA,NA,NA,NA,NA,NA,173.67958
PRI,2020,NA,NA,NA,NA,NA,NA,179.154
PRI,2021,NA,NA,NA,NA,NA,NA,174.61247
PRI,2022,NA,NA,NA,NA,NA,NA,176.9055
WB_SA,1996,NA,NA,NA,NA,NA,NA,17.021242
WB_SA,1997,NA,NA,NA,NA,NA,NA,17.137024
WB_SA,1998,NA,NA,NA,NA,NA,NA,17.120337
WB_SA,1999,NA,NA,NA,NA,NA,NA,17.740042
WB_SA,2000,NA,NA,NA,NA,NA,NA,17.915237
WB_SA,2001,NA,NA,NA,NA,NA,NA,18.492535
WB_SA,2002,NA,NA,NA,NA,NA,NA,19.576818
WB_SA,2003,NA,NA,NA,NA,NA,NA,21.188147
WB_SA,2004,NA,NA,NA,NA,NA,NA,22.315855
WB_SA,2005,NA,NA,NA,NA,NA,NA,25.219492
WB_SA,2006,NA,NA,NA,NA,NA,NA,28.7106
WB_SA,2007,NA,NA,NA,NA,NA,NA,31.548576
WB_SA,2008,NA,NA,NA,NA,NA,NA,35.33923
WB_SA,2009,NA,NA,NA,NA,NA,NA,38.75957
WB_SA,2010,NA,NA,NA,NA,NA,NA,43.323254
WB_SA,2011,NA,NA,NA,NA,NA,NA,50.363823
WB_SA,2012,NA,NA,NA,NA,NA,NA,54.655823
WB_SA,2013,NA,NA,NA,NA,NA,NA,57.17863
WB_SA,2014,NA,NA,NA,NA,NA,NA,62.82739
WB_SA,2015,NA,NA,NA,NA,NA,NA,66.223236
WB_SA,2016,NA,NA,NA,NA,NA,NA,71.94114
WB_SA,2017,NA,NA,NA,NA,NA,NA,75.40309
WB_SA,2018,NA,NA,NA,NA,NA,NA,85.43905
WB_SA,2019,NA,NA,NA,NA,NA,NA,87.73617
WB_SA,2020,NA,NA,NA,NA,NA,NA,96.81668
WB_SA,2021,NA,NA,NA,NA,NA,NA,117.24963
WB_SA,2022,NA,NA,NA,NA,NA,NA,132.75398
SSD,1996,NA,NA,NA,NA,NA,NA,0
SSD,1997,NA,NA,NA,NA,NA,NA,0
SSD,1998,NA,NA,NA,NA,NA,NA,0
SSD,1999,NA,NA,NA,NA,NA,NA,0
SSD,2000,NA,NA,NA,NA,NA,NA,0
SSD,2001,NA,NA,NA,NA,NA,NA,0
SSD,2002,NA,NA,NA,NA,NA,NA,0
SSD,2003,NA,NA,NA,NA,NA,NA,0
SSD,2004,NA,NA,NA,NA,NA,NA,0
SSD,2005,NA,NA,NA,NA,NA,NA,0
SSD,2006,NA,NA,NA,NA,NA,NA,0
SSD,2007,NA,NA,NA,NA,NA,NA,0
SSD,2008,NA,NA,NA,NA,NA,NA,0
SSD,2009,NA,NA,NA,NA,NA,NA,0
WB_SSA,1996,NA,NA,NA,NA,NA,NA,11.408608
WB_SSA,1997,NA,NA,NA,NA,NA,NA,11.402124
WB_SSA,1998,NA,NA,NA,NA,NA,NA,11.183332
WB_SSA,1999,NA,NA,NA,NA,NA,NA,11.186773
WB_SSA,2000,NA,NA,NA,NA,NA,NA,10.681142
WB_SSA,2001,NA,NA,NA,NA,NA,NA,10.885021
WB_SSA,2002,NA,NA,NA,NA,NA,NA,11.446094
WB_SSA,2003,NA,NA,NA,NA,NA,NA,11.409724
WB_SSA,2004,NA,NA,NA,NA,NA,NA,12.261244
WB_SSA,2005,NA,NA,NA,NA,NA,NA,13.077511
WB_SSA,2006,NA,NA,NA,NA,NA,NA,14.057704
WB_SSA,2007,NA,NA,NA,NA,NA,NA,14.582406
WB_SSA,2008,NA,NA,NA,NA,NA,NA,14.961987
WB_SSA,2009,NA,NA,NA,NA,NA,NA,16.598127
WB_SSA,2010,NA,NA,NA,NA,NA,NA,17.556208
WB_SSA,2011,NA,NA,NA,NA,NA,NA,18.580751
WB_SSA,2012,NA,NA,NA,NA,NA,NA,19.061012
WB_SSA,2013,NA,NA,NA,NA,NA,NA,19.701136
WB_SSA,2014,NA,NA,NA,NA,NA,NA,21.081244
WB_SSA,2015,NA,NA,NA,NA,NA,NA,21.870789
WB_SSA,2016,NA,NA,NA,NA,NA,NA,23.582542
WB_SSA,2017,NA,NA,NA,NA,NA,NA,25.325346
WB_SSA,2018,NA,NA,NA,NA,NA,NA,27.270128
WB_SSA,2019,NA,NA,NA,NA,NA,NA,30.744818
WB_SSA,2020,NA,NA,NA,NA,NA,NA,34.161755
WB_SSA,2021,NA,NA,NA,NA,NA,NA,37.82175
WB_SSA,2022,NA,NA,NA,NA,NA,NA,39.517735
OWID_UMC,1996,NA,NA,NA,NA,NA,NA,31.344088
OWID_UMC,1997,NA,NA,NA,NA,NA,NA,34.347664
OWID_UMC,1998,NA,NA,NA,NA,NA,NA,37.90349
OWID_UMC,1999,NA,NA,NA,NA,NA,NA,39.029625
OWID_UMC,2000,NA,NA,NA,NA,NA,NA,43.494663
OWID_UMC,2001,NA,NA,NA,NA,NA,NA,52.69968
OWID_UMC,2002,NA,NA,NA,NA,NA,NA,57.02422
OWID_UMC,2003,NA,NA,NA,NA,NA,NA,64.66637
OWID_UMC,2004,NA,NA,NA,NA,NA,NA,81.388725
OWID_UMC,2005,NA,NA,NA,NA,NA,NA,102.902435
OWID_UMC,2006,NA,NA,NA,NA,NA,NA,119.19244
OWID_UMC,2007,NA,NA,NA,NA,NA,NA,130.36652
OWID_UMC,2008,NA,NA,NA,NA,NA,NA,148.9614
OWID_UMC,2009,NA,NA,NA,NA,NA,NA,168.84354
OWID_UMC,2010,NA,NA,NA,NA,NA,NA,182.81041
OWID_UMC,2011,NA,NA,NA,NA,NA,NA,193.34312
OWID_UMC,2012,NA,NA,NA,NA,NA,NA,198.18141
OWID_UMC,2013,NA,NA,NA,NA,NA,NA,209.80809
OWID_UMC,2014,NA,NA,NA,NA,NA,NA,223.30934
OWID_UMC,2015,NA,NA,NA,NA,NA,NA,233.29932
OWID_UMC,2016,NA,NA,NA,NA,NA,NA,249.58559
OWID_UMC,2017,NA,NA,NA,NA,NA,NA,266.93335
OWID_UMC,2018,NA,NA,NA,NA,NA,NA,297.22217
OWID_UMC,2019,NA,NA,NA,NA,NA,NA,340.07733
OWID_UMC,2020,NA,NA,NA,NA,NA,NA,364.88156
OWID_UMC,2021,NA,NA,NA,NA,NA,NA,410.33826
OWID_UMC,2022,NA,NA,NA,NA,NA,NA,454.78018
OWID_WRL,1996,NA,NA,NA,NA,NA,NA,169.13228
OWID_WRL,1997,NA,NA,NA,NA,NA,NA,171.76358
OWID_WRL,1998,NA,NA,NA,NA,NA,NA,170.2448
OWID_WRL,1999,NA,NA,NA,NA,NA,NA,167.9409
OWID_WRL,2000,NA,NA,NA,NA,NA,NA,173.80844
OWID_WRL,2001,NA,NA,NA,NA,NA,NA,177.67426
OWID_WRL,2002,NA,NA,NA,NA,NA,NA,183.01743
OWID_WRL,2003,NA,NA,NA,NA,NA,NA,191.50082
OWID_WRL,2004,NA,NA,NA,NA,NA,NA,206.37215
OWID_WRL,2005,NA,NA,NA,NA,NA,NA,228.3892
OWID_WRL,2006,NA,NA,NA,NA,NA,NA,239.17284
OWID_WRL,2007,NA,NA,NA,NA,NA,NA,246.2331
OWID_WRL,2008,NA,NA,NA,NA,NA,NA,256.95932
OWID_WRL,2009,NA,NA,NA,NA,NA,NA,268.55215
OWID_WRL,2010,NA,NA,NA,NA,NA,NA,277.4828
OWID_WRL,2011,NA,NA,NA,NA,NA,NA,287.63266
OWID_WRL,2012,NA,NA,NA,NA,NA,NA,292.47458
OWID_WRL,2013,NA,NA,NA,NA,NA,NA,297.9571
OWID_WRL,2014,NA,NA,NA,NA,NA,NA,305.28827
OWID_WRL,2015,NA,NA,NA,NA,NA,NA,309.47488
OWID_WRL,2016,NA,NA,NA,NA,NA,NA,316.90677
OWID_WRL,2017,NA,NA,NA,NA,NA,NA,323.95615
OWID_WRL,2018,NA,NA,NA,NA,NA,NA,339.37665
OWID_WRL,2019,NA,NA,NA,NA,NA,NA,360.97046
OWID_WRL,2020,NA,NA,NA,NA,NA,NA,375.49118
OWID_WRL,2021,NA,NA,NA,NA,NA,NA,408.17743
OWID_WRL,2022,NA,NA,NA,NA,NA,NA,417.82004
