"Data Source","World Development Indicators",

"Last Updated Date","2025-12-16",

"Country Name","Country Code","Indicator Name","Indicator Code","1960","1961","1962","1963","1964","1965","1966","1967","1968","1969","1970","1971","1972","1973","1974","1975","1976","1977","1978","1979","1980","1981","1982","1983","1984","1985","1986","1987","1988","1989","1990","1991","1992","1993","1994","1995","1996","1997","1998","1999","2000","2001","2002","2003","2004","2005","2006","2007","2008","2009","2010","2011","2012","2013","2014","2015","2016","2017","2018","2019","2020","2021","2022","2023","2024",
"Aruba","ABW","Export unit value index (2015 = 100)","TX.UVI.MRCH.XD.WD","","","","","","","","","","","","","","","","","","","","","","","","","","","","","","","","","","","","","","","","","31.7","29.1","27.7","32.6","41.5","60.4","71.5","77.4","99.1","62","75.2","92.5","95.1","80.6","150.9","100","59.1","67.6","71.8","109.4","97.2","158.3","98.1","97.4","124.6",
"Africa Eastern and Southern","AFE","Export unit value index (2015 = 100)","TX.UVI.MRCH.XD.WD","","","","","","","","","","","","","","","","","","","","","","","","","","","","","","","","","","","","","","","","","","","","","","","","","","","","","","","","","","","","","","","","","",
"Afghanistan","AFG","Export unit value index (2015 = 100)","TX.UVI.MRCH.XD.WD","","","","","","","","","","","","","","","","","","","","","","","","","","","","","","","","","","","","","","","","","56.3","63.9","62","61.9","74.2","81","90.2","103.8","112.3","100.7","115.5","133.8","126.6","119.7","116.5","100","105.9","109.3","113.3","102.8","114.8","127.5","146.7","142.5","154.1",
"Africa Western and Central","AFW","Export unit value index (2015 = 100)","TX.UVI.MRCH.XD.WD","","","","","","","","","","","","","","","","","","","","","","","","","","","","","","","","","","","","","","","","","","","","","","","","","","","","","","","","","","","","","","","","","",
"Angola","AGO","Export unit value index (2015 = 100)","TX.UVI.MRCH.XD.WD","","","","","","","","","","","","","","","","","","","","","","","","","","35.1","32.4","34.6","35.7","41.3","45.7","53.6","26.8","32.4","26.8","35.1","50.2","38.5","24","35.1","55.8","49","49.7","57.3","72.5","100.9","122","138.6","180.6","119.6","153.4","216.2","218.8","211.5","189.5","100","84.1","107.9","140.8","127.6","81.9","150","220.4","163.9","160.1",
"Albania","ALB","Export unit value index (2015 = 100)","TX.UVI.MRCH.XD.WD","","","","","","","","","","","","","","","","","","","","","","","","","","","","","","","","","","","","","","","","","80.5","79.6","79.1","80.8","85.8","90.1","98","104.2","108.6","100.1","106.7","120.2","119.5","117.6","115.8","100","96.6","102.5","106.8","104","101.7","117.1","131.4","122","120.7",
"Andorra","AND","Export unit value index (2015 = 100)","TX.UVI.MRCH.XD.WD","","","","","","","","","","","","","","","","","","","","","","","","","","","","","","","","","","","","","","","","","94.9","93.3","92.4","94.1","95.4","103.4","116.9","107.6","110.7","106.2","110.7","117.1","117.1","115.8","114.3","100","102.6","103.8","103.5","102.4","105.1","109.5","116.5","117.1","118.8",
"Arab World","ARB","Export unit value index (2015 = 100)","TX.UVI.MRCH.XD.WD","","","","","","","","","","","","","","","","","","","","","","","","","","","","","","","","","","","","","","","","","","","","","","","","","","","","","","","","","","","","","","","","","",
"United Arab Emirates","ARE","Export unit value index (2015 = 100)","TX.UVI.MRCH.XD.WD","","","","","","","","","","","","","","","","","","","","","61.5","71.1","67.8","59.2","57.6","55","27.1","34.6","26.9","","","","","","","","","","","","55","50.9","49.7","56.6","67.6","85.5","95.3","103.5","126.1","95.1","111.1","138","139.2","134.5","131.1","100","95.4","103","112","106","95.9","124.5","153.8","138.7","138.3",
"Argentina","ARG","Export unit value index (2015 = 100)","TX.UVI.MRCH.XD.WD","","","","","","","","","","","","","","","","","","","","","45.9","42.7","36.7","39.4","38.9","43.2","45.4","44.8","42.1","41.1","40.5","50.2","52.4","52.9","57.3","58.9","62.7","58.9","53.5","49.2","54","51.4","49.5","55.1","63.4","66.4","73.2","82.8","104.7","93.5","101.1","119.7","122.7","120.9","117.9","100","95.2","96.6","102.2","96","93.3","116.7","135.7","123.1","115.9",
"Armenia","ARM","Export unit value index (2015 = 100)","TX.UVI.MRCH.XD.WD","","","","","","","","","","","","","","","","","","","","","","","","","","","","","","","","","","","","","","","","","62.6","61","60.4","63.7","73.2","77.1","82","88.6","95.7","89.9","110.1","126.6","119.3","112.7","113.1","100","97.3","107","112.9","108.4","111.1","139.8","145.6","146","153.9",
"American Samoa","ASM","Export unit value index (2015 = 100)","TX.UVI.MRCH.XD.WD","","","","","","","","","","","","","","","","","","","","","","","","","","","","","","","","","","","","","","","","","799.4","764.4","740.5","876.1","975.5","957.6","1068.1","313.7","276.6","119.3","170.7","193.7","193.3","107","104.6","100","104.2","114.9","127","175.8","162.4","180.3","218.4","222.3","173.2",
"Antigua and Barbuda","ATG","Export unit value index (2015 = 100)","TX.UVI.MRCH.XD.WD","","","","","","","","","","","","","","","","","","","","","","","","","","","","","","","","","","","","","","","","","124.6","111.6","111.4","111","113.5","112.8","118.4","124.5","135.1","119.9","128.2","137.6","134.3","131.4","115.2","100","88.3","92.4","81.3","82.9","82.9","95.7","108.1","103.1","100.7",
"Australia","AUS","Export unit value index (2015 = 100)","TX.UVI.MRCH.XD.WD","","","","","","","","","","","","","","","","","","","","","","","","","","","","","","","","","","","","","","","","","52.3","51.3","52.3","57.5","67.5","80","91.1","101.9","127.6","110.7","135.3","171.3","158.5","147","132.2","100","95.6","115.2","121.9","127.8","122.9","172","208.4","189.2","174.1",
"Austria","AUT","Export unit value index (2015 = 100)","TX.UVI.MRCH.XD.WD","","","","","","","","","","","","","","","","","","","","","","","","","","","","","","","","","","","","","","","","","63.9","62.7","65.7","77.5","86.2","89.1","93.7","106.5","117.9","109.4","106.6","117.8","111.6","116","116.4","100","101.3","107.4","116.7","112.9","116.4","131.1","139.4","149.3","149.6",
"Azerbaijan","AZE","Export unit value index (2015 = 100)","TX.UVI.MRCH.XD.WD","","","","","","","","","","","","","","","","","","","","","","","","","","","","","","","","","","","","","","","","","60.3","53.4","53.4","61.4","77.8","104.2","120.5","132.6","169.7","111.2","140","183.7","185.8","182.1","169.2","100","86.6","103.8","126.4","113.5","81.6","143.6","224.6","148","136",
"Burundi","BDI","Export unit value index (2015 = 100)","TX.UVI.MRCH.XD.WD","","","","","","","","","","","","","","","","","","","","","342.2","251.5","263.2","281.3","296.3","294","382.6","267.1","332.4","276.9","214.5","217.4","139.4","143.8","201.3","214.5","131.6","128.7","100.4","63.9","48.7","39.4","40.1","44.1","50.1","65.7","74.6","81","93.2","92.6","114.2","149.1","127.7","110.2","106.9","100","101.5","105","101.3","100.8","115.4","130.2","144.6","141.8","166",
"Belgium","BEL","Export unit value index (2015 = 100)","TX.UVI.MRCH.XD.WD","","","","","","","","","","","","","","","","","","","","","","","","","","","","","","","","","","","","","","","","","60.7","59.8","62.3","73.9","82.6","87","92","104.7","117.5","104.6","107.2","121","115.1","119.1","118.9","100","97.7","105.2","114.3","110.8","112.8","130","147.2","142.1","142.3",
"Benin","BEN","Export unit value index (2015 = 100)","TX.UVI.MRCH.XD.WD","","","","","","","","","","","","","","","","","","","","","40.3","34","50.3","46.7","46","43.9","50.3","58","66.5","58.7","75.8","69.4","48.9","59.4","64.4","91.3","80","77.9","80.7","79.3","70.8","61.6","59.9","70.9","78.5","83.2","92.9","102.9","119.5","96.3","117.7","146.4","137.2","128.5","123.4","100","103.7","109.6","114.8","103.2","104.3","130.1","152.9","137.2","139.2",
"Burkina Faso","BFA","Export unit value index (2015 = 100)","TX.UVI.MRCH.XD.WD","","","","","","","","","","","","","","","","","","","","","48.6","40.9","41.6","46.7","51.8","51.2","53.7","70.3","79.3","85.1","88.9","82.5","56.9","56.3","78.7","94.6","90.2","82.5","78","69.7","64","56.9","55.5","71.7","72.4","67.2","71.2","79.3","91.9","83.5","111.5","146.4","139.6","123.8","112.8","100","106.4","109.8","112.9","117","139.2","147.1","153.1","158.5","186.3",
"Bangladesh","BGD","Export unit value index (2015 = 100)","TX.UVI.MRCH.XD.WD","","","","","","","","","","","","","","","","","","","","","66.8","62.7","59.5","57","58.7","70.1","59.5","61.9","66","66","66","69.3","68.4","66.8","65.2","69.3","74.2","78.2","80.7","81.5","81.5","80.4","79.8","79.9","81","81.8","81.8","82.7","86.2","85.2","86.9","98.7","103.3","101","102.2","100","99.3","98.6","99","99.1","103","103.2","106.5","105.6","106.1",
"Bulgaria","BGR","Export unit value index (2015 = 100)","TX.UVI.MRCH.XD.WD","","","","","","","","","","","","","","","","","","","","","","","","","","","","","","","","","","","","","","","","","50.1","47.7","49.5","58.5","69.2","74","86.9","104","118.8","102.2","108","126.6","122.1","122.4","120.1","100","97.6","105.8","113.6","110.1","112.9","138.8","153.1","151.8","149.2",
"Bahrain","BHR","Export unit value index (2015 = 100)","TX.UVI.MRCH.XD.WD","","","","","","","","","","","","","","","","","","","","","","","","","","","","","","","","","","","","","","","","","62.8","59.4","57","62.7","74.2","93.9","111.1","119.4","143.8","110.6","131.5","155.8","143","141.2","137.7","100","91.9","103.9","113.8","108.9","100.1","135.7","159.7","141.4","137.9",
"Bahamas, The","BHS","Export unit value index (2015 = 100)","TX.UVI.MRCH.XD.WD","","","","","","","","","","","","","","","","","","","","","","","","","","","","","","","","","","","","","","","","","61.5","56.1","53.9","59.4","65","71.4","75.4","78.8","90.1","74.9","87.6","109.1","110.1","111.2","111.5","100","97.2","104","112.6","107.9","101","122.7","149.6","142.1","136.3",
"Bosnia and Herzegovina","BIH","Export unit value index (2015 = 100)","TX.UVI.MRCH.XD.WD","","","","","","","","","","","","","","","","","","","","","","","","","","","","","","","","","","","","","","","","","64.5","63.3","63.1","68.3","75","81.4","92.2","97.8","110.1","98.1","105.9","118.3","113.2","110.3","109.7","100","98.2","103.2","109.5","105.9","105.9","125.8","147.4","137.3","135",
"Belarus","BLR","Export unit value index (2015 = 100)","TX.UVI.MRCH.XD.WD","","","","","","","","","","","","","","","","","","","","","","","","","","","","","","","","","","","","","","","","","57","55","54","59","67.7","81","92.5","108","143.9","106.2","122.6","151","151.6","148.5","138.5","100","88","101.1","111.3","108.4","96","119.2","132.7","129","130.4",
"Belize","BLZ","Export unit value index (2015 = 100)","TX.UVI.MRCH.XD.WD","","","","","","","","","","","","","","","","","","","","","","","","","","","","","","","","","","","","","","","","","75.2","76.4","70.5","68.5","75.4","83.3","91.4","95.4","113.1","100.3","92.5","122.1","119.4","117.1","117.3","100","107.3","105.7","103.8","95.1","102.1","101.5","111.3","125.8","122.8",
"Bermuda","BMU","Export unit value index (2015 = 100)","TX.UVI.MRCH.XD.WD","","","","","","","","","","","","","","","","","","","","","","","","","","","","","","","","","","","","","","","","","107.7","101","100.5","101.6","110","105.7","108.6","112.7","122.4","118.1","90.2","92.7","92.7","99.2","112.7","100","122.5","124.4","136.2","128.9","126.7","136.9","146.9","144","141.5",
"Bolivia","BOL","Export unit value index (2015 = 100)","TX.UVI.MRCH.XD.WD","","","","","","","","","","","","","","","","","","","","","63.5","62.2","62.6","59.2","63.5","60.1","44","43.6","42.8","43.6","42.8","39.3","33.5","33.5","39.7","42.8","47","46.5","42.4","40.6","42.4","39.9","40.3","43.3","54.7","61.7","73.7","83.1","102.9","87","100.4","125.8","141.1","136.7","132.4","100","82.5","95.2","103.6","103.8","95.7","115.3","134.1","131.1","138.1",
"Brazil","BRA","Export unit value index (2015 = 100)","TX.UVI.MRCH.XD.WD","","","","","","","","","","","","","","","","","","","","","69.5","65.3","61.1","56.3","58.1","53.9","54.5","55.1","61.1","60.5","59.3","60.5","59.9","57.5","63.5","70.1","70.1","71.3","67.1","58.7","59.9","57.8","55.1","57.7","64.9","72.8","81.9","90.6","114.3","98.9","119.3","147.2","139.9","135.4","128.3","100","93.3","102.9","108.3","104.3","97.2","125.9","143.1","133.8","129.4",
"Barbados","BRB","Export unit value index (2015 = 100)","TX.UVI.MRCH.XD.WD","","","","","","","","","","","","","","","","","","","","","","","","","","","","","","","","","","","","","","","","","57.9","55.8","54.3","60.5","70.1","86","95.9","101.4","120.6","102.8","107.5","119.5","118.2","117.2","115.9","100","100.2","104.1","109.9","108.6","107.3","116.4","124.6","127.4","122",
"Brunei Darussalam","BRN","Export unit value index (2015 = 100)","TX.UVI.MRCH.XD.WD","","","","","","","","","","","","","","","","","","","","","","","","","","","","","","","","","","","","","","","","","66.7","63.3","57.6","72.2","86.9","124","133.8","145.1","189.9","114.4","132.1","159","154.2","162.1","156.3","100","83.1","98.9","118","98.1","72.6","140.3","223.1","162.5","146.1",
"Bhutan","BTN","Export unit value index (2015 = 100)","TX.UVI.MRCH.XD.WD","","","","","","","","","","","","","","","","","","","","","","","","","","","","","","","","","","","","","","","","","69.9","74.4","73.9","79.1","98.5","115.2","127.9","136.7","177.9","150","94.9","104.7","124.8","120.4","117.2","100","94.9","108.4","122.5","111.2","105.7","168.3","251","174.8","163.3",
"Botswana","BWA","Export unit value index (2015 = 100)","TX.UVI.MRCH.XD.WD","","","","","","","","","","","","","","","","","","","","","59.4","55","46.3","44.8","43.4","38.8","45.6","60.1","66","66.7","77","74.1","74.1","73.4","75.6","80","77","79.2","74.1","74.8","73.4","72.2","70.2","71.8","77.5","80.6","74.4","78.7","69.6","56.9","62.9","82.5","88.2","75.2","96.3","100","112","95.5","93.9","90.1","85.1","89.1","101.3","105.8","93.2",
"Central African Republic","CAF","Export unit value index (2015 = 100)","TX.UVI.MRCH.XD.WD","","","","","","","","","","","","","","","","","","","","","299.7","243.9","298.8","278.8","260.5","298.8","318.8","335.3","341.4","365.9","380.7","309.2","330.1","310.1","184.7","215.2","189","143.7","122.8","104.5","87.1","83.5","81.3","90.4","96.9","98.9","93.1","100.8","106.8","93.7","101","125.6","121","115.4","122","100","100.8","104.1","105.4","99.3","104.2","106.9","106.8","108.7","125",
"Canada","CAN","Export unit value index (2015 = 100)","TX.UVI.MRCH.XD.WD","","","","","","","","","","","","","","","","","","","","","","","","","","","","","","","","","","","","","","","","","81.5","78.8","74.2","82.1","91.4","101.6","107.7","114.3","129.3","105.5","120.9","133.7","130.2","127.5","123.9","100","95.3","100.6","105.6","103","96.9","124.2","144.4","129.9","128.7",
"Central Europe and the Baltics","CEB","Export unit value index (2015 = 100)","TX.UVI.MRCH.XD.WD","","","","","","","","","","","","","","","","","","","","","","","","","","","","","","","","","","","","","","","","","","","","","","","","","","","","","","","","","","","","","","","","","",
"Switzerland","CHE","Export unit value index (2015 = 100)","TX.UVI.MRCH.XD.WD","","","","","","","","","","","","","","","","","","","","","","","","","","","","","","","","","","","","","","","","","50.9","51.6","54.6","62.9","69.8","71","72.9","79.2","90.8","92.2","96","106.8","102.4","103.6","106.8","100","102.2","105.1","110","113","125.2","135.5","139.6","142.9","148.5",
"Channel Islands","CHI","Export unit value index (2015 = 100)","TX.UVI.MRCH.XD.WD","","","","","","","","","","","","","","","","","","","","","","","","","","","","","","","","","","","","","","","","","","","","","","","","","","","","","","","","","","","","","","","","","",
"Chile","CHL","Export unit value index (2015 = 100)","TX.UVI.MRCH.XD.WD","","","","","","","","","","","","","","","","","","","","","72.2","62.3","52.4","51.5","49","45","48.5","51.5","54.9","61.4","57.5","56","53.4","48","54.5","67","56.3","54.9","46.5","46.4","49.5","43.5","43.1","48.6","63.5","78.8","107.4","116.4","111.9","99.3","126.9","139.3","130.9","123.9","119.1","100","97.7","112.6","115.6","108.7","113.9","147.1","155.8","148.9","150.9",
"China","CHN","Export unit value index (2015 = 100)","TX.UVI.MRCH.XD.WD","","","","","","","","","","","","","","","","","","","","","74.9","74.9","70.4","64.5","63","64.5","59.3","63.7","65.2","69.7","71.9","72.6","74.1","71.9","74.1","77.8","79.3","80.1","77.1","74.9","74.1","72.2","69.8","71.3","77.8","79.9","83.3","87.5","94.5","88.7","90.9","100.5","102.8","102.1","102.4","100","91","91.7","96.7","95.4","96.1","104.9","114.5","106","99",
"Cote d'Ivoire","CIV","Export unit value index (2015 = 100)","TX.UVI.MRCH.XD.WD","","","","","","","","","","","","","","","","","","","","","59.6","48","43","41.8","46.4","50.1","55.9","53","50.1","43","42.6","42.6","48.4","39.7","42.2","50.5","53","47.6","49.3","48.4","41.4","43.7","56.2","57.7","61.5","70","76.2","87.2","108.6","94.9","109.9","124.1","109","106.1","111.9","100","96.1","87.3","94.2","92","91","105.1","115.1","123.6","178.5",
"Cameroon","CMR","Export unit value index (2015 = 100)","TX.UVI.MRCH.XD.WD","","","","","","","","","","","","","","","","","","","","","80.1","64.5","106.6","80.1","64","54.6","54.1","54.1","54.6","50.4","54.1","61.9","55.6","57.7","52","58.8","53","52.5","47.3","40.6","52","49.4","52.7","57.8","69.3","86.1","98.8","109.7","134.3","106.3","125.3","151.8","142.6","139.1","136.8","100","91.7","93.9","105.6","98.3","84.8","122","161.8","133.6","150.6",
"Congo, Dem. Rep.","COD","Export unit value index (2015 = 100)","TX.UVI.MRCH.XD.WD","","","","","","","","","","","","","","","","","","","","","214.4","185.4","193.3","152.9","103.9","94.3","100.8","93.1","103.9","112.4","135.9","110","140.1","135.9","159.5","161.9","151","128.1","166.7","67.1","60.4","59.2","57.7","60.4","68","78.7","107.8","116.7","110.2","87.3","108.7","128.2","122.5","112.8","117.3","100","93.8","118.1","132.5","120.9","121.2","179","185.6","173.2","178.6",
"Congo, Rep.","COG","Export unit value index (2015 = 100)","TX.UVI.MRCH.XD.WD","","","","","","","","","","","","","","","","","","","","","43.9","45.3","42.9","37.2","37.7","36.2","22.9","29.6","24.3","29.1","35.3","34.8","34.3","22.9","28.6","30.5","36.7","33.4","23.4","31.9","47.7","42.6","42.5","49.3","62.8","87.1","104","114.9","143.9","98.9","120.6","151.9","153.4","150.4","142.1","100","92.2","102.8","117.5","107.4","82","129.7","161.3","139.9","138.5",
"Colombia","COL","Export unit value index (2015 = 100)","TX.UVI.MRCH.XD.WD","","","","","","","","","","","","","","","","","","","","","68.9","63.1","67.2","63.9","66.4","64.8","77.1","62.3","64.8","67.2","63.9","63.9","59","59.8","73","75.4","79.6","80.3","69.8","72.1","82","73.5","70.8","72.8","84","98.6","109.1","122.5","149.3","130.1","153.3","193.6","186.4","172.8","153.5","100","87.3","103.5","119.4","111.4","89.5","124.2","172.2","147.6","141",
"Comoros","COM","Export unit value index (2015 = 100)","TX.UVI.MRCH.XD.WD","","","","","","","","","","","","","","","","","","","","","139.3","96.2","95.2","116.2","73.1","90.2","111.2","126.3","137.3","129.3","153.3","137.3","143.3","120.2","90.2","137.3","133.3","117.2","111.2","115.2","100.2","62","59.2","70.5","67.2","65.9","55.6","70.6","75.6","68","73.5","85","86.7","91.4","96.9","100","99.2","90.4","77.9","74.5","73.7","81.5","89","89.7","95.5",
"Cabo Verde","CPV","Export unit value index (2015 = 100)","TX.UVI.MRCH.XD.WD","","","","","","","","","","","","","","","","","","","","","45.1","90.9","55","35.9","33.6","32.4","42.8","50.9","53.8","51.5","59","60.2","65.4","61.9","65.4","72.9","71.8","68.9","68.3","67.7","57.9","56.9","56.2","57.1","58","70.7","77.1","81.9","93.9","89.2","93.7","106.8","108.6","106","106.7","100","101.9","102.8","108.2","107.7","98.5","107.9","122.6","119.9","113.2",
"Costa Rica","CRI","Export unit value index (2015 = 100)","TX.UVI.MRCH.XD.WD","","","","","","","","","","","","","","","","","","","","","68.5","68.5","66","64.4","67.7","69.3","81.7","71.8","74.3","72.6","66.8","71","74.3","77.6","81.7","83.9","86.2","88.3","105","77.1","82.5","81.9","79.9","80.6","81.5","84","86.8","88.6","95.6","94","95.6","100.4","100.3","99","99.7","100","98.5","96.9","101.4","101.6","103.5","105.7","111.1","120.3","121.7",
"Caribbean small states","CSS","Export unit value index (2015 = 100)","TX.UVI.MRCH.XD.WD","","","","","","","","","","","","","","","","","","","","","","","","","","","","","","","","","","","","","","","","","","","","","","","","","","","","","","","","","","","","","","","","","",
"Cuba","CUB","Export unit value index (2015 = 100)","TX.UVI.MRCH.XD.WD","","","","","","","","","","","","","","","","","","","","","","","","","","","","","","","","","","","","","","","","","59.9","65.5","57.5","71.6","85.3","91.1","116","125.7","117.7","105.1","123.5","135.4","120.5","115.9","119.1","100","100.6","103","101","97.4","96.5","120.9","138.5","139.6","134.2",
"Curacao","CUW","Export unit value index (2015 = 100)","TX.UVI.MRCH.XD.WD","","","","","","","","","","","","","","","","","","","","","","","","","","","","","","","","","","","","","","","","","","","","","","","","","","","","154.3658690011","158.6548610209","154.5359402863","149.0000100168","100","84.4227276906","98.6581466266","116.4941280082","110.1895030363","86.5711186215999","123.2938058933","","","",
"Cayman Islands","CYM","Export unit value index (2015 = 100)","TX.UVI.MRCH.XD.WD","","","","","","","","","","","","","","","","","","","","","","","","","","","","","","","","","","","","","","","","","97.8","91.2","91","90","92.6","87.6","89.9","91.8","115.7","62.3","96.4","98.5","100.8","99.8","102.5","100","97.8","98.8","100.7","100.8","100.7","90.4","124.3","118.1","109.2",
"Cyprus","CYP","Export unit value index (2015 = 100)","TX.UVI.MRCH.XD.WD","","","","","","","","","","","","","","","","","","","","","","","","","","","","","","","","","","","","","","","","","71.8","71.1","75.4","89.1","101.3","104.6","114.2","127.9","150.7","120.1","125.6","141.8","131.7","131.5","129.7","100","94.8","104.9","121.9","115.1","106.2","123.8","140.7","139","137.4",
"Czechia","CZE","Export unit value index (2015 = 100)","TX.UVI.MRCH.XD.WD","","","","","","","","","","","","","","","","","","","","","","","","","","","","","","","","","","","","","","","","","50.5","51.6","55.5","66.5","75.9","78.7","82.1","92.8","105.8","97.1","99","112.7","107.9","111.1","113.7","100","99.7","108.1","119.3","117.9","122.5","138.4","140.5","152.5","157",
"Germany","DEU","Export unit value index (2015 = 100)","TX.UVI.MRCH.XD.WD","","","","","","","","","","","","","","","","","","","","","","","","","","","","","","","","","","","","","","","","","57.4","57","60.1","71.2","78.3","80.4","84.4","95.7","106","100.9","99.6","110.3","106.8","111.6","114.4","100","101.2","108.1","116.6","115.6","120","134.3","139.2","145.9","146.8",
"Djibouti","DJI","Export unit value index (2015 = 100)","TX.UVI.MRCH.XD.WD","","","","","","","","","","","","","","","","","","","","","","","","","","","","","","","","","","","","","","","","","62.8","61.1","60.1","66","71.4","77.4","86.2","92.4","106.1","93.9","103.1","120.2","119.6","118.6","118.2","100","98.8","103.1","105.7","103.8","103.5","119.4","129","121.2","122.6",
"Dominica","DMA","Export unit value index (2015 = 100)","TX.UVI.MRCH.XD.WD","","","","","","","","","","","","","","","","","","","","","","","","","","","","","","","","","","","","","","","","","71.3","78.4","76.3","72.4","84.4","88.5","89.4","92.4","101.5","99.6","101.5","116.1","107.6","112.2","112.2","100","95.2","94.5","96.8","96.6","99.4","106.2","107.4","112.2","117.3",
"Denmark","DNK","Export unit value index (2015 = 100)","TX.UVI.MRCH.XD.WD","","","","","","","","","","","","","","","","","","","","","","","","","","","","","","","","","","","","","","","","","61.1","59.9","62.4","73.2","82.8","86.2","90.7","97.1","109.5","99.7","101.2","114.3","111.8","117.1","115.4","100","98.2","103.8","110.1","112.6","114.7","126","132.4","129.7","128.6",
"Dominican Republic","DOM","Export unit value index (2015 = 100)","TX.UVI.MRCH.XD.WD","","","","","","","","","","","","","","","","","","","","","80.4","89.1","76.5","79.8","75.8","74.5","75.8","69.1","82.4","85.7","64.5","63.8","57.9","61.2","66.5","58.4","59.9","60.8","63.7","63.6","66.5","68.9","70","64","63.2","75.8","83.6","95.9","100.5","94.1","98.1","110","111.4","106.9","104.6","100","99.1","99.9","105.2","105.7","109.1","110.2","115.9","118.8","124.2",
"Algeria","DZA","Export unit value index (2015 = 100)","TX.UVI.MRCH.XD.WD","","","","","","","","","","","","","","","","","","","","","61.8","65","53.9","49.2","47.4","45.5","27.4","30.2","28.8","30.2","40.9","38.1","33.4","30.2","28.8","30.7","35.8","34.8","25.6","29.3","46.5","45.6","43.3","53","69.4","93","112.7","128.3","172.2","110.2","143.3","189.8","194.6","186.8","174.4","100","78.5","95.8","120.6","108.6","77.5","123.8","211.2","169.2","163.5",
"East Asia & Pacific (excluding high income)","EAP","Export unit value index (2015 = 100)","TX.UVI.MRCH.XD.WD","","","","","","","","","","","","","","","","","","","","","","","","","","","","","","","","","","","","","","","","","","","","","","","","","","","","","","","","","","","","","","","","","",
"Early-demographic dividend","EAR","Export unit value index (2015 = 100)","TX.UVI.MRCH.XD.WD","","","","","","","","","","","","","","","","","","","","","","","","","","","","","","","","","","","","","","","","","","","","","","","","","","","","","","","","","","","","","","","","","",
"East Asia & Pacific","EAS","Export unit value index (2015 = 100)","TX.UVI.MRCH.XD.WD","","","","","","","","","","","","","","","","","","","","","","","","","","","","","","","","","","","","","","","","","","","","","","","","","","","","","","","","","","","","","","","","","",
"Europe & Central Asia (excluding high income)","ECA","Export unit value index (2015 = 100)","TX.UVI.MRCH.XD.WD","","","","","","","","","","","","","","","","","","","","","","","","","","","","","","","","","","","","","","","","","","","","","","","","","","","","","","","","","","","","","","","","","",
"Europe & Central Asia","ECS","Export unit value index (2015 = 100)","TX.UVI.MRCH.XD.WD","","","","","","","","","","","","","","","","","","","","","","","","","","","","","","","","","","","","","","","","","","","","","","","","","","","","","","","","","","","","","","","","","",
"Ecuador","ECU","Export unit value index (2015 = 100)","TX.UVI.MRCH.XD.WD","","","","","","","","","","","","","","","","","","","","","101.5","98.4","96","91.6","89.1","83.6","56.3","61.3","50.8","57","59.4","54.5","50.1","48.3","53.2","52.8","56.6","56.7","49.2","52.3","61.9","56.9","58.2","63.2","67.7","79.8","91","101.2","128.4","98.7","121.2","146","147.4","148.5","139.6","100","93.8","104.3","119","115.1","98.6","125.3","151.7","139","144.6",
"Egypt, Arab Rep.","EGY","Export unit value index (2015 = 100)","TX.UVI.MRCH.XD.WD","","","","","","","","","","","","","","","","","","","","","61.2","69.2","68.6","64.1","57.8","56.1","45.8","38.8","41.1","41.7","47.5","54.4","57.2","57.2","54.9","57.2","57.2","60.1","56.6","53.2","57.2","53.8","52.8","59.4","70.5","88.4","94.5","102.1","130.1","99.6","108","127.1","124.7","123.3","119.8","100","96.7","101.8","109.2","104.3","99","124.5","161.8","138.5","135.8",
"Euro area","EMU","Export unit value index (2015 = 100)","TX.UVI.MRCH.XD.WD","","","","","","","","","","","","","","","","","","","","","","","","","","","","","","","","","","","","","","","","","","","","","","","","","","","","","","","","","","","","","","","","","",
"Eritrea","ERI","Export unit value index (2015 = 100)","TX.UVI.MRCH.XD.WD","","","","","","","","","","","","","","","","","","","","","","","","","","","","","","","","","73.6","114.3","123.1","130.8","126.4","122","111","108.8","109.9","112.8","100","106.5","113.2","125.6","107.1","110.2","71.6","113.7","120.3","144.2","147","128.6","117.8","100","92","101.7","102.3","89.5","91.8","108.9","129.7","122.3","122.9",
"Spain","ESP","Export unit value index (2015 = 100)","TX.UVI.MRCH.XD.WD","","","","","","","","","","","","","","","","","","","","","","","","","","","","","","","","","","","","","","","","","59","57.9","61.3","73.2","82.5","86.2","92.1","105.6","117.7","107.1","108.5","121","116.9","119.7","118.2","100","100.2","108.8","118","114.4","118","134.9","145.3","153","154.4",
"Estonia","EST","Export unit value index (2015 = 100)","TX.UVI.MRCH.XD.WD","","","","","","","","","","","","","","","","","","","","","","","","","","","","","","","","","","","","","","","","","57.4","58","59.1","69.3","76.1","78.2","82.6","101.2","116","101.2","104.9","123.8","117.9","121.4","121.5","100","99.4","106","116.3","111.6","112.9","135","149.2","147.8","148.1",
"Ethiopia","ETH","Export unit value index (2015 = 100)","TX.UVI.MRCH.XD.WD","","","","","","","","","","","","","","","","","","","","","","","","","","","","","","","","","60.7","51.6","55.6","79.4","62.7","66.7","74.3","60.7","50.5","45.1","46.2","51.1","58.5","68.3","73.5","84.1","96.7","91.2","102.7","127.9","117.5","108.7","115.3","100","100.4","99.8","96.9","94.9","102.8","120.8","134.6","129.8","145.8",
"European Union","EUU","Export unit value index (2015 = 100)","TX.UVI.MRCH.XD.WD","","","","","","","","","","","","","","","","","","","","","","","","","","","","","","","","","","","","","","","","","","","","","","","","","","","","","","","","","","","","","","","","","",
"Fragile and conflict affected situations","FCS","Export unit value index (2015 = 100)","TX.UVI.MRCH.XD.WD","","","","","","","","","","","","","","","","","","","","","","","","","","","","","","","","","","","","","","","","","","","","","","","","","","","","","","","","","","","","","","","","","",
"Finland","FIN","Export unit value index (2015 = 100)","TX.UVI.MRCH.XD.WD","","","","","","","","","","","","","","","","","","","","","","","","","","","","","","","","","","","","","","","","","66.6","63.5","66.7","76.2","83.9","89.8","96.6","112.8","120.2","105.5","110.3","125","118.8","121.6","120.5","100","96.7","105.5","115.6","109.6","106.6","127.2","137.1","136.6","134.3",
"Fiji","FJI","Export unit value index (2015 = 100)","TX.UVI.MRCH.XD.WD","","","","","","","","","","","","","","","","","","","","","100.4","84.6","76","73.6","68.4","57.8","79.1","98.5","81.8","78.9","","","","","","","","","","","57.8","57.2","55.2","57.3","59.9","69.9","82.6","84.4","96.7","96.9","105.3","125.7","122.7","120.5","119.9","100","100.8","105.2","107.9","106.4","104.2","116.1","124","129.4","125",
"France","FRA","Export unit value index (2015 = 100)","TX.UVI.MRCH.XD.WD","","","","","","","","","","","","","","","","","","","","","","","","","","","","","","","","","","","","","","","","","57","56.5","59.9","70.6","78.8","81.1","86.8","98.6","111.1","104","103","114.3","111","114.9","114.9","100","99.6","105.7","114.6","113.4","118.7","134.4","141.8","150.3","153.5",
"Faroe Islands","FRO","Export unit value index (2015 = 100)","TX.UVI.MRCH.XD.WD","","","","","","","","","","","","","","","","","","","","","","","","","","","","","","","","","","","","","","","","","60.3","59.8","61.7","62.8","64.4","67.9","75.5","83.4","87.1","86.3","94.9","100.6","95.6","97.4","101.1","100","100.5","104.3","110.2","109.6","103.5","116.1","132.9","128.3","123.7",
"Micronesia, Fed. Sts.","FSM","Export unit value index (2015 = 100)","TX.UVI.MRCH.XD.WD","","","","","","","","","","","","","","","","","","","","","","","","","","","","","","","","","","","","","","","","","87.7","84.8","83.9","83","84.4","89.5","82.8","95","102.4","97.9","100.3","102.9","101.3","101.9","103.6","100","103.5","108.8","113.5","111.8","109.4","120.4","136.4","135.9","134.3",
"Gabon","GAB","Export unit value index (2015 = 100)","TX.UVI.MRCH.XD.WD","","","","","","","","","","","","","","","","","","","","","117.2","111.5","103.5","92.6","76.1","80.8","51","63.8","61.9","61.4","78.4","71.4","69.9","51.5","59.5","67.6","79.4","70.4","49.6","49.1","47.3","42.1","42.7","49.1","61.8","83.8","102.9","113.5","136.2","97.2","120.9","154.6","155.1","152.5","145.5","100","92.4","104.5","121.2","111.8","88.2","128.7","165.3","141.7","136.3",
"United Kingdom","GBR","Export unit value index (2015 = 100)","TX.UVI.MRCH.XD.WD","","","","","","","","","","","","","","","","","","","","","","","","","","","","","","","","","","","","","","","","","76.9","72.5","73.9","82.5","92","96.3","96.8","104.7","111.3","93.2","99.1","113","107.1","123.2","113.5","100","87.5","87.7","96.3","89.2","88.6","103.6","107.4","113.9","120.7",
"Georgia","GEO","Export unit value index (2015 = 100)","TX.UVI.MRCH.XD.WD","","","","","","","","","","","","","","","","","","","","","","","","","","","","","","","","","","","","","","","","","42.8","41.6","42","45.8","53.8","58.2","74.6","84.4","101.9","94","107.7","119.4","115.8","112.5","110.9","100","96.3","104.3","110.2","106.3","106.6","128.6","136","133.1","134.9",
"Ghana","GHA","Export unit value index (2015 = 100)","TX.UVI.MRCH.XD.WD","","","","","","","","","","","","","","","","","","","","","20.1","11.9","6.8","21","30.1","33.8","59.4","56.6","51.1","42","44.7","46.1","44.3","41.5","44.7","51.1","52.1","52.1","53.9","47","45.7","47.5","59.7","61.6","61.9","66.7","78.1","89.8","107.7","108.6","123.1","137.9","131.2","123.2","121.5","100","99.1","96.4","104.7","103.8","104.6","127.8","145.7","150.5","186.2",
"Gibraltar","GIB","Export unit value index (2015 = 100)","TX.UVI.MRCH.XD.WD","","","","","","","","","","","","","","","","","","","","","","","","","","","","","","","","","","","","","","","","","99.6","90.9","89.2","90.3","93.5","96.2","98.7","103.6","105","94","107.1","134.7","137.6","135.8","134.9","100","88.6","97.5","101","98.1","97","113.2","157.9","78.7","98.7",
"Guinea","GIN","Export unit value index (2015 = 100)","TX.UVI.MRCH.XD.WD","","","","","","","","","","","","","","","","","","","","","","","","","","","107.2","109.3","101","112.6","123.7","95.4","94.1","93.4","107.8","94.8","88.6","89.3","79.7","75.6","68.8","64.6","63.1","68.9","82.9","93.3","123","129.5","139.1","105.1","133.2","155.2","141","129.6","122","100","99.7","108.3","113.3","110.4","120.9","141.2","155.7","144.9","166.9",
"Gambia, The","GMB","Export unit value index (2015 = 100)","TX.UVI.MRCH.XD.WD","","","","","","","","","","","","","","","","","","","","","70.3","53.7","43.8","42.3","35.5","48.4","51.4","63.5","73.3","74.1","80.1","77.1","82.4","83.9","83.2","86.9","86.9","86.9","83.9","81.6","75.6","73.1","77.3","79.4","86.1","89.7","83.7","99.5","110.3","93.4","103.5","122.8","113.6","113.6","116.7","100","99.9","104.6","109.3","101.2","102.3","118.3","130.7","127.6","124.5",
"Guinea-Bissau","GNB","Export unit value index (2015 = 100)","TX.UVI.MRCH.XD.WD","","","","","","","","","","","","","","","","","","","","","71.1","122.5","102.8","84.2","163","170.6","74.4","178.3","150.9","157.5","153.1","126.9","109.4","135.6","126.9","123.6","125.8","115.9","97.3","111.6","109.4","102.1","94.6","75.8","101.8","111.7","106.3","118.5","138.9","118.6","124","125.2","123.3","123.4","112.5","100","106.3","100.6","107.9","98.1","103.5","108","124.6","153.6","169.7",
"Equatorial Guinea","GNQ","Export unit value index (2015 = 100)","TX.UVI.MRCH.XD.WD","","","","","","","","","","","","","","","","","","","","","","","","","","21.5","37.7","44.6","51","41.7","50.4","46.4","52.8","38.8","25.5","29","35.9","40","30.1","45.8","58.1","51.2","52.3","59.9","77.4","107.4","125.4","138.6","177.5","112.7","135.8","171.5","170.4","172.7","158.1","100","85","101.3","122.5","107","77.7","148.4","234","153.9","138.9",
"Greece","GRC","Export unit value index (2015 = 100)","TX.UVI.MRCH.XD.WD","","","","","","","","","","","","","","","","","","","","","","","","","","","","","","","","","","","","","","","","","65.8","63.4","66.9","78.7","89.7","93.5","102.1","115","132.8","111.7","119.7","140.7","134.7","135.7","131.8","100","93.2","105.4","118.7","112.4","102.4","128.2","155.8","145.1","142.8",
"Grenada","GRD","Export unit value index (2015 = 100)","TX.UVI.MRCH.XD.WD","","","","","","","","","","","","","","","","","","","","","78.9","65.4","56.5","57.1","49.5","57.2","102.2","128.1","","","","","56.3","51.3","63.3","70.2","60.9","","","","70.2","62","62.3","67.9","68","66.5","68.8","79","91.3","87.8","87.3","99.1","99.4","101.7","103.9","100","98.4","95.1","94.7","91.9","91","99.9","106.4","110.6","110.7",
"Greenland","GRL","Export unit value index (2015 = 100)","TX.UVI.MRCH.XD.WD","","","","","","","","","","","","","","","","","","","","","","","","","","","","","","","","","","","","","","","","","66.2","58.1","54.3","54.3","57.5","60.3","65","76.8","82.4","76.6","82.4","93.8","93.7","103.3","110.2","100","97.1","102.6","105.1","104.9","102.8","110.2","118","113","108.1",
"Guatemala","GTM","Export unit value index (2015 = 100)","TX.UVI.MRCH.XD.WD","","","","","","","","","","","","","","","","","","","","","88.7","80.5","81.4","85.4","78.9","70","96.8","61","100.9","65.1","79.7","69.2","77.3","77.3","84.6","95.5","77","79.4","88.9","76.2","81.4","75","74.7","74.7","80.6","87.1","91.4","96.9","106.6","103","111.8","125.2","118.3","113.5","111.3","100","98.7","99.6","99","96.7","97.7","105.1","115.3","104.4","106.4",
"Guam","GUM","Export unit value index (2015 = 100)","TX.UVI.MRCH.XD.WD","","","","","","","","","","","","","","","","","","","","","","","","","","","","","","","","","","","","","","","","","51.4","49.1","47.3","53.2","60.7","72.7","92.5","101.7","124","102.1","114.6","141.6","141.7","138","136.6","100","90.1","101.3","115.3","108.6","92.3","119.7","161.3","139","130.4",
"Guyana","GUY","Export unit value index (2015 = 100)","TX.UVI.MRCH.XD.WD","","","","","","","","","","","","","","","","","","","","","84.6","77.6","77.9","70","71.3","63.5","60.8","63.3","65.7","62.6","66.2","83.2","69.6","53.5","52.8","52.2","86.9","50.6","47.8","","52.2","49.9","49.3","52.5","56.9","65.3","80.4","80.1","97.3","95.3","111.9","133.9","133.5","118.1","111.2","100","105.3","107.6","108.5","111.3","128.5","169.3","216.8","189.1","183.2",
"High income","HIC","Export unit value index (2015 = 100)","TX.UVI.MRCH.XD.WD","","","","","","","","","","","","","","","","","","","","","","","","","","","","","","","","","","","","","","","","","","","","","","","","","","","","","","","","","","","","","","","","","",
"Hong Kong SAR, China","HKG","Export unit value index (2015 = 100)","TX.UVI.MRCH.XD.WD","","","","","","","","","","","","","","","","","","","","","74.9","72.5","71.7","66","69.2","70.1","70.9","74.1","75.8","79.8","82.3","84.7","85.6","85.6","86.4","89.6","89.6","88","84.7","82.3","81.5","79.5","77.4","76.4","77.2","78.4","79.3","80.7","84","85.3","89.6","97.1","100.8","100.5","100.7","100","99","100.2","102","103.6","105.4","110.6","118","123.4","129.7",
"Honduras","HND","Export unit value index (2015 = 100)","TX.UVI.MRCH.XD.WD","","","","","","","","","","","","","","","","","","","","","79.8","73.6","72.1","69","77.5","74.4","93","75.2","60.5","62.8","55","59.7","58.1","58.9","63.6","57.1","58.4","65.7","72.5","74.3","77.5","75.6","72.4","71.6","73.6","77.6","81.2","85.6","91.4","88","95.6","110.5","104.5","99.6","102","100","97","99.5","98.2","97.5","103.5","111","125.4","129.7","132.1",
"Heavily indebted poor countries (HIPC)","HPC","Export unit value index (2015 = 100)","TX.UVI.MRCH.XD.WD","","","","","","","","","","","","","","","","","","","","","","","","","","","","","","","","","","","","","","","","","","","","","","","","","","","","","","","","","","","","","","","","","",
"Croatia","HRV","Export unit value index (2015 = 100)","TX.UVI.MRCH.XD.WD","","","","","","","","","","","","","","","","","","","","","","","","","","","","","","","","","","","","","","","","","73.3","70.5","69","73.1","82.9","88.3","95.9","110.9","128.1","112.2","112.8","129.4","122.6","122.4","121.1","100","99.3","106.6","114.3","110.7","108.4","128.1","148.4","138.3","136.6",
"Haiti","HTI","Export unit value index (2015 = 100)","TX.UVI.MRCH.XD.WD","","","","","","","","","","","","","","","","","","","","","108.6","90","89.2","95.9","109.3","116.7","111.5","101.9","103.3","72.9","94.4","76.6","65.4","65.4","69.9","81.9","78","77.8","75.1","74.1","74.4","73.2","73.2","74.6","78.4","81.5","83.2","85.7","88.7","97.5","96.9","98.9","109.1","103.3","105.3","100","96.3","100.7","102.8","101","99.5","101.5","106.1","102.9","103.9",
"Hungary","HUN","Export unit value index (2015 = 100)","TX.UVI.MRCH.XD.WD","","","","","","","","","","","","","","","","","","","","","","","","","","","","","","","","","","","","","","","","","67","65.7","68","80.5","88.7","89.6","90.1","101.1","113.2","106.2","108.3","119.7","112.9","117.6","117.3","100","99.7","107.6","115.5","112.1","114.8","130.2","136.4","147.1","144.6",
"IBRD only","IBD","Export unit value index (2015 = 100)","TX.UVI.MRCH.XD.WD","","","","","","","","","","","","","","","","","","","","","","","","","","","","","","","","","","","","","","","","","","","","","","","","","","","","","","","","","","","","","","","","","",
"IDA & IBRD total","IBT","Export unit value index (2015 = 100)","TX.UVI.MRCH.XD.WD","","","","","","","","","","","","","","","","","","","","","","","","","","","","","","","","","","","","","","","","","","","","","","","","","","","","","","","","","","","","","","","","","",
"IDA total","IDA","Export unit value index (2015 = 100)","TX.UVI.MRCH.XD.WD","","","","","","","","","","","","","","","","","","","","","","","","","","","","","","","","","","","","","","","","","","","","","","","","","","","","","","","","","","","","","","","","","",
"IDA blend","IDB","Export unit value index (2015 = 100)","TX.UVI.MRCH.XD.WD","","","","","","","","","","","","","","","","","","","","","","","","","","","","","","","","","","","","","","","","","","","","","","","","","","","","","","","","","","","","","","","","","",
"Indonesia","IDN","Export unit value index (2015 = 100)","TX.UVI.MRCH.XD.WD","","","","","","","","","","","","","","","","","","","","","","","","","","","","","","","","","","","","","","","","","","","","64.3","73.7","85.3","93.8","104.1","122.2","97.3","117.4","138.3","125.4","120.2","118.7","100","101.6","109.7","111.6","102.1","102.6","137.3","172.8","141.5","141.3",
"IDA only","IDX","Export unit value index (2015 = 100)","TX.UVI.MRCH.XD.WD","","","","","","","","","","","","","","","","","","","","","","","","","","","","","","","","","","","","","","","","","","","","","","","","","","","","","","","","","","","","","","","","","",
"Isle of Man","IMN","Export unit value index (2015 = 100)","TX.UVI.MRCH.XD.WD","","","","","","","","","","","","","","","","","","","","","","","","","","","","","","","","","","","","","","","","","","","","","","","","","","","","","","","","","","","","","","","","","",
"India","IND","Export unit value index (2015 = 100)","TX.UVI.MRCH.XD.WD","","","","","","","","","","","","","","","","","","","","","62.9","59.5","61.5","61.5","62.9","64.1","64.1","64.7","78.5","80.4","79","76.5","76.5","73.1","74.5","70.6","67.2","76.5","70","66","65.4","61.7","60.1","67.9","76.2","81.3","88.9","95.7","106.1","95.5","104.3","121.4","121.1","118.5","115.6","100","96.8","101.2","104.8","101.5","97.6","114.2","129.9","120.7","119.7",
"Not classified","INX","Export unit value index (2015 = 100)","TX.UVI.MRCH.XD.WD","","","","","","","","","","","","","","","","","","","","","","","","","","","","","","","","","","","","","","","","","","","","","","","","","","","","","","","","","","","","","","","","","",
"Ireland","IRL","Export unit value index (2015 = 100)","TX.UVI.MRCH.XD.WD","","","","","","","","","","","","","","","","","","","","","","","","","","","","","","","","","","","","","","","","","71","68.5","70.4","80","85.7","86.9","91.1","99.4","106.3","103.7","105.2","112.6","110.7","112.5","111.5","100","99.6","100.7","102.5","98.2","97.5","101.2","99.1","98.8","105.2",
"Iran, Islamic Rep.","IRN","Export unit value index (2015 = 100)","TX.UVI.MRCH.XD.WD","","","","","","","","","","","","","","","","","","","","","60.9","64.9","54.5","50.5","49.5","49.9","24.4","32.1","27.5","29.1","","","","","","","","","","","49.9","44.7","45","51.2","65.6","89.3","104","114.8","145.1","100.1","124.5","157","156.2","154.3","145.7","100","91.6","105.5","123.2","114","101","128.9","172.3","152.9","148.5",
"Iraq","IRQ","Export unit value index (2015 = 100)","TX.UVI.MRCH.XD.WD","","","","","","","","","","","","","","","","","","","","","59.1","69.2","65.3","57.6","55.6","55.2","29.8","33","27.1","","","","","","","","","","","","55.2","48.1","49","56.6","73.6","103.6","126","148.7","204.2","124.3","159.7","221.6","224.3","216.2","197.1","100","82.6","108.3","143.3","132.5","85.2","132.7","181.8","152.5","152.5",
"Iceland","ISL","Export unit value index (2015 = 100)","TX.UVI.MRCH.XD.WD","","","","","","","","","","","","","","","","","","","","","","","","","","","","","","","","","","","","","","","","","70.4","69.8","72.6","78.3","86.9","93.5","106.3","119","117.7","88.6","102.5","117.9","108.2","104","107.8","100","92.7","101.2","111.2","105","100","120.6","135","123.9","118.6",
"Israel","ISR","Export unit value index (2015 = 100)","TX.UVI.MRCH.XD.WD","","","","","","","","","","","","","","","","","","","","","","","","","","","","","","","","","","","","","","","","","66.8","65.2","64.4","67.3","70.7","76.4","79.7","84.5","97.7","90.8","94.3","100.5","104.4","106.3","105.3","100","97.5","95.5","97.8","96.4","90.6","105","111.9","108.8","109",
"Italy","ITA","Export unit value index (2015 = 100)","TX.UVI.MRCH.XD.WD","","","","","","","","","","","","","","","","","","","","","","","","","","","","","","","","","","","","","","","","","49.7","49.4","52.6","63.1","70.9","74.1","78.9","91.4","104.2","97.3","98","111.1","108.3","114.3","116.8","100","100.1","106.8","117.4","117.7","123.2","139.5","147.2","157.4","161",
"Jamaica","JAM","Export unit value index (2015 = 100)","TX.UVI.MRCH.XD.WD","","","","","","","","","","","","","","","","","","","","","87.5","87.8","81.2","74.2","76.6","58.2","58.7","60.1","90.3","86","85.3","69","66.9","64","65.8","82.2","75.1","76.2","69.7","69.4","74.3","71.1","67.4","70.8","82.6","93.7","121.7","128.5","137.7","101.5","119.1","138.8","127.4","121.4","119.9","100","96.8","110.3","119","106.2","97.2","129.1","165","134.6","130.9",
"Jordan","JOR","Export unit value index (2015 = 100)","TX.UVI.MRCH.XD.WD","","","","","","","","","","","","","","","","","","","","","42.2","43.6","44.5","39.6","40.5","38.2","37.4","36","37.8","38.2","39.6","42.7","41.4","40.9","42.7","49.4","52","50.7","47.6","46.7","44.5","45","45.2","45.3","50.8","58.2","64.6","75.3","116.3","107.7","92.2","103.9","111.8","103.2","104.6","100","94.8","93.4","100.3","89.4","88.4","97.7","104.9","97.8","94.5",
"Japan","JPN","Export unit value index (2015 = 100)","TX.UVI.MRCH.XD.WD","","","","","","","","","","","","","","","","","","","","","","","","","","","","","","","","","","","","","","","","","118.3","108.1","103.7","107.5","113.8","113.8","111.1","112.2","120.1","118.7","123.5","132.8","130.1","118.8","112.8","100","100.9","103","106.2","103.4","102.2","107.7","104.5","101.7","100.5",
"Kazakhstan","KAZ","Export unit value index (2015 = 100)","TX.UVI.MRCH.XD.WD","","","","","","","","","","","","","","","","","","","","","","","","","","","","","","","","","","","","","","","","","49.2","44.5","44.5","51.3","66.1","89.1","109.6","122.2","152.6","110.5","138.3","175.8","171.2","168.1","157.2","100","88.6","105.5","123.8","112","88.9","145.7","195.6","166.2","158",
"Kenya","KEN","Export unit value index (2015 = 100)","TX.UVI.MRCH.XD.WD","","","","","","","","","","","","","","","","","","","","","84","76.2","67.1","64.1","68.9","61.7","67.7","61.7","64.7","60.4","56.8","58","56.8","44.7","53.8","64.7","63.5","73.7","73.7","61.7","60.4","55.7","54.1","58.5","64.8","73.2","81.5","85","98.1","95.7","99.5","111.2","108.9","104.4","101.8","100","94.6","102.3","101.4","96.4","97.7","109.3","120.7","118.9","122.8",
"Kyrgyz Republic","KGZ","Export unit value index (2015 = 100)","TX.UVI.MRCH.XD.WD","","","","","","","","","","","","","","","","","","","","","","","","","","","","","","","","","","","","","","","","","47.3","47.1","47.7","54.2","59","64.7","80.1","86.8","99.8","92.7","105.3","126.6","124.6","118","111.7","100","102.8","108.7","111.4","112.4","124.5","137.4","145.2","140.8","155",
"Cambodia","KHM","Export unit value index (2015 = 100)","TX.UVI.MRCH.XD.WD","","","","","","","","","","","","","","","","","","","","","","","","","","","","","","","","","","","","","","","","","82.7","81.3","81.9","82.7","84.1","84.5","86.6","88.2","91.3","89.9","91.5","103.1","105.3","102.9","102.3","100","99.1","98.4","98.8","98.3","102.8","105.7","110.1","112.5","116.1",
"Kiribati","KIR","Export unit value index (2015 = 100)","TX.UVI.MRCH.XD.WD","","","","","","","","","","","","","","","","","","","","","","","","","","","","","","","","","","","","","","","","","80.7","70.3","69.5","71.3","76.5","77.3","72.2","79.4","93.7","88.7","94.2","98.7","94.8","97.3","103.3","100","104","109.5","114.6","114.2","109.7","118.7","133.9","129.4","127.8",
"St. Kitts and Nevis","KNA","Export unit value index (2015 = 100)","TX.UVI.MRCH.XD.WD","","","","","","","","","","","","","","","","","","","","","","","","","","","","","","","","","","","","","","","","","104.9","105.8","100.7","100.5","100.6","104.4","109.7","111.3","114","111.6","111.2","108.9","110.4","107.4","112.1","100","106.5","107.2","112.4","111.7","111.2","116.7","121.2","124.9","127.2",
"Korea, Rep.","KOR","Export unit value index (2015 = 100)","TX.UVI.MRCH.XD.WD","","","","","","","","","","","","","","","","","","","","","165.9","171.1","165.9","159.4","164.6","158.1","162","177.6","202.2","206.1","202.2","203.5","198.3","190.6","195.7","210","182.8","165.9","132.2","129.6","129.6","109.2","104.8","107.6","118.8","124.1","122.2","122.9","127.7","109","117","122.5","117.5","115.8","113.3","100","94.2","102.6","106.2","97","90.9","107","110.8","100.4","102.1",
"Kuwait","KWT","Export unit value index (2015 = 100)","TX.UVI.MRCH.XD.WD","","","","","","","","","","","","","","","","","","","","","59.1","69.4","63.9","55","54.1","54.1","39.8","32.9","25.3","","","","","","","","","","","","54.1","48.4","47.2","56","71.2","99","114","125.5","162.3","107.8","132.1","170.4","172.3","170.2","160.5","100","86.3","101.8","122","110.9","82.8","137.1","195.9","161.2","151",
"Latin America & Caribbean (excluding high income)","LAC","Export unit value index (2015 = 100)","TX.UVI.MRCH.XD.WD","","","","","","","","","","","","","","","","","","","","","","","","","","","","","","","","","","","","","","","","","","","","","","","","","","","","","","","","","","","","","","","","","",
"Lao PDR","LAO","Export unit value index (2015 = 100)","TX.UVI.MRCH.XD.WD","","","","","","","","","","","","","","","","","","","","","","","","","","","","","","","","","","","","","","","","","78.6","76.6","76.4","80.5","84","90","104","110","117.8","101.1","120.2","140.8","128.3","121","117.8","100","94","104.7","116","106.8","104.3","180.6","237.3","206.2","202.7",
"Lebanon","LBN","Export unit value index (2015 = 100)","TX.UVI.MRCH.XD.WD","","","","","","","","","","","","","","","","","","","","","","","","","","","","","","","","","","","","","","","","","61.7","61.7","61.9","65.2","71.1","74.7","85.8","94","104.9","95.9","101.2","114","113.4","107.6","107.4","100","101.6","104.3","107","103.2","110.4","119.8","128.7","131.2","132.2",
"Liberia","LBR","Export unit value index (2015 = 100)","TX.UVI.MRCH.XD.WD","","","","","","","","","","","","","","","","","","","","","128.9","107.1","116.1","108.4","107","106.4","104.5","99.6","","","","","","","","","","","","","106.4","94.4","98.3","102.1","106.9","103.9","113.1","119.3","128.6","109.3","126.8","150.9","139","124.1","109.2","100","100","105.3","109.2","114.7","121.8","156.7","152.7","151.3","171.2",
"Libya","LBY","Export unit value index (2015 = 100)","TX.UVI.MRCH.XD.WD","","","","","","","","","","","","","","","","","","","","","55.2","61.4","54.5","47.4","46.2","46.2","","","","","","","","","","","","","","","46.2","40","40.1","47","62.3","91","108.8","122.8","168.9","105.5","137.2","176.3","190.6","188.5","167.2","100","83.1","102.2","134.6","121.8","76.9","137.4","203.6","161.8","156.6",
"St. Lucia","LCA","Export unit value index (2015 = 100)","TX.UVI.MRCH.XD.WD","","","","","","","","","","","","","","","","","","","","","66.4","71.3","77.5","81.9","","","","","","","","","","","","","","","","","66.4","61","60.6","68.3","87.3","109.8","119.6","128.6","145.9","125.4","140.3","158.1","109.7","108.5","133.8","100","91.6","101.1","108.4","103","93.9","111.3","131.4","130.5","128.2",
"Latin America & Caribbean","LCN","Export unit value index (2015 = 100)","TX.UVI.MRCH.XD.WD","","","","","","","","","","","","","","","","","","","","","","","","","","","","","","","","","","","","","","","","","","","","","","","","","","","","","","","","","","","","","","","","","",
"Least developed countries: UN classification","LDC","Export unit value index (2015 = 100)","TX.UVI.MRCH.XD.WD","","","","","","","","","","","","","","","","","","","","","","","","","","","","","","","","","","","","","","","","","","","","","","","","","","","","","","","","","","","","","","","","","",
"Low income","LIC","Export unit value index (2015 = 100)","TX.UVI.MRCH.XD.WD","","","","","","","","","","","","","","","","","","","","","","","","","","","","","","","","","","","","","","","","","","","","","","","","","","","","","","","","","","","","","","","","","",
"Liechtenstein","LIE","Export unit value index (2015 = 100)","TX.UVI.MRCH.XD.WD","","","","","","","","","","","","","","","","","","","","","","","","","","","","","","","","","","","","","","","","","","","","","","","","","","","","","","","","","","","","","","","","","",
"Sri Lanka","LKA","Export unit value index (2015 = 100)","TX.UVI.MRCH.XD.WD","","","","","","","","","","","","","","","","","","","","","54.8","50.8","46","52.4","62.1","51.6","44.3","49.2","53.2","54.8","60.5","59.7","70.1","70.1","71.8","79.8","82.2","84.7","88.7","81.4","80.6","77.5","73.2","77.3","80.6","83.2","87","89.9","95","94.5","104.8","116.4","107.9","107.8","110.6","100","98.6","101","105.3","98.6","91.6","96.9","97.3","86.6","83.5",
"Lower middle income","LMC","Export unit value index (2015 = 100)","TX.UVI.MRCH.XD.WD","","","","","","","","","","","","","","","","","","","","","","","","","","","","","","","","","","","","","","","","","","","","","","","","","","","","","","","","","","","","","","","","","",
"Low & middle income","LMY","Export unit value index (2015 = 100)","TX.UVI.MRCH.XD.WD","","","","","","","","","","","","","","","","","","","","","","","","","","","","","","","","","","","","","","","","","","","","","","","","","","","","","","","","","","","","","","","","","",
"Lesotho","LSO","Export unit value index (2015 = 100)","TX.UVI.MRCH.XD.WD","","","","","","","","","","","","","","","","","","","","","108.8","96.3","81.4","83.9","69.8","52.3","56.5","48.2","78.9","75.6","84.7","91.3","102.1","98","97.2","103","95.5","95.5","87.2","87.2","83","81.9","82","81.7","81.8","81.4","79.2","80.5","79.5","75.1","76.8","93.9","98.3","93.7","100.7","100","104.3","103","103.8","99.6","99.7","103.3","111.1","113.1","105.8",
"Late-demographic dividend","LTE","Export unit value index (2015 = 100)","TX.UVI.MRCH.XD.WD","","","","","","","","","","","","","","","","","","","","","","","","","","","","","","","","","","","","","","","","","","","","","","","","","","","","","","","","","","","","","","","","","",
"Lithuania","LTU","Export unit value index (2015 = 100)","TX.UVI.MRCH.XD.WD","","","","","","","","","","","","","","","","","","","","","","","","","","","","","","","","","","","","","","","","","55","52.6","55.3","66.6","74.8","78.7","86.2","101.6","121.3","97.4","104.8","126","123.8","127","124.4","100","96.4","105.3","118.7","113.1","111.6","130.9","153.4","148.5","144.4",
"Luxembourg","LUX","Export unit value index (2015 = 100)","TX.UVI.MRCH.XD.WD","","","","","","","","","","","","","","","","","","","","","","","","","","","","","","","","","","","","","","","","","85.9","82.4","87.8","99.7","106.5","107.5","108.8","118.1","123.4","109","115.1","132.6","124.1","124","116.4","100","95.3","101.2","108.5","105.2","106.9","124.2","133.7","137.4","134.5",
"Latvia","LVA","Export unit value index (2015 = 100)","TX.UVI.MRCH.XD.WD","","","","","","","","","","","","","","","","","","","","","","","","","","","","","","","","","","","","","","","","","54.2","53.4","57.8","66.3","77.6","80.2","85","104.6","119.6","101.2","106.1","121","117.6","122.2","121.2","100","97.7","103.9","115.9","110.3","111.4","136.1","157.4","152.1","150.7",
"Macao SAR, China","MAC","Export unit value index (2015 = 100)","TX.UVI.MRCH.XD.WD","","","","","","","","","","","","","","","","","","","","","","","","","","","","","","","","","","","","","","","","","87.3","86.3","86","86.3","87.4","87.8","89.3","91.8","95.3","92.8","98.6","105.1","105.3","105.4","103.8","100","99.2","102.2","106","106.8","108.8","113.3","116.5","119.3","121.7",
"St. Martin (French part)","MAF","Export unit value index (2015 = 100)","TX.UVI.MRCH.XD.WD","","","","","","","","","","","","","","","","","","","","","","","","","","","","","","","","","","","","","","","","","130.5274581823","","","","","","","","","","","","","126.571330847","122.6476195883","100","91.8290805667","104.3163944888","115.9977520927","113.813843791","110.5386252762","120.4943878238","","","",
"Morocco","MAR","Export unit value index (2015 = 100)","TX.UVI.MRCH.XD.WD","","","","","","","","","","","","","","","","","","","","","63.9","57.5","52.3","47","45.9","45.3","50.5","54","58.1","57.5","62.1","59.8","60.4","56.3","56.9","66.2","69.1","63.3","62.7","62.1","58.1","54.8","57.6","67.2","73.9","74.4","78.2","86.8","119.8","98","105","122.5","117.8","116.4","114.7","100","97.6","99.2","103.8","99.3","101.8","118.4","126.1","127","130.3",
"Monaco","MCO","Export unit value index (2015 = 100)","TX.UVI.MRCH.XD.WD","","","","","","","","","","","","","","","","","","","","","","","","","","","","","","","","","","","","","","","","","","","","","","","","","","","","","","","","","","","","","","","","","",
"Moldova","MDA","Export unit value index (2015 = 100)","TX.UVI.MRCH.XD.WD","","","","","","","","","","","","","","","","","","","","","","","","","","","","","","","","","","","","","","","","","105.5","101.7","99.9","103.2","110.2","111.5","116.3","127.3","140.4","123.2","126.9","137.3","132.5","129.2","120.5","100","96.2","100.6","106.4","102.4","110.2","120.8","131.7","116.2","116.3",
"Madagascar","MDG","Export unit value index (2015 = 100)","TX.UVI.MRCH.XD.WD","","","","","","","","","","","","","","","","","","","","","43.5","45","46.6","49.8","49.8","44.3","51.4","53","53","43.5","53.7","49","50.6","49.8","57.7","64.8","66.4","65.6","71.1","69.5","79","68.5","65.4","69.8","71.7","73.2","76.4","82.6","87.8","83.1","89.8","104.2","105.6","105.5","112.4","100","92.8","92.5","91.2","87.7","87.2","97.7","111.7","106.2","104.3",
"Maldives","MDV","Export unit value index (2015 = 100)","TX.UVI.MRCH.XD.WD","","","","","","","","","","","","","","","","","","","","","","","","","","","","","","","","","","","","","","","","","61.9","61","61.2","61.1","64.3","72.5","80.3","88.1","90.9","87.1","96.5","102.2","100.4","101.8","105.3","100","104.6","112.6","118.9","92.1","106.8","120.1","137.5","120","114.3",
"Middle East, North Africa, Afghanistan & Pakistan","MEA","Export unit value index (2015 = 100)","TX.UVI.MRCH.XD.WD","","","","","","","","","","","","","","","","","","","","","","","","","","","","","","","","","","","","","","","","","","","","","","","","","","","","","","","","","","","","","","","","","",
"Mexico","MEX","Export unit value index (2015 = 100)","TX.UVI.MRCH.XD.WD","","","","","","","","","","","","","","","","","","","","","109.5","119.8","100.5","90.3","88.4","76.8","52.5","60.2","53.8","53.8","60.8","58.3","60.2","60.2","60.2","62.8","63.4","63.4","60.2","60.8","64","62.6","64.1","67.3","75.2","81.4","91.7","99.2","108.5","98","103.9","111.9","111.1","111","108.7","100","98.7","103.5","108.9","108.6","105.2","117.4","129.4","129.2","130.5",
"Marshall Islands","MHL","Export unit value index (2015 = 100)","TX.UVI.MRCH.XD.WD","","","","","","","","","","","","","","","","","","","","","","","","","","","","","","","","","","","","","","","","","90.4","81.2","80.9","82.3","84.5","79.7","81","84.3","85.2","87.3","93.5","96.3","97.3","97.6","98.9","100","99.4","103.7","105","105.5","102","104.7","115.3","117","117.8",
"Middle income","MIC","Export unit value index (2015 = 100)","TX.UVI.MRCH.XD.WD","","","","","","","","","","","","","","","","","","","","","","","","","","","","","","","","","","","","","","","","","","","","","","","","","","","","","","","","","","","","","","","","","",
"North Macedonia","MKD","Export unit value index (2015 = 100)","TX.UVI.MRCH.XD.WD","","","","","","","","","","","","","","","","","","","","","","","","","","","","","","","","","","","","","","","","","59.8","57.7","56.9","60.4","67.8","74.5","79.8","86.9","98.7","93.6","101.4","113.4","108.9","107.6","107.4","100","100.5","103.9","106.2","104.6","105.5","116","124.7","121.7","123.4",
"Mali","MLI","Export unit value index (2015 = 100)","TX.UVI.MRCH.XD.WD","","","","","","","","","","","","","","","","","","","","","59","47.5","44.4","44","42","40.8","44.4","54.3","55.5","52.3","61.4","57.8","53.9","50.3","45.1","54.3","53.1","45.1","45.1","40.4","39.6","36.8","39.1","50.3","51.9","51.4","61.1","68.8","82.4","83.4","106.9","138.7","135.1","120.7","111.3","100","105.5","107.7","110.6","115.6","140.3","149","152.9","159.9","189.4",
"Malta","MLT","Export unit value index (2015 = 100)","TX.UVI.MRCH.XD.WD","","","","","","","","","","","","","","","","","","","","","","","","","","","","","","","","","","","","","","","","","78.7","73.7","80.4","92","95.8","75.2","86.8","99.3","117.1","116.9","121.6","147","123.8","125","117.7","100","102.3","109","132.6","125.1","132.4","140.7","142.2","146.6","142",
"Myanmar","MMR","Export unit value index (2015 = 100)","TX.UVI.MRCH.XD.WD","","","","","","","","","","","","","","","","","","","","","","94.7","72.6","70.5","70.5","96","79.4","65.6","80.1","92.6","94","87.8","71.1","66.3","87.8","103.6","98.1","88.5","81.5","75.4","69.1","68.2","64.1","74.2","80","96","96.5","101.6","120.8","87.7","92.1","107.7","104.2","109.1","111.8","100","93.5","101","106.8","98.9","93.9","137.6","174.5","156","151.5",
"Middle East, North Africa, Afghanistan & Pakistan (excluding high income)","MNA","Export unit value index (2015 = 100)","TX.UVI.MRCH.XD.WD","","","","","","","","","","","","","","","","","","","","","","","","","","","","","","","","","","","","","","","","","","","","","","","","","","","","","","","","","","","","","","","","","",
"Montenegro","MNE","Export unit value index (2015 = 100)","TX.UVI.MRCH.XD.WD","","","","","","","","","","","","","","","","","","","","","","","","","","","","","","","","","","","","","","","","","","","","","","","","","","","","","","","","","","","","","","","","","",
"Mongolia","MNG","Export unit value index (2015 = 100)","TX.UVI.MRCH.XD.WD","","","","","","","","","","","","","","","","","","","","","","","","","","","","","","","","","","","","","","","","","45","43.3","45.1","49.2","62.3","72.5","107.7","117.8","122.7","104.6","142.5","171.4","155.2","143.7","129.1","100","95.9","116","127.8","111.6","108.3","162.3","211.6","150.4","147.9",
"Northern Mariana Islands","MNP","Export unit value index (2015 = 100)","TX.UVI.MRCH.XD.WD","","","","","","","","","","","","","","","","","","","","","","","","","","","","","","","","","","","","","","","","","17.9","17.7","17.7","17.8","18.2","18.5","19.3","20.1","21.4","18.5","46.2","70.7","136.6","132.5","102.1","100","196.6","173.2","136.9","128.4","120.7","164.3","180.1","147.8","145.6",
"Mozambique","MOZ","Export unit value index (2015 = 100)","TX.UVI.MRCH.XD.WD","","","","","","","","","","","","","","","","","","","","","133","146.8","125.3","121.4","106.8","107.6","122.2","134.5","132.2","128.4","129.2","136.8","107.6","100.7","102.2","109.1","87.7","90","86.1","86.9","76.9","72.1","68.1","73.9","86.7","98","124.5","131.7","148.1","107.3","124.3","138","123.6","119.6","113.3","100","97.8","112.4","124.8","105.2","98.6","160.6","238.2","169.6","158.2",
"Mauritania","MRT","Export unit value index (2015 = 100)","TX.UVI.MRCH.XD.WD","","","","","","","","","","","","","","","","","","","","","40.4","42.5","41.2","38.4","37.6","42.1","45.4","49","49.9","55.6","59.2","62.5","68.6","72.7","53.5","56.7","55.2","57.2","50.7","45","40.8","39.8","38.5","39.8","43.2","58.7","65.1","70.4","97.9","102.3","149.7","173.5","152","155.2","134.6","100","98.1","111.2","112.4","122.7","134.7","169.7","152.4","150.7","156.3",
"Mauritius","MUS","Export unit value index (2015 = 100)","TX.UVI.MRCH.XD.WD","","","","","","","","","","","","","","","","","","","","","60","60.8","51.9","51.1","49.5","46.2","54.3","64.9","69.7","68.1","71.4","78.7","77","77.9","73.8","81.1","86.8","86","78.7","77","81.1","77.5","83.6","94.1","102.4","100.9","99.9","106.5","113.8","100.9","101.4","112.9","115.3","117.9","113.2","100","99.8","103.6","104.4","102.2","106","109.8","111.1","121.4","124.7",
"Malawi","MWI","Export unit value index (2015 = 100)","TX.UVI.MRCH.XD.WD","","","","","","","","","","","","","","","","","","","","","63","79","73.2","68.1","68.7","52.7","54","59.1","62.3","67.4","80.9","88","73.9","62.3","59.1","71.9","75.8","79","64.2","66.8","64.2","63.3","58.3","58.7","60.9","64.3","71.9","76.6","88.3","100.1","104.6","115.4","105.3","106.6","106.7","100","100","99","100.5","94.5","92.9","98.6","105.7","113.4","119.5",
"Malaysia","MYS","Export unit value index (2015 = 100)","TX.UVI.MRCH.XD.WD","","","","","","","","","","","","","","","","","","","","","53.9","51.1","49.6","51.8","59","52.5","43.9","55.4","63.3","70.5","81.3","85.6","86.3","82","85.6","91.3","93.5","85.6","77","74.1","71.9","69.1","67.1","69.1","72.7","76.9","80.8","91","108.7","98.5","113.3","132.7","132.7","127.9","124.5","100","92.3","95.5","103.4","101.5","97.6","109.1","120.4","114.9","119.1",
"North America","NAC","Export unit value index (2015 = 100)","TX.UVI.MRCH.XD.WD","","","","","","","","","","","","","","","","","","","","","","","","","","","","","","","","","","","","","","","","","","","","","","","","","","","","","","","","","","","","","","","","","",
"Namibia","NAM","Export unit value index (2015 = 100)","TX.UVI.MRCH.XD.WD","","","","","","","","","","","","","","","","","","","","","111.5","92.3","83","87.2","73.7","54.3","60.1","69.4","77.9","84.4","91.6","77.2","80.8","73.7","81.5","81.5","80.8","81.5","74.4","70.8","71.5","70.5","70","72.4","78.8","84.6","93.2","100.9","94.7","84.6","90.2","105.3","103.7","96.9","104.4","100","102","107.1","110.3","106.5","106.6","125","143.2","145.6","146.4",
"New Caledonia","NCL","Export unit value index (2015 = 100)","TX.UVI.MRCH.XD.WD","","","","","","","","","","","","","","","","","","","","","","","","","","","","","","","","","","","","","","","","","46.2","41.5","42.5","51.9","70.9","72.9","85.1","104.4","110.9","117.8","157.8","169.1","136.7","126.4","132.3","100","87.8","102.9","119.8","114.6","110.1","144","182","150.2","132.1",
"Niger","NER","Export unit value index (2015 = 100)","TX.UVI.MRCH.XD.WD","","","","","","","","","","","","","","","","","","","","","83.1","58.5","55.5","54.5","51.1","46.1","60.6","70.4","67.2","59.3","60.2","55","58.1","40.4","46.6","52.3","46.1","42.3","44","42.7","44","42.7","43.2","47.4","57","71.1","87.2","115.9","124.9","101.5","106.5","129.6","122.6","122.9","114.9","100","91.9","96.6","105.2","107.7","108.7","123.5","138","142.2","144.5",
"Nigeria","NGA","Export unit value index (2015 = 100)","TX.UVI.MRCH.XD.WD","","","","","","","","","","","","","","","","","","","","","47.8","52.5","39.6","24.7","18.7","18.1","14.3","29.1","21.4","29.1","42.3","33.5","43.9","33","30.2","33","40.1","37.9","23.6","32.4","54.7","48.4","49","57.1","73.5","103.4","119.9","132.4","170.1","111.5","139.1","178.6","177.9","176.7","166","100","85.9","102.5","124.5","110.7","79.1","141.8","209.7","167.9","160.8",
"Nicaragua","NIC","Export unit value index (2015 = 100)","TX.UVI.MRCH.XD.WD","","","","","","","","","","","","","","","","","","","","","83","80.3","76.8","69.9","81.7","65.7","73.3","64.4","72","65.7","85.8","72.7","55.4","62.3","70.6","79.6","74.8","76.8","76.2","68.2","69.2","63.9","64","65.6","67.9","72.8","77","82.7","92.9","88.5","97.5","117.1","118.3","107.3","103","100","92.8","93.6","89.1","86.9","94.9","100.9","116.7","123.6","130.8",
"Netherlands","NLD","Export unit value index (2015 = 100)","TX.UVI.MRCH.XD.WD","","","","","","","","","","","","","","","","","","","","","","","","","","","","","","","","","","","","","","","","","58.8","56.3","58.1","67.9","75.8","78.2","84.4","95.8","106.9","94.2","99.1","116.5","114.3","117.7","119.3","100","97.3","104.8","114.6","110.8","109.2","125.2","132.6","136.1","138.9",
"Norway","NOR","Export unit value index (2015 = 100)","TX.UVI.MRCH.XD.WD","","","","","","","","","","","","","","","","","","","","","","","","","","","","","","","","","","","","","","","","","57.7","53.6","52.8","60.4","73.4","93.2","112","122.8","152.4","108.3","124.7","158.7","157.6","159.3","144","100","86.5","97.2","116.3","98.8","74.6","145.4","236.3","152.3","139.6",
"Nepal","NPL","Export unit value index (2015 = 100)","TX.UVI.MRCH.XD.WD","","","","","","","","","","","","","","","","","","","","","","","","","","","","","","","","","","","","","","","","","66.9","64.5","63.9","67.1","72.3","76.5","81.4","87","95.5","90.7","96.4","110.8","108.3","108.3","107.6","100","98.8","100.5","101.7","101","113.6","131.4","143.6","132.4","133.5",
"Nauru","NRU","Export unit value index (2015 = 100)","TX.UVI.MRCH.XD.WD","","","","","","","","","","","","","","","","","","","","","","","","","","","","","","","","","","","","","","","","","37.4","36.4","36.3","39.2","47.1","50.2","53.3","73.3","173.7","100.8","103.6","144.6","139.5","117.1","105.6","100","74.1","72.2","77.2","66.2","70.6","99.2","105.6","94.2","92",
"New Zealand","NZL","Export unit value index (2015 = 100)","TX.UVI.MRCH.XD.WD","","","","","","","","","","","","","","","","","","","","","","","","","","","","","","","","","","","","","","","","","61.8","62.2","61.3","68.7","79.3","85.3","85.5","97.8","111.8","86.8","106.8","125.8","118.5","124.3","127","100","95.7","108.6","110.7","108","107.6","122.3","130.8","117.5","116.4",
"OECD members","OED","Export unit value index (2015 = 100)","TX.UVI.MRCH.XD.WD","","","","","","","","","","","","","","","","","","","","","","","","","","","","","","","","","","","","","","","","","","","","","","","","","","","","","","","","","","","","","","","","","",
"Oman","OMN","Export unit value index (2015 = 100)","TX.UVI.MRCH.XD.WD","","","","","","","","","","","","","","","","","","","","","57.2","64.7","61","53.4","50.6","47.7","23.6","30.7","24.1","","","","31.7","27.4","26.9","28.8","34.5","33.1","21.3","30.7","47.3","40.7","43","49.2","60.9","88.9","109.2","115.3","178.9","100.2","135.6","182.2","194","186.7","182.7","100","68.8","79.3","91.2","84.9","71.6","113.1","158.4","126.3","118.4",
"Other small states","OSS","Export unit value index (2015 = 100)","TX.UVI.MRCH.XD.WD","","","","","","","","","","","","","","","","","","","","","","","","","","","","","","","","","","","","","","","","","","","","","","","","","","","","","","","","","","","","","","","","","",
"Pakistan","PAK","Export unit value index (2015 = 100)","TX.UVI.MRCH.XD.WD","","","","","","","","","","","","","","","","","","","","","69.9","72.7","66.5","64.4","67.2","58.9","68.5","72","70.6","67.2","69.2","65.8","63.7","62.3","67.2","81.7","78.9","79.6","81","75.5","69.2","62.8","60.1","64.4","68.9","69.2","71","73.3","82.6","77.4","87.8","103.9","104.4","101.9","105.1","100","93.8","94.1","88.2","77.3","75.3","85.1","89.8","79.7","101.2",
"Panama","PAN","Export unit value index (2015 = 100)","TX.UVI.MRCH.XD.WD","","","","","","","","","","","","","","","","","","","","","","59.4","50.9","54.3","53.4","60.2","62.8","61.9","57.7","56.8","56","61.1","82.3","79.7","81.4","88","88.3","87.6","85.9","84.6","84.8","84.6","84.6","82.9","85.4","88","89.8","93.4","98","96.1","98.9","105.9","107.4","105.7","105.7","100","96.7","98","99.9","98.3","101.3","108.4","113.8","111.4","109.6",
"Peru","PER","Export unit value index (2015 = 100)","TX.UVI.MRCH.XD.WD","","","","","","","","","","","","","","","","","","","","","55.6","48.3","45.9","46.9","45.6","36.9","31","32.9","38.6","37.3","37.6","34.6","37.9","34.9","38.3","43.9","42.9","43.6","36.3","32.6","33.3","32","33.6","37.1","48","58.8","81.9","99.2","108.7","92.2","128.3","161.2","163.6","149.2","132.3","100","91.3","108.1","113.1","107.9","106.9","126.6","131.3","131","141",
"Philippines","PHL","Export unit value index (2015 = 100)","TX.UVI.MRCH.XD.WD","","","","","","","","","","","","","","","","","","","","","370.9","254.3","230.1","175","117.7","89.2","79.3","87","96.9","94.7","91.4","93.6","88.1","88.1","89.2","89.2","94.7","98","106.8","117.7","110.1","91.3","84.7","86.5","81.9","91.6","95.7","97.5","98.9","95.1","98.7","105.3","104.6","102","108.6","100","98.1","100.1","102","100.1","99.7","110.4","116.9","113.8","114.3",
"Palau","PLW","Export unit value index (2015 = 100)","TX.UVI.MRCH.XD.WD","","","","","","","","","","","","","","","","","","","","","","","","","","","","","","","","","","","","","","","","","72.6","70.2","69.8","71.4","75.7","80.8","91.3","95.5","101.7","96.8","103.8","110.6","109.5","108.5","105.1","100","98.8","101.9","109.2","109.1","104.6","114.1","121","122.5","120.1",
"Papua New Guinea","PNG","Export unit value index (2015 = 100)","TX.UVI.MRCH.XD.WD","","","","","","","","","","","","","","","","","","","","","12.1","9.3","8.6","8.6","8.9","13.2","13.2","14.4","16.7","14","14.4","14.4","14.8","16.3","19","26.8","26.4","29.2","33.4","37.7","38.9","35.1","38.6","43.8","54.4","65.7","84.8","97.7","114.5","95.9","123.6","152.9","143.4","133","130.7","100","94","102.6","108.2","100.7","95.4","170.5","255.8","167.2","165.3",
"Poland","POL","Export unit value index (2015 = 100)","TX.UVI.MRCH.XD.WD","","","","","","","","","","","","","","","","","","","","","","","","","","","","","","","","","","","","","","","","","57.2","57.9","61.1","71","82.1","86.1","90.8","104","118","103.7","106.9","118.7","112.9","116.6","116.7","100","98.8","106.7","114.6","112.6","117","133.3","140.4","150.8","152.7",
"Pre-demographic dividend","PRE","Export unit value index (2015 = 100)","TX.UVI.MRCH.XD.WD","","","","","","","","","","","","","","","","","","","","","","","","","","","","","","","","","","","","","","","","","","","","","","","","","","","","","","","","","","","","","","","","","",
"Puerto Rico (US)","PRI","Export unit value index (2015 = 100)","TX.UVI.MRCH.XD.WD","","","","","","","","","","","","","","","","","","","","","","","","","","","","","","","","","","","","","","","","","","","","","","","","","","","","","","","","","","","","","","","","","",
"Korea, Dem. People's Rep.","PRK","Export unit value index (2015 = 100)","TX.UVI.MRCH.XD.WD","","","","","","","","","","","","","","","","","","","","","","","","","","","","","","","","","","","","","","","","","73.9","69.8","66.9","68.4","74.9","83","92","97.7","110.2","103.4","123.9","141.9","127.7","120.8","113.9","100","103.6","118.9","88.5","86.1","85.6","106.4","135.2","123.6","120.9",
"Portugal","PRT","Export unit value index (2015 = 100)","TX.UVI.MRCH.XD.WD","","","","","","","","","","","","","","","","","","","","","","","","","","","","","","","","","","","","","","","","","64.2","63","66.5","77.6","87.5","88","93.5","105.1","115","105.2","105.5","119.1","113.7","118.4","118.8","100","99","106.1","115.2","110.9","111.5","126.9","135.1","139.1","139.2",
"Paraguay","PRY","Export unit value index (2015 = 100)","TX.UVI.MRCH.XD.WD","","","","","","","","","","","","","","","","","","","","","46.5","50.1","45","40.3","52.2","32","24.3","36.2","39.3","50.6","47.5","46","43.9","46.5","55.3","55.6","55.5","54","54.3","51.3","51.7","55.9","54.6","51.1","55.3","56.7","59.7","72.4","88.9","79.3","91","107.8","101","105.6","112.6","100","93.8","100.2","105.7","107.9","112.8","144.4","152.5","126.1","144.1",
"West Bank and Gaza","PSE","Export unit value index (2015 = 100)","TX.UVI.MRCH.XD.WD","","","","","","","","","","","","","","","","","","","","","","","","","","","","","","","","","","","","","","","","","73.9","73.8","73.4","76.8","83.3","86.3","88.6","96.9","104.8","94.7","101.1","109.3","106.9","106.1","106.7","100","100.4","103","106.7","104.9","107","118","125.9","128.4","129.1",
"Pacific island small states","PSS","Export unit value index (2015 = 100)","TX.UVI.MRCH.XD.WD","","","","","","","","","","","","","","","","","","","","","","","","","","","","","","","","","","","","","","","","","","","","","","","","","","","","","","","","","","","","","","","","","",
"Post-demographic dividend","PST","Export unit value index (2015 = 100)","TX.UVI.MRCH.XD.WD","","","","","","","","","","","","","","","","","","","","","","","","","","","","","","","","","","","","","","","","","","","","","","","","","","","","","","","","","","","","","","","","","",
"French Polynesia","PYF","Export unit value index (2015 = 100)","TX.UVI.MRCH.XD.WD","","","","","","","","","","","","","","","","","","","","","","","","","","","","","","","","","","","","","","","","","76.8","75.8","74.3","75.5","77.5","79.5","71.1","74.8","71.1","60.6","61.9","83.2","88.5","77.5","96.2","100","112.5","105.1","102.3","95.3","92.3","101.5","111.1","109.6","99.5",
"Qatar","QAT","Export unit value index (2015 = 100)","TX.UVI.MRCH.XD.WD","","","","","","","","","","","","","","","","","","","","","70.3","82.3","76.9","66.4","65.3","64.7","","","","","","","","","","","","","","","64.7","60.2","55.7","69","84.5","119.6","130.4","142.2","188.3","114.8","133","159.4","153","161.9","157.5","100","83.3","98.9","117.2","97.5","73.9","160.8","288","166.7","148.9",
"Romania","ROU","Export unit value index (2015 = 100)","TX.UVI.MRCH.XD.WD","","","","","","","","","","","","","","","","","","","","","","","","","","","","","","","","","","","","","","","","","57","56.9","60.6","71.3","83.2","89.9","96.8","98.5","111.3","98.7","103.3","120.3","115.3","117.9","117.5","100","99.3","105","117.6","114.6","117.2","135.9","139.8","144.5","145.7",
"Russian Federation","RUS","Export unit value index (2015 = 100)","TX.UVI.MRCH.XD.WD","","","","","","","","","","","","","","","","","","","","","","","","","","","","","","","","","","","","","","","","","55.5","52.8","50.8","57.1","69.7","87.9","104.7","116.8","157.3","103.4","127.2","169.1","171.8","164.4","155","100","79.4","95.8","115.2","112.3","89.5","128.3","157.8","130.3","126.7",
"Rwanda","RWA","Export unit value index (2015 = 100)","TX.UVI.MRCH.XD.WD","","","","","","","","","","","","","","","","","","","","","38.9","29.9","36.5","43.2","43.6","31.8","41.2","24.4","30.7","27.1","27.5","28.7","25.6","27.9","33.4","42.8","37.7","50.4","37.7","32.6","39.3","34.8","34.8","38.2","48.2","63","97.8","101.2","93.4","88.6","106.1","119.9","108.7","102.5","110.1","100","98.5","110.8","111.2","111.6","121.1","132.9","149.6","148.6","164.2",
"South Asia","SAS","Export unit value index (2015 = 100)","TX.UVI.MRCH.XD.WD","","","","","","","","","","","","","","","","","","","","","","","","","","","","","","","","","","","","","","","","","","","","","","","","","","","","","","","","","","","","","","","","","",
"Saudi Arabia","SAU","Export unit value index (2015 = 100)","TX.UVI.MRCH.XD.WD","","","","","","","","","","","","","","","","","","","","","56.9","64.3","67.1","55.8","55.8","60.9","29","46.1","36.4","41","48.9","38.1","37.6","33","31.9","35.3","42.1","39.8","25.6","37","56.9","50.8","50.8","59.3","75.4","98.6","117.3","132.6","163.7","111.7","135","183.3","186.8","182.2","169.6","100","83.5","104.5","133.1","121.8","83.7","126.3","168.2","145.8","141.3",
"Sudan","SDN","Export unit value index (2015 = 100)","TX.UVI.MRCH.XD.WD","","","","","","","","","","","","","","","","","","","","","","","","","","","","","","","","","","","","","","","","","","","","","","73.1","86.8","95.8","129.7","90.7","114.7","159.5","151.3","140.7","142.1","100","93.6","106.8","110.4","115.4","122.6","127.1","127.2","123.3","127.3",
"Senegal","SEN","Export unit value index (2015 = 100)","TX.UVI.MRCH.XD.WD","","","","","","","","","","","","","","","","","","","","","101.4","97.6","81.1","73.5","77.9","79.8","90.6","102.7","101.4","104.6","117.9","114.1","117.9","107.7","94.4","110.9","103.9","76","76","73.5","63.4","60.4","59.7","65.8","73.9","82.7","89.8","99.2","119.9","94.8","104.5","125.5","122.6","118","115.7","100","96.6","103.3","110.8","110.3","109.6","132.2","157.7","149.5","147.4",
"Singapore","SGP","Export unit value index (2015 = 100)","TX.UVI.MRCH.XD.WD","","","","","","","","","","","","","","","","","","","","","138.2","145","139.3","134.8","128.1","121.4","105.6","112.4","116.9","119.1","129.2","128.1","126.9","125.9","126.9","134.8","133.7","125.9","109","107.9","112.4","100.7","96.1","88.5","94.1","99.1","105.9","108.6","118.6","104.5","113.9","126.9","126.7","122.1","120.8","100","93.6","100.1","106.7","104.3","93.8","109","119.6","116.9","112.1",
"Solomon Islands","SLB","Export unit value index (2015 = 100)","TX.UVI.MRCH.XD.WD","","","","","","","","","","","","","","","","","","","","","189","144.5","132.3","114.3","154.3","125.6","75.2","70.3","74.8","66.9","65.6","64.7","58.3","","","","","","","","65.6","64.1","66.9","74.8","83.6","85.7","87.9","102.3","113.4","97.3","109.2","125.2","120.2","119","127.5","100","95.6","100.4","104.2","95.8","97.9","109.3","103.7","100.7","104.7",
"Sierra Leone","SLE","Export unit value index (2015 = 100)","TX.UVI.MRCH.XD.WD","","","","","","","","","","","","","","","","","","","","","","","","","","","","","","","","","","","","","","","","","126.1","111.3","113.5","119.6","133.6","140.4","136.3","144","145.1","120.1","133.1","154.4","148.8","144.3","140.5","100","104.5","110.8","113.2","108.6","107.2","126.9","132.8","128.1","128.5",
"El Salvador","SLV","Export unit value index (2015 = 100)","TX.UVI.MRCH.XD.WD","","","","","","","","","","","","","","","","","","","","","54.4","49.5","48.1","39","41.1","39.7","66.9","48.1","48.1","49.5","44.6","41.1","42.5","44.6","57.8","76","73.9","75.3","76","70.4","69.7","66.3","65.9","67.1","68.7","71.3","74.6","77.2","85.1","84","87.2","96.5","99.8","100.4","99.8","100","98.4","100.2","103.4","102.8","102.1","109.7","125","124.2","120.8",
"San Marino","SMR","Export unit value index (2015 = 100)","TX.UVI.MRCH.XD.WD","","","","","","","","","","","","","","","","","","","","","","","","","","","","","","","","","","","","","","","","","","","","","","","","","","","","","","","","","","","","","","","","","",
"Somalia, Fed. Rep.","SOM","Export unit value index (2015 = 100)","TX.UVI.MRCH.XD.WD","","","","","","","","","","","","","","","","","","","","","","","","","","","","","","","","","","","","","","","","","56.5","55.8","54.1","59.8","65.6","68.6","74.4","85.3","92.1","83.6","97.4","113.9","110.2","114.4","121.6","100","96.6","106.8","108.1","109.7","120.2","141.5","149.2","151.8","98.2",
"Serbia","SRB","Export unit value index (2015 = 100)","TX.UVI.MRCH.XD.WD","","","","","","","","","","","","","","","","","","","","","","","","","","","","","","","","","","","","","","","","","","","","","","","","","107.6","97.3","103.3","115.3","112.8","110.6","109","100","98.8","102.2","106","103.7","104.7","119","128.3","125","124.5",
"Sub-Saharan Africa (excluding high income)","SSA","Export unit value index (2015 = 100)","TX.UVI.MRCH.XD.WD","","","","","","","","","","","","","","","","","","","","","","","","","","","","","","","","","","","","","","","","","","","","","","","","","","","","","","","","","","","","","","","","","",
"South Sudan","SSD","Export unit value index (2015 = 100)","TX.UVI.MRCH.XD.WD","","","","","","","","","","","","","","","","","","","","","","","","","","","","","","","","","","","","","","","","","","","","","","","","","","","","","","","","","","","","","","","","","",
"Sub-Saharan Africa","SSF","Export unit value index (2015 = 100)","TX.UVI.MRCH.XD.WD","","","","","","","","","","","","","","","","","","","","","","","","","","","","","","","","","","","","","","","","","","","","","","","","","","","","","","","","","","","","","","","","","",
"Small states","SST","Export unit value index (2015 = 100)","TX.UVI.MRCH.XD.WD","","","","","","","","","","","","","","","","","","","","","","","","","","","","","","","","","","","","","","","","","","","","","","","","","","","","","","","","","","","","","","","","","",
"Sao Tome and Principe","STP","Export unit value index (2015 = 100)","TX.UVI.MRCH.XD.WD","","","","","","","","","","","","","","","","","","","","","","","","","","","140.6","117","154.2","76.8","75.2","77.5","72.9","81.3","94.2","85.9","108.7","111.7","88.9","88.1","75.9","77.6","100.8","101.2","107.2","106.6","106.8","116.4","130.6","115","126.1","131.1","124","125.7","121.7","100","135.9","113.2","123.7","125.5","125.4","121.1","122.6","138.3","165.2",
"Suriname","SUR","Export unit value index (2015 = 100)","TX.UVI.MRCH.XD.WD","","","","","","","","","","","","","","","","","","","","","76.8","88.2","86.5","84.9","76","60.5","61","59","88.5","","","","","","","","","","","","60.5","57.1","55","59.2","69","76.2","98.2","103.9","113.9","93.9","115.5","141.6","141.7","126.1","118.7","100","102.4","105","107.9","115.7","141.2","146.1","150.4","157.2","182.7",
"Slovak Republic","SVK","Export unit value index (2015 = 100)","TX.UVI.MRCH.XD.WD","","","","","","","","","","","","","","","","","","","","","","","","","","","","","","","","","","","","","","","","","69.7","67.2","69.8","86.8","103.3","109.8","112.3","123.2","135.3","123.6","119.5","130.9","121.3","121.8","116.6","100","102.8","110.1","120.3","120.6","125.2","141.4","144.7","153.3","154.9",
"Slovenia","SVN","Export unit value index (2015 = 100)","TX.UVI.MRCH.XD.WD","","","","","","","","","","","","","","","","","","","","","","","","","","","","","","","","","","","","","","","","","61.5","61.4","64.7","76.9","87.8","91.3","94.9","108","120.5","110.5","111","124.5","117.7","120.5","119.2","100","98.5","105.8","114.3","111.2","114","132.6","153.7","161.6","167.2",
"Sweden","SWE","Export unit value index (2015 = 100)","TX.UVI.MRCH.XD.WD","","","","","","","","","","","","","","","","","","","","","","","","","","","","","","","","","","","","","","","","","66.6","63","67.1","78.5","86.9","90.1","95.5","106.1","116.4","103.8","111.3","123.6","117.9","119.8","118.8","100","98.8","105.2","113","111.6","112.5","130.9","136","136.8","138.3",
"Eswatini","SWZ","Export unit value index (2015 = 100)","TX.UVI.MRCH.XD.WD","","","","","","","","","","","","","","","","","","","","","60.6","63","59.2","60","51.2","35.8","40.8","53.7","46.3","46.3","53.1","53.1","58","59.2","61.8","71","66.7","69.2","63.6","62.4","61.8","62","63.8","66.4","76.5","79.5","85.4","85.9","97.7","102.5","109.4","122.7","119.2","114","110.3","100","109.7","107","104.7","103.6","104.1","118.7","125","131.3","127",
"Sint Maarten (Dutch part)","SXM","Export unit value index (2015 = 100)","TX.UVI.MRCH.XD.WD","","","","","","","","","","","","","","","","","","","","","","","","","","","","","","","","","","","","","","","","","","","","","","","","","","","","","","126.571330847","122.6476195883","100","91.8290805667","104.3163944888","115.9977520927","113.813843791","110.5386252762","120.4943878238","","","",
"Seychelles","SYC","Export unit value index (2015 = 100)","TX.UVI.MRCH.XD.WD","","","","","","","","","","","","","","","","","","","","","","","","","","55.1","41.3","46.1","48.5","38.9","43.7","38.9","45.6","45.6","47.5","52.3","52.3","49.4","49","52.8","47.5","43","41.5","43.9","49.1","56.2","62.6","79.5","91.1","81.4","86.7","107.9","111.7","121.2","117.5","100","95","95.1","98.3","96","89.7","96.5","109.9","112.3","106.3",
"Syrian Arab Republic","SYR","Export unit value index (2015 = 100)","TX.UVI.MRCH.XD.WD","","","","","","","","","","","","","","","","","","","","","142.3","158.3","138","129.7","132.3","129.7","95.1","88.7","29.4","36.8","47.6","38.5","32.4","31.6","34.2","42.8","45","35.5","25.9","32.4","43.2","38.8","38.9","44.4","54.1","68.9","77.7","86.3","104","86.7","95.6","115.2","112.3","112.8","112.7","100","97.7","102.9","106.9","103.8","102.7","118.3","139.6","137.9","137",
"Turks and Caicos Islands","TCA","Export unit value index (2015 = 100)","TX.UVI.MRCH.XD.WD","","","","","","","","","","","","","","","","","","","","","","","","","","","","","","","","","","","","","","","","","93.1","80.4","75.3","82.3","83.2","83.6","84.9","90","95.8","89.3","96.5","75.2","88.5","121.1","118.4","100","94.1","102.2","105.1","104.7","82.3","114.8","159.7","116.4","132",
"Chad","TCD","Export unit value index (2015 = 100)","TX.UVI.MRCH.XD.WD","","","","","","","","","","","","","","","","","","","","","57","47.6","36.7","37.8","40.5","37.8","40.5","45.4","49.8","42.2","57","56.5","54.8","47.6","45.4","62","68","61.4","65.8","59.8","54.8","46.4","45.3","58","73.9","101.5","118.9","131.7","169.4","110.9","140.9","181.6","182.4","178.8","164.5","100","86.8","101.7","122.1","112.4","95.5","151.4","193.9","173.1","177.2",
"East Asia & Pacific (IDA & IBRD countries)","TEA","Export unit value index (2015 = 100)","TX.UVI.MRCH.XD.WD","","","","","","","","","","","","","","","","","","","","","","","","","","","","","","","","","","","","","","","","","","","","","","","","","","","","","","","","","","","","","","","","","",
"Europe & Central Asia (IDA & IBRD countries)","TEC","Export unit value index (2015 = 100)","TX.UVI.MRCH.XD.WD","","","","","","","","","","","","","","","","","","","","","","","","","","","","","","","","","","","","","","","","","","","","","","","","","","","","","","","","","","","","","","","","","",
"Togo","TGO","Export unit value index (2015 = 100)","TX.UVI.MRCH.XD.WD","","","","","","","","","","","","","","","","","","","","","78.6","69.1","63.9","61.4","64.5","62.6","71.6","76.8","81.8","81.2","89.5","83.7","88.9","60.7","61.4","72.2","69.7","67.8","74.1","72.2","63.9","37.1","37.3","40.4","53.1","45.1","89.7","103.1","132","112.9","120.3","141","130.6","122.2","117.9","100","96.1","102.3","112.3","106","92","124.8","164.8","147.9","151.9",
"Thailand","THA","Export unit value index (2015 = 100)","TX.UVI.MRCH.XD.WD","","","","","","","","","","","","","","","","","","","","","64.1","62.1","54.8","55.5","53.5","47.6","50.9","55.5","61.4","62.1","63.4","66.1","67.4","68.1","70.7","76.6","83.9","80.6","70","67.4","66.1","61.1","61.6","65.2","69.2","74.2","78.1","82.6","91.2","91.5","99.9","105.5","106.1","105.6","104.3","100","99.6","103.2","106.8","107.1","106.3","109.8","114.4","115.7","117.3",
"Tajikistan","TJK","Export unit value index (2015 = 100)","TX.UVI.MRCH.XD.WD","","","","","","","","","","","","","","","","","","","","","","","","","","","","","","","","","","","","","","","","","70.8","69.8","67.8","77.1","88.2","95.5","117.6","122.1","128.4","96","122.3","142.4","119.9","113.5","112.3","100","99","117.5","124.5","113.5","111.9","142.4","168.8","154.2","154.7",
"Turkmenistan","TKM","Export unit value index (2015 = 100)","TX.UVI.MRCH.XD.WD","","","","","","","","","","","","","","","","","","","","","","","","","","","","","","","","","","","","","","","","","74.1","73.7","60.7","82.8","90.4","134.4","128.4","134","180.3","103.1","117.4","151.8","133.5","143.7","138.1","100","86.6","101.2","117.7","95.1","75.6","181.8","328.8","176.2","155.1",
"Latin America & the Caribbean (IDA & IBRD countries)","TLA","Export unit value index (2015 = 100)","TX.UVI.MRCH.XD.WD","","","","","","","","","","","","","","","","","","","","","","","","","","","","","","","","","","","","","","","","","","","","","","","","","","","","","","","","","","","","","","","","","",
"Timor-Leste","TLS","Export unit value index (2015 = 100)","TX.UVI.MRCH.XD.WD","","","","","","","","","","","","","","","","","","","","","","","","","","","","","","","","","","","","","","","","","","","","","","138.9","155.9","165.9","204.5","131.8","142.2","173.1","160.4","155.2","152.9","100","86.6","90","99.7","94.6","74","141.9","215.8","165.5","163.3",
"Middle East, North Africa, Afghanistan & Pakistan (IDA & IBRD)","TMN","Export unit value index (2015 = 100)","TX.UVI.MRCH.XD.WD","","","","","","","","","","","","","","","","","","","","","","","","","","","","","","","","","","","","","","","","","","","","","","","","","","","","","","","","","","","","","","","","","",
"Tonga","TON","Export unit value index (2015 = 100)","TX.UVI.MRCH.XD.WD","","","","","","","","","","","","","","","","","","","","","","","","","","","","","","","","","","","","","","","","","82.8","82.2","80.8","89.3","93.6","97","102.6","100.6","109.3","95.9","107.4","111.5","106","109","108.5","100","101.3","104.4","106.9","106.3","108.8","114.3","100.9","102.8","105.9",
"South Asia (IDA & IBRD)","TSA","Export unit value index (2015 = 100)","TX.UVI.MRCH.XD.WD","","","","","","","","","","","","","","","","","","","","","","","","","","","","","","","","","","","","","","","","","","","","","","","","","","","","","","","","","","","","","","","","","",
"Sub-Saharan Africa (IDA & IBRD countries)","TSS","Export unit value index (2015 = 100)","TX.UVI.MRCH.XD.WD","","","","","","","","","","","","","","","","","","","","","","","","","","","","","","","","","","","","","","","","","","","","","","","","","","","","","","","","","","","","","","","","","",
"Trinidad and Tobago","TTO","Export unit value index (2015 = 100)","TX.UVI.MRCH.XD.WD","","","","","","","","","","","","","","","","","","","","","72.5","80.1","76.5","76","75.5","70.6","46.9","49.1","43.7","49.9","59.7","","","","","","","","","","59.7","56.7","54","65.7","77","103.3","109.1","116.8","153.4","107.1","119.5","142.3","135.3","136.2","133.4","100","90.1","100.9","115.1","104.1","92.1","152.7","210.1","164.9","150.5",
"Tunisia","TUN","Export unit value index (2015 = 100)","TX.UVI.MRCH.XD.WD","","","","","","","","","","","","","","","","","","","","","65.4","58.8","53.5","48.1","47","46.4","51.7","55.3","59.4","58.8","63.6","61.2","61.8","57.7","58.3","67.8","70.7","64.8","64.2","63.6","59.4","58.3","59.5","70.5","79.6","85.3","90.4","101.4","118.5","103.4","107.2","123.1","117.6","121.4","121.1","100","99.2","102.6","110","105.4","107","122.3","126.2","131.7","134.7",
"Turkiye","TUR","Export unit value index (2015 = 100)","TX.UVI.MRCH.XD.WD","","","","","","","","","","","","","","","","","","","","","81.3","107.7","145","179.6","293.4","90.8","88.1","100.3","96.9","74.5","81.3","80.6","81.3","80","77.3","87.4","83.3","79.3","75.9","71.2","67.8","66","64.8","73","85.2","90.3","93.5","105.4","121.7","102.1","105.5","117.6","114.4","114.5","113.2","100","95.2","96.9","99.6","95.3","94","103.1","112.6","113.3","114.3",
"Tuvalu","TUV","Export unit value index (2015 = 100)","TX.UVI.MRCH.XD.WD","","","","","","","","","","","","","","","","","","","","","","","","","","","","","","","","","","","","","","","","","100","98.52609673","103.2781019","109.9262119","110.163622","112.8362391","120.1332774","121.9677533","138.7499508","136.7511707","147.3212451","160.9757779","160.7873483","162.6948604","165.8715078","160.5419494","164.0917405","168.5872341","178.3067067","177.8997091","","","","","",
"Tanzania","TZA","Export unit value index (2015 = 100)","TX.UVI.MRCH.XD.WD","","","","","","","","","","","","","","","","","","","","","","","","","","","","43.4","47","55.2","51.7","54.7","50.1","51.7","56.2","49.5","51.7","76.6","62.9","55.2","51.1","48.7","49.6","54.4","60.9","66.5","77.9","86","98.4","92.1","108.1","126.5","123","114.5","111.2","100","101.7","102.1","104.4","102.7","114.8","127","132.8","134.7","147.6",
"Uganda","UGA","Export unit value index (2015 = 100)","TX.UVI.MRCH.XD.WD","","","","","","","","","","","","","","","","","","","","","","","66.3","76.2","160","176.3","180.4","188.5","172.8","138.5","98.3","82.6","72.1","68.7","80.3","121.6","101.8","90.8","80.9","68.1","58.2","52","53","57.3","61.9","70.5","78","85","96.1","92.2","103.6","122.3","109.2","103.1","110","100","100.7","100.2","100.1","100.5","113.2","126.5","138.6","133.5","157.8",
"Ukraine","UKR","Export unit value index (2015 = 100)","TX.UVI.MRCH.XD.WD","","","","","","","","","","","","","","","","","","","","","","","","","","","","","","","","","","","","","","","","","50.4","48.8","49.1","54.4","65.5","74","79.5","90.8","111.7","81.7","103","129.4","126.9","128.2","121.5","100","96.2","111.5","124.7","124.8","130.5","193.4","209.4","180.2","181.6",
"Upper middle income","UMC","Export unit value index (2015 = 100)","TX.UVI.MRCH.XD.WD","","","","","","","","","","","","","","","","","","","","","","","","","","","","","","","","","","","","","","","","","","","","","","","","","","","","","","","","","","","","","","","","","",
"Uruguay","URY","Export unit value index (2015 = 100)","TX.UVI.MRCH.XD.WD","","","","","","","","","","","","","","","","","","","","","74","74.6","68.5","61.7","63.6","57.4","60.5","68.5","72.1","74","71.5","70.9","69.7","66","67.2","75.6","75.8","73.7","72.3","62","61.1","59.8","55.3","59.1","63.1","64.9","69.7","75.6","99.7","87.2","94.6","110.5","114.2","113.2","112.6","100","94","95.7","96.7","93.6","92.7","103.7","113.9","107.9","98.4",
"United States","USA","Export unit value index (2015 = 100)","TX.UVI.MRCH.XD.WD","","","","","","","","","","","","","","","","","","","","","71","69.4","67","65.4","63.8","63","71.8","79.9","84.8","84.8","92","91.2","92.8","87.2","90.4","99.3","96.9","90.4","87.2","85.6","80.7","80.1","79.3","80.5","83.6","86.3","89.3","93.7","99.4","94.8","99.4","107.3","107.7","107.3","106.8","100","96.8","99.1","102.4","101.6","98.8","112.5","127.1","120.3","119.9",
"Uzbekistan","UZB","Export unit value index (2015 = 100)","TX.UVI.MRCH.XD.WD","","","","","","","","","","","","","","","","","","","","","","","","","","","","","","","","","","","","","","","","","57","53.9","53.3","63.9","71.7","80.4","91.2","98.8","115.4","93.3","115.5","146.3","124.9","122.8","117","100","99.5","106.9","113.1","105.9","110","145.1","167.7","157.5","170",
"St. Vincent and the Grenadines","VCT","Export unit value index (2015 = 100)","TX.UVI.MRCH.XD.WD","","","","","","","","","","","","","","","","","","","","","","","","","","","","","","","","","","","","","","","","","88.2","85.9","85.4","84.1","89","85.8","83.9","90.7","97.1","97.3","98","102.7","103","104.6","102.8","100","100.6","101.6","110.8","93.8","83.9","63","66.5","65.7","65.8",
"Venezuela, RB","VEN","Export unit value index (2015 = 100)","TX.UVI.MRCH.XD.WD","","","","","","","","","","","","","","","","","","","","","67.1","71.2","67.6","61","58.4","52.8","29.7","37.9","31.8","36.9","44","36.4","35.3","32.8","32.8","34.9","39.1","38.2","26.7","33.2","51.2","42","44.5","51.1","65.4","89","109.5","124.9","171.1","114.1","143.8","188.3","192.1","188.3","174.5","100","84.8","101.8","126","","","","","","",
"British Virgin Islands","VGB","Export unit value index (2015 = 100)","TX.UVI.MRCH.XD.WD","","","","","","","","","","","","","","","","","","","","","","","","","","","","","","","","","","","","","","","","","79","74.3","71.4","73.7","80","77.2","76.3","73.6","81.6","71.6","73.3","85.9","89.5","88.4","96.3","100","102.3","102.9","105.9","101","98.4","102.9","72.3","80.4","84.3",
"Virgin Islands (U.S.)","VIR","Export unit value index (2015 = 100)","TX.UVI.MRCH.XD.WD","","","","","","","","","","","","","","","","","","","","","","","","","","","","","","","","","","","","","","","","","","","","","","","","","","","","","","","","","","","","","","","","","",
"Viet Nam","VNM","Export unit value index (2015 = 100)","TX.UVI.MRCH.XD.WD","","","","","","","","","","","","","","","","","","","","","","","","","","","","","","","","","","","","","","","","","48.3","45","45.3","49.5","55.5","63.2","67.9","72.7","90.8","80","88.5","105.9","105.3","102.8","103.9","100","98.3","101.2","102.1","105.2","103.8","106.8","114.3","112.2","113.5",
"Vanuatu","VUT","Export unit value index (2015 = 100)","TX.UVI.MRCH.XD.WD","","","","","","","","","","","","","","","","","","","","","","","","","","","","","","","","","","","","","","","","","77.8","68.8","77.1","78.9","82.3","82.1","85.3","89.6","94.9","94.1","99.4","103.8","105","109","115","100","96.8","94","98.9","95.3","98.9","109","117.7","119.2","134.6",
"World","WLD","Export unit value index (2015 = 100)","TX.UVI.MRCH.XD.WD","","","","","","","","","","","","","","","","","","","","","","","","","","","","","","","","","","","","","","","","","100","96.51637337","97.39876198","107.9158524","119.7068887","128.9245123","137.5016758","149.3079551","169.4575883","150.9156898","161.6850695","184.948855","181.938781","180.8580144","177.8310197","153.9136887","147.2961462","156.4976756","167.759943","","","","","","",
"Samoa","WSM","Export unit value index (2015 = 100)","TX.UVI.MRCH.XD.WD","","","","","","","","","","","","","","","","","","","","","","","","","","78.8","52.7","61","77.4","77.4","41.8","41.1","50.7","52","54.8","56.2","51.4","61","71.9","84.3","68.5","67.1","66.8","69.6","71.9","76.1","79.7","85.7","93.3","98.5","102.4","113","112.8","108.4","105.6","100","100.3","105.4","111.4","105.7","104.5","87.1","92.4","115.4","116.9",
"Kosovo","XKX","Export unit value index (2015 = 100)","TX.UVI.MRCH.XD.WD","","","","","","","","","","","","","","","","","","","","","","","","","","","","","","","","","","","","","","","","","","","","","","","","","","","","","","","","","","","","","","","","","",
"Yemen, Rep.","YEM","Export unit value index (2015 = 100)","TX.UVI.MRCH.XD.WD","","","","","","","","","","","","","","","","","","","","","","","","","","","","","","","","","","","","","","","","","49.6","43.5","44.2","50.8","65.2","90.5","106.3","117.8","150.8","101.2","126.6","161.6","159.4","161.4","154.9","100","88.8","96.1","106.1","100.1","83.5","119.9","155.5","136","132.9",
"South Africa","ZAF","Export unit value index (2015 = 100)","TX.UVI.MRCH.XD.WD","","","","","","","","","","","","","","","","","","","","","76.2","66.7","57.7","60.3","53.4","46","53.4","65.1","63.5","59.3","63.5","63","63","60.3","62.4","65.1","60.8","59.8","54.5","52.9","52.9","50.7","52.4","65.5","78.4","83.7","91.7","100.4","109.9","107.1","131.4","148.2","138.7","127.8","119.7","100","95.3","109.1","113.4","112.2","112.3","144.4","141.1","124.2","132.5",
"Zambia","ZMB","Export unit value index (2015 = 100)","TX.UVI.MRCH.XD.WD","","","","","","","","","","","","","","","","","","","","","86.8","71","57.4","64.9","60.5","53","44.7","60.5","89","78","92.5","87.6","83.7","76.7","77.6","96.4","74.1","71.4","50","38.6","43.8","40.5","39.8","44","58.7","70.3","109.4","117.3","119.8","94.2","129","150.1","135.5","126","120","100","92.4","110.8","117.1","109","111.5","160.6","163.8","159.4","168.5",
"Zimbabwe","ZWE","Export unit value index (2015 = 100)","TX.UVI.MRCH.XD.WD","","","","","","","","","","","","","","","","","","","","","132.4","117.5","106","92.3","96.1","86.3","93.4","99.9","107.7","108.8","107.7","98.8","84.1","79.6","79.6","81.9","89.5","86.8","59.9","54.9","54.9","52.7","52.3","57.8","66.2","69.1","82.8","99.4","94.9","89.8","106.2","121.8","109.6","104.7","109.7","100","99.4","101.3","105.5","104.3","109.8","121.8","136.5","138.6","149.4",
