Entity,Code,Year,Scientific and technical journal articles per million people
Afghanistan,AFG,1996,0.007318474
Afghanistan,AFG,1997,0
Afghanistan,AFG,1998,0.14248437
Afghanistan,AFG,1999,0.033689022
Afghanistan,AFG,2000,0.19870517
Afghanistan,AFG,2001,0.049299195
Afghanistan,AFG,2002,0.25727242
Afghanistan,AFG,2003,0.32287794
Afghanistan,AFG,2004,0.28649458
Afghanistan,AFG,2005,0.37492982
Afghanistan,AFG,2006,0.5451521
Afghanistan,AFG,2007,0.5492119
Afghanistan,AFG,2008,0.47200763
Afghanistan,AFG,2009,0.9517186
Afghanistan,AFG,2010,0.9786421
Afghanistan,AFG,2011,1.4181687
Afghanistan,AFG,2012,1.1338339
Afghanistan,AFG,2013,0.86362
Afghanistan,AFG,2014,1.0676214
Afghanistan,AFG,2015,0.6263345
Afghanistan,AFG,2016,1.7161081
Afghanistan,AFG,2017,2.02864
Afghanistan,AFG,2018,2.4586968
Afghanistan,AFG,2019,3.6813068
Afghanistan,AFG,2020,3.7295575
Afghanistan,AFG,2021,4.4347043
Afghanistan,AFG,2022,4.169414
Albania,ALB,1996,11.622354
Albania,ALB,1997,8.423645
Albania,ALB,1998,10.193286
Albania,ALB,1999,7.668608
Albania,ALB,2000,7.232051
Albania,ALB,2001,6.006196
Albania,ALB,2002,8.039961
Albania,ALB,2003,7.4614687
Albania,ALB,2004,5.916868
Albania,ALB,2005,8.557235
Albania,ALB,2006,8.805208
Albania,ALB,2007,14.107664
Albania,ALB,2008,17.806044
Albania,ALB,2009,23.473803
Albania,ALB,2010,42.85242
Albania,ALB,2011,48.43393
Albania,ALB,2012,52.6548
Albania,ALB,2013,52.827538
Albania,ALB,2014,55.570637
Albania,ALB,2015,58.389927
Albania,ALB,2016,61.514004
Albania,ALB,2017,50.379772
Albania,ALB,2018,65.40547
Albania,ALB,2019,79.09492
Albania,ALB,2020,66.11086
Albania,ALB,2021,96.83255
Albania,ALB,2022,97.31869
Algeria,DZA,1996,7.7470345
Algeria,DZA,1997,8.743276
Algeria,DZA,1998,10.008606
Algeria,DZA,1999,10.205302
Algeria,DZA,2000,12.35443
Algeria,DZA,2001,14.280643
Algeria,DZA,2002,15.390462
Algeria,DZA,2003,19.747751
Algeria,DZA,2004,26.257586
Algeria,DZA,2005,27.086086
Algeria,DZA,2006,37.870827
Algeria,DZA,2007,40.841587
Algeria,DZA,2008,50.231552
Algeria,DZA,2009,59.6059
Algeria,DZA,2010,57.8478
Algeria,DZA,2011,65.17046
Algeria,DZA,2012,79.6615
Algeria,DZA,2013,88.43169
Algeria,DZA,2014,92.29964
Algeria,DZA,2015,101.720085
Algeria,DZA,2016,108.882286
Algeria,DZA,2017,123.33382
Algeria,DZA,2018,124.48525
Algeria,DZA,2019,143.91144
Algeria,DZA,2020,129.64507
Algeria,DZA,2021,152.78893
Algeria,DZA,2022,167.26224
Andorra,AND,1996,31.257814
Andorra,AND,1997,13.446677
Andorra,AND,1998,31.813036
Andorra,AND,1999,0
Andorra,AND,2000,0
Andorra,AND,2001,40.0899
Andorra,AND,2002,7.518119
Andorra,AND,2003,67.63952
Andorra,AND,2004,17.625294
Andorra,AND,2005,63.67781
Andorra,AND,2006,63.077213
Andorra,AND,2007,76.089745
Andorra,AND,2008,20.120964
Andorra,AND,2009,30.397673
Andorra,AND,2010,14.868784
Andorra,AND,2011,11.313526
Andorra,AND,2012,58.958275
Andorra,AND,2013,69.95239
Andorra,AND,2014,56.687958
Andorra,AND,2015,110.289024
Andorra,AND,2016,108.4773
Andorra,AND,2017,22.640076
Andorra,AND,2018,42.44166
Andorra,AND,2019,70.743
Andorra,AND,2020,105.195145
Andorra,AND,2021,120.46347
Andorra,AND,2022,120.444145
Angola,AGO,1996,0.41987234
Angola,AGO,1997,0.4999859
Angola,AGO,1998,0.27111945
Angola,AGO,1999,0.25084198
Angola,AGO,2000,0.37542754
Angola,AGO,2001,0.5720357
Angola,AGO,2002,0.9308795
Angola,AGO,2003,0.32824868
Angola,AGO,2004,0.52310634
Angola,AGO,2005,0.5204456
Angola,AGO,2006,0.6280202
Angola,AGO,2007,0.4889655
Angola,AGO,2008,0.5491538
Angola,AGO,2009,0.6147731
Angola,AGO,2010,0.6301829
Angola,AGO,2011,0.73415405
Angola,AGO,2012,0.845997
Angola,AGO,2013,0.91150147
Angola,AGO,2014,1.2727916
Angola,AGO,2015,1.1407142
Angola,AGO,2016,1.2956142
Angola,AGO,2017,1.8233932
Angola,AGO,2018,0.94896805
Angola,AGO,2019,1.1239935
Angola,AGO,2020,1.450175
Angola,AGO,2021,1.2263834
Angola,AGO,2022,1.2625219
Antigua and Barbuda,ATG,1996,0
Antigua and Barbuda,ATG,1997,16.044361
Antigua and Barbuda,ATG,1998,1.7952825
Antigua and Barbuda,ATG,1999,16.289742
Antigua and Barbuda,ATG,2000,3.337249
Antigua and Barbuda,ATG,2001,13.14596
Antigua and Barbuda,ATG,2002,27.001764
Antigua and Barbuda,ATG,2003,23.496483
Antigua and Barbuda,ATG,2004,8.511287
Antigua and Barbuda,ATG,2005,22.48433
Antigua and Barbuda,ATG,2006,19.602005
Antigua and Barbuda,ATG,2007,64.25634
Antigua and Barbuda,ATG,2008,63.802586
Antigua and Barbuda,ATG,2009,44.907513
Antigua and Barbuda,ATG,2010,25.668074
Antigua and Barbuda,ATG,2011,9.845712
Antigua and Barbuda,ATG,2012,23.83681
Antigua and Barbuda,ATG,2013,30.88663
Antigua and Barbuda,ATG,2014,19.151693
Antigua and Barbuda,ATG,2015,36.909035
Antigua and Barbuda,ATG,2016,48.23884
Antigua and Barbuda,ATG,2017,60.242294
Antigua and Barbuda,ATG,2018,51.030506
Antigua and Barbuda,ATG,2019,69.17386
Antigua and Barbuda,ATG,2020,71.423904
Antigua and Barbuda,ATG,2021,80.45566
Antigua and Barbuda,ATG,2022,75.61396
Argentina,ARG,1996,95.31846
Argentina,ARG,1997,104.82397
Argentina,ARG,1998,102.4107
Argentina,ARG,1999,109.19676
Argentina,ARG,2000,113.71667
Argentina,ARG,2001,115.779144
Argentina,ARG,2002,123.10307
Argentina,ARG,2003,116.718124
Argentina,ARG,2004,118.618866
Argentina,ARG,2005,124.51886
Argentina,ARG,2006,140.68306
Argentina,ARG,2007,142.01398
Argentina,ARG,2008,154.10344
Argentina,ARG,2009,166.91074
Argentina,ARG,2010,173.2593
Argentina,ARG,2011,182.72104
Argentina,ARG,2012,185.08542
Argentina,ARG,2013,186.58083
Argentina,ARG,2014,193.62186
Argentina,ARG,2015,193.0611
Argentina,ARG,2016,195.94371
Argentina,ARG,2017,198.5595
Argentina,ARG,2018,206.79642
Argentina,ARG,2019,205.09094
Argentina,ARG,2020,221.26965
Argentina,ARG,2021,220.26546
Argentina,ARG,2022,200.89409
Armenia,ARM,1996,101.60931
Armenia,ARM,1997,80.75067
Armenia,ARM,1998,86.40441
Armenia,ARM,1999,84.131966
Armenia,ARM,2000,108.05005
Armenia,ARM,2001,100.62894
Armenia,ARM,2002,99.71248
Armenia,ARM,2003,101.63394
Armenia,ARM,2004,108.888115
Armenia,ARM,2005,125.524414
Armenia,ARM,2006,114.646164
Armenia,ARM,2007,130.62689
Armenia,ARM,2008,124.663925
Armenia,ARM,2009,143.06262
Armenia,ARM,2010,162.24054
Armenia,ARM,2011,194.42848
Armenia,ARM,2012,181.53499
Armenia,ARM,2013,176.1648
Armenia,ARM,2014,179.41138
Armenia,ARM,2015,177.73747
Armenia,ARM,2016,179.45392
Armenia,ARM,2017,181.0096
Armenia,ARM,2018,176.68239
Armenia,ARM,2019,211.6557
Armenia,ARM,2020,210.1604
Armenia,ARM,2021,194.49077
Armenia,ARM,2022,220.69917
Australia,AUS,1996,1141.3177
Australia,AUS,1997,1179.3778
Australia,AUS,1998,1181.3173
Australia,AUS,1999,1180.4534
Australia,AUS,2000,1234.7566
Australia,AUS,2001,1243.5964
Australia,AUS,2002,1256.8375
Australia,AUS,2003,1312.1771
Australia,AUS,2004,1406.3904
Australia,AUS,2005,1585.7272
Australia,AUS,2006,1678.1656
Australia,AUS,2007,1743.6201
Australia,AUS,2008,1777.3828
Australia,AUS,2009,1822.6992
Australia,AUS,2010,1910.7252
Australia,AUS,2011,2031.0767
Australia,AUS,2012,2055.475
Australia,AUS,2013,2201.7
Australia,AUS,2014,2251.4644
Australia,AUS,2015,2277.26
Australia,AUS,2016,2280.7664
Australia,AUS,2017,2245.3855
Australia,AUS,2018,2270.9924
Australia,AUS,2019,2319.7422
Australia,AUS,2020,2295.2288
Australia,AUS,2021,2412.8853
Australia,AUS,2022,2394.623
Austria,AUT,1996,747.53326
Austria,AUT,1997,791.1769
Austria,AUT,1998,780.0507
Austria,AUT,1999,783.8358
Austria,AUT,2000,825.63135
Austria,AUT,2001,879.48303
Austria,AUT,2002,928.686
Austria,AUT,2003,981.6593
Austria,AUT,2004,998.22125
Austria,AUT,2005,1095.431
Austria,AUT,2006,1116.9417
Austria,AUT,2007,1197.151
Austria,AUT,2008,1252.9393
Austria,AUT,2009,1315.7335
Austria,AUT,2010,1340.5463
Austria,AUT,2011,1406.9747
Austria,AUT,2012,1445.0454
Austria,AUT,2013,1464.0388
Austria,AUT,2014,1478.1458
Austria,AUT,2015,1520.0205
Austria,AUT,2016,1485.2722
Austria,AUT,2017,1485.8961
Austria,AUT,2018,1484.2213
Austria,AUT,2019,1543.7156
Austria,AUT,2020,1570.6654
Austria,AUT,2021,1671.5028
Austria,AUT,2022,1607.7549
Azerbaijan,AZE,1996,28.455494
Azerbaijan,AZE,1997,26.910343
Azerbaijan,AZE,1998,21.74523
Azerbaijan,AZE,1999,20.744732
Azerbaijan,AZE,2000,19.725168
Azerbaijan,AZE,2001,20.788538
Azerbaijan,AZE,2002,31.313211
Azerbaijan,AZE,2003,34.89999
Azerbaijan,AZE,2004,44.52778
Azerbaijan,AZE,2005,42.84276
Azerbaijan,AZE,2006,33.66236
Azerbaijan,AZE,2007,48.481
Azerbaijan,AZE,2008,55.067665
Azerbaijan,AZE,2009,70.51446
Azerbaijan,AZE,2010,66.695145
Azerbaijan,AZE,2011,69.85111
Azerbaijan,AZE,2012,73.14821
Azerbaijan,AZE,2013,50.597862
Azerbaijan,AZE,2014,41.034794
Azerbaijan,AZE,2015,46.629093
Azerbaijan,AZE,2016,60.76567
Azerbaijan,AZE,2017,74.296486
Azerbaijan,AZE,2018,81.55922
Azerbaijan,AZE,2019,92.19014
Azerbaijan,AZE,2020,102.43412
Azerbaijan,AZE,2021,100.04982
Azerbaijan,AZE,2022,115.81525
Bahamas,BHS,1996,9.468831
Bahamas,BHS,1997,9.906594
Bahamas,BHS,1998,13.000685
Bahamas,BHS,1999,8.44769
Bahamas,BHS,2000,5.249587
Bahamas,BHS,2001,15.831086
Bahamas,BHS,2002,15.469793
Bahamas,BHS,2003,10.905255
Bahamas,BHS,2004,8.917482
Bahamas,BHS,2005,21.431023
Bahamas,BHS,2006,17.567276
Bahamas,BHS,2007,31.528244
Bahamas,BHS,2008,16.89378
Bahamas,BHS,2009,27.09407
Bahamas,BHS,2010,25.035511
Bahamas,BHS,2011,28.99962
Bahamas,BHS,2012,21.33332
Bahamas,BHS,2013,49.84787
Bahamas,BHS,2014,41.564434
Bahamas,BHS,2015,33.13905
Bahamas,BHS,2016,35.845432
Bahamas,BHS,2017,53.215874
Bahamas,BHS,2018,52.55693
Bahamas,BHS,2019,48.140877
Bahamas,BHS,2020,54.10963
Bahamas,BHS,2021,55.856476
Bahamas,BHS,2022,44.64982
Bahrain,BHR,1996,161.7485
Bahrain,BHR,1997,120.92715
Bahrain,BHR,1998,150.32025
Bahrain,BHR,1999,144.914
Bahrain,BHR,2000,134.14745
Bahrain,BHR,2001,126.65655
Bahrain,BHR,2002,99.92217
Bahrain,BHR,2003,173.71751
Bahrain,BHR,2004,172.96698
Bahrain,BHR,2005,181.73492
Bahrain,BHR,2006,189.59334
Bahrain,BHR,2007,170.53868
Bahrain,BHR,2008,145.20215
Bahrain,BHR,2009,160.98743
Bahrain,BHR,2010,173.3761
Bahrain,BHR,2011,151.44516
Bahrain,BHR,2012,131.9394
Bahrain,BHR,2013,193.03522
Bahrain,BHR,2014,163.21025
Bahrain,BHR,2015,131.98358
Bahrain,BHR,2016,164.90532
Bahrain,BHR,2017,170.25334
Bahrain,BHR,2018,224.84999
Bahrain,BHR,2019,313.8454
Bahrain,BHR,2020,345.74014
Bahrain,BHR,2021,432.30862
Bahrain,BHR,2022,440.4821
Bangladesh,BGD,1996,2.9511738
Bangladesh,BGD,1997,3.115456
Bangladesh,BGD,1998,3.0068893
Bangladesh,BGD,1999,3.0827794
Bangladesh,BGD,2000,3.3014405
Bangladesh,BGD,2001,3.1744266
Bangladesh,BGD,2002,3.0286398
Bangladesh,BGD,2003,3.5017292
Bangladesh,BGD,2004,3.7179103
Bangladesh,BGD,2005,4.1001053
Bangladesh,BGD,2006,5.0558047
Bangladesh,BGD,2007,5.88671
Bangladesh,BGD,2008,7.0680394
Bangladesh,BGD,2009,7.6831803
Bangladesh,BGD,2010,9.375436
Bangladesh,BGD,2011,9.05951
Bangladesh,BGD,2012,12.3902025
Bangladesh,BGD,2013,11.418869
Bangladesh,BGD,2014,15.245536
Bangladesh,BGD,2015,13.694921
Bangladesh,BGD,2016,16.111864
Bangladesh,BGD,2017,19.27939
Bangladesh,BGD,2018,19.461714
Bangladesh,BGD,2019,31.56142
Bangladesh,BGD,2020,30.796999
Bangladesh,BGD,2021,45.042534
Bangladesh,BGD,2022,41.657608
Barbados,BRB,1996,73.39372
Barbados,BRB,1997,93.37175
Barbados,BRB,1998,111.22712
Barbados,BRB,1999,109.97383
Barbados,BRB,2000,106.043205
Barbados,BRB,2001,164.1612
Barbados,BRB,2002,143.85875
Barbados,BRB,2003,173.49196
Barbados,BRB,2004,202.35841
Barbados,BRB,2005,137.95747
Barbados,BRB,2006,184.10974
Barbados,BRB,2007,183.53189
Barbados,BRB,2008,169.18823
Barbados,BRB,2009,137.27415
Barbados,BRB,2010,109.212585
Barbados,BRB,2011,129.71729
Barbados,BRB,2012,175.09335
Barbados,BRB,2013,150.64917
Barbados,BRB,2014,163.35666
Barbados,BRB,2015,197.74902
Barbados,BRB,2016,194.27893
Barbados,BRB,2017,179.03352
Barbados,BRB,2018,171.77809
Barbados,BRB,2019,191.10478
Barbados,BRB,2020,219.84537
Barbados,BRB,2021,196.74141
Barbados,BRB,2022,256.37756
Belarus,BLR,1996,126.5349
Belarus,BLR,1997,133.70486
Belarus,BLR,1998,130.30032
Belarus,BLR,1999,113.0577
Belarus,BLR,2000,120.5478
Belarus,BLR,2001,133.97325
Belarus,BLR,2002,134.35544
Belarus,BLR,2003,130.56065
Belarus,BLR,2004,132.10182
Belarus,BLR,2005,138.60014
Belarus,BLR,2006,125.99371
Belarus,BLR,2007,137.02504
Belarus,BLR,2008,112.37738
Belarus,BLR,2009,126.812515
Belarus,BLR,2010,111.18285
Belarus,BLR,2011,117.8326
Belarus,BLR,2012,110.41792
Belarus,BLR,2013,117.231316
Belarus,BLR,2014,112.179535
Belarus,BLR,2015,104.457466
Belarus,BLR,2016,106.46422
Belarus,BLR,2017,114.21728
Belarus,BLR,2018,130.18732
Belarus,BLR,2019,159.49773
Belarus,BLR,2020,162.18953
Belarus,BLR,2021,171.67593
Belarus,BLR,2022,164.64655
Belgium,BEL,1996,869.0485
Belgium,BEL,1997,884.8653
Belgium,BEL,1998,922.23193
Belgium,BEL,1999,904.0232
Belgium,BEL,2000,935.7902
Belgium,BEL,2001,967.37976
Belgium,BEL,2002,991.2981
Belgium,BEL,2003,1048.913
Belgium,BEL,2004,1106.9377
Belgium,BEL,2005,1218.3038
Belgium,BEL,2006,1233.8501
Belgium,BEL,2007,1282.0416
Belgium,BEL,2008,1338.2583
Belgium,BEL,2009,1370.7831
Belgium,BEL,2010,1384.0779
Belgium,BEL,2011,1411.7329
Belgium,BEL,2012,1470.0585
Belgium,BEL,2013,1486.6335
Belgium,BEL,2014,1506.6556
Belgium,BEL,2015,1483.963
Belgium,BEL,2016,1481.9464
Belgium,BEL,2017,1433.4694
Belgium,BEL,2018,1446.5626
Belgium,BEL,2019,1448.7673
Belgium,BEL,2020,1468.7627
Belgium,BEL,2021,1581.1559
Belgium,BEL,2022,1507.8754
Belize,BLZ,1996,9.319576
Belize,BLZ,1997,15.084205
Belize,BLZ,1998,17.542068
Belize,BLZ,1999,9.568393
Belize,BLZ,2000,2.5747616
Belize,BLZ,2001,8.052211
Belize,BLZ,2002,7.4606752
Belize,BLZ,2003,18.045341
Belize,BLZ,2004,18.109007
Belize,BLZ,2005,20.841452
Belize,BLZ,2006,16.77794
Belize,BLZ,2007,7.5312395
Belize,BLZ,2008,11.959483
Belize,BLZ,2009,27.22207
Belize,BLZ,2010,33.786633
Belize,BLZ,2011,6.905022
Belize,BLZ,2012,24.819536
Belize,BLZ,2013,22.68556
Belize,BLZ,2014,14.7883625
Belize,BLZ,2015,21.440619
Belize,BLZ,2016,16.12262
Belize,BLZ,2017,30.948387
Belize,BLZ,2018,25.616343
Belize,BLZ,2019,26.4625
Belize,BLZ,2020,45.085617
Belize,BLZ,2021,31.668465
Belize,BLZ,2022,44.049034
Benin,BEN,1996,4.460362
Benin,BEN,1997,6.9797134
Benin,BEN,1998,5.9356456
Benin,BEN,1999,6.0689855
Benin,BEN,2000,6.2977567
Benin,BEN,2001,5.757766
Benin,BEN,2002,5.8276896
Benin,BEN,2003,5.866244
Benin,BEN,2004,7.4567103
Benin,BEN,2005,7.232252
Benin,BEN,2006,8.9253235
Benin,BEN,2007,10.494787
Benin,BEN,2008,10.059093
Benin,BEN,2009,12.369836
Benin,BEN,2010,10.777256
Benin,BEN,2011,12.770439
Benin,BEN,2012,13.781951
Benin,BEN,2013,16.694628
Benin,BEN,2014,16.275606
Benin,BEN,2015,15.844121
Benin,BEN,2016,14.816409
Benin,BEN,2017,17.246162
Benin,BEN,2018,18.828512
Benin,BEN,2019,21.762028
Benin,BEN,2020,24.267475
Benin,BEN,2021,28.449871
Benin,BEN,2022,30.065771
Bhutan,BTN,1996,4.482638
Bhutan,BTN,1997,5.6739163
Bhutan,BTN,1998,4.5659294
Bhutan,BTN,1999,1.6478451
Bhutan,BTN,2000,1.8094605
Bhutan,BTN,2001,1.6372132
Bhutan,BTN,2002,9.977435
Bhutan,BTN,2003,5.739709
Bhutan,BTN,2004,14.387958
Bhutan,BTN,2005,9.035075
Bhutan,BTN,2006,25.909399
Bhutan,BTN,2007,12.642914
Bhutan,BTN,2008,9.67435
Bhutan,BTN,2009,13.761045
Bhutan,BTN,2010,26.310087
Bhutan,BTN,2011,22.907425
Bhutan,BTN,2012,22.613235
Bhutan,BTN,2013,38.881912
Bhutan,BTN,2014,38.68298
Bhutan,BTN,2015,35.30835
Bhutan,BTN,2016,58.39281
Bhutan,BTN,2017,63.14171
Bhutan,BTN,2018,69.758965
Bhutan,BTN,2019,73.29791
Bhutan,BTN,2020,106.713455
Bhutan,BTN,2021,135.44533
Bhutan,BTN,2022,147.6475
Bolivia,BOL,1996,3.581519
Bolivia,BOL,1997,4.8139668
Bolivia,BOL,1998,4.697239
Bolivia,BOL,1999,6.361848
Bolivia,BOL,2000,4.394442
Bolivia,BOL,2001,4.829347
Bolivia,BOL,2002,5.23687
Bolivia,BOL,2003,5.6128254
Bolivia,BOL,2004,5.062858
Bolivia,BOL,2005,6.8028708
Bolivia,BOL,2006,7.3222303
Bolivia,BOL,2007,8.873669
Bolivia,BOL,2008,9.527089
Bolivia,BOL,2009,8.524127
Bolivia,BOL,2010,7.800757
Bolivia,BOL,2011,7.9699073
Bolivia,BOL,2012,8.187674
Bolivia,BOL,2013,8.474523
Bolivia,BOL,2014,8.246006
Bolivia,BOL,2015,8.096449
Bolivia,BOL,2016,8.3032055
Bolivia,BOL,2017,8.162483
Bolivia,BOL,2018,9.616481
Bolivia,BOL,2019,11.483641
Bolivia,BOL,2020,15.101175
Bolivia,BOL,2021,14.767921
Bolivia,BOL,2022,15.568237
Bosnia and Herzegovina,BIH,1996,8.559456
Bosnia and Herzegovina,BIH,1997,10.7186575
Bosnia and Herzegovina,BIH,1998,10.375717
Bosnia and Herzegovina,BIH,1999,25.91092
Bosnia and Herzegovina,BIH,2000,18.412071
Bosnia and Herzegovina,BIH,2001,16.42326
Bosnia and Herzegovina,BIH,2002,27.19913
Bosnia and Herzegovina,BIH,2003,37.271545
Bosnia and Herzegovina,BIH,2004,50.463814
Bosnia and Herzegovina,BIH,2005,62.582798
Bosnia and Herzegovina,BIH,2006,73.411285
Bosnia and Herzegovina,BIH,2007,80.96578
Bosnia and Herzegovina,BIH,2008,101.02483
Bosnia and Herzegovina,BIH,2009,118.13514
Bosnia and Herzegovina,BIH,2010,129.01315
Bosnia and Herzegovina,BIH,2011,147.30351
Bosnia and Herzegovina,BIH,2012,149.94633
Bosnia and Herzegovina,BIH,2013,135.7378
Bosnia and Herzegovina,BIH,2014,137.90562
Bosnia and Herzegovina,BIH,2015,166.0262
Bosnia and Herzegovina,BIH,2016,168.41908
Bosnia and Herzegovina,BIH,2017,218.43088
Bosnia and Herzegovina,BIH,2018,224.7328
Bosnia and Herzegovina,BIH,2019,247.93956
Bosnia and Herzegovina,BIH,2020,304.52066
Bosnia and Herzegovina,BIH,2021,346.0777
Bosnia and Herzegovina,BIH,2022,324.31332
Botswana,BWA,1996,48.498806
Botswana,BWA,1997,46.484962
Botswana,BWA,1998,54.63318
Botswana,BWA,1999,54.09267
Botswana,BWA,2000,66.69917
Botswana,BWA,2001,59.850937
Botswana,BWA,2002,69.40198
Botswana,BWA,2003,68.89537
Botswana,BWA,2004,73.82912
Botswana,BWA,2005,67.18384
Botswana,BWA,2006,98.76683
Botswana,BWA,2007,79.7509
Botswana,BWA,2008,84.9808
Botswana,BWA,2009,84.22278
Botswana,BWA,2010,80.6498
Botswana,BWA,2011,80.914955
Botswana,BWA,2012,75.87438
Botswana,BWA,2013,78.22273
Botswana,BWA,2014,94.28446
Botswana,BWA,2015,74.2804
Botswana,BWA,2016,105.61237
Botswana,BWA,2017,105.962425
Botswana,BWA,2018,124.050674
Botswana,BWA,2019,132.30661
Botswana,BWA,2020,137.06024
Botswana,BWA,2021,160.9367
Botswana,BWA,2022,160.94565
Brazil,BRA,1996,46.56353
Brazil,BRA,1997,55.82256
Brazil,BRA,1998,62.061134
Brazil,BRA,1999,66.556206
Brazil,BRA,2000,73.55756
Brazil,BRA,2001,78.92573
Brazil,BRA,2002,90.511284
Brazil,BRA,2003,98.16386
Brazil,BRA,2004,109.26813
Brazil,BRA,2005,121.611626
Brazil,BRA,2006,153.27927
Brazil,BRA,2007,165.2249
Brazil,BRA,2008,186.87039
Brazil,BRA,2009,200.49458
Brazil,BRA,2010,215.58914
Brazil,BRA,2011,226.1084
Brazil,BRA,2012,244.65207
Brazil,BRA,2013,252.91
Brazil,BRA,2014,261.72375
Brazil,BRA,2015,265.2986
Brazil,BRA,2016,274.18384
Brazil,BRA,2017,288.92053
Brazil,BRA,2018,306.29736
Brazil,BRA,2019,320.58047
Brazil,BRA,2020,337.82318
Brazil,BRA,2021,351.83603
Brazil,BRA,2022,318.72824
Brunei,BRN,1996,117.03925
Brunei,BRN,1997,87.377716
Brunei,BRN,1998,133.20102
Brunei,BRN,1999,116.339134
Brunei,BRN,2000,117.20951
Brunei,BRN,2001,95.99664
Brunei,BRN,2002,71.36157
Brunei,BRN,2003,108.64391
Brunei,BRN,2004,107.3075
Brunei,BRN,2005,97.905914
Brunei,BRN,2006,114.24246
Brunei,BRN,2007,118.12669
Brunei,BRN,2008,134.12106
Brunei,BRN,2009,132.51003
Brunei,BRN,2010,148.24179
Brunei,BRN,2011,199.52979
Brunei,BRN,2012,286.988
Brunei,BRN,2013,299.1717
Brunei,BRN,2014,446.43073
Brunei,BRN,2015,412.37576
Brunei,BRN,2016,515.6421
Brunei,BRN,2017,464.33224
Brunei,BRN,2018,672.415
Brunei,BRN,2019,519.63043
Brunei,BRN,2020,654.06213
Brunei,BRN,2021,741.9624
Brunei,BRN,2022,909.9853
Bulgaria,BGR,1996,228.35701
Bulgaria,BGR,1997,210.93668
Bulgaria,BGR,1998,213.72722
Bulgaria,BGR,1999,219.23303
Bulgaria,BGR,2000,205.24292
Bulgaria,BGR,2001,206.98598
Bulgaria,BGR,2002,214.48328
Bulgaria,BGR,2003,220.47047
Bulgaria,BGR,2004,239.75037
Bulgaria,BGR,2005,265.42728
Bulgaria,BGR,2006,254.18819
Bulgaria,BGR,2007,327.30014
Bulgaria,BGR,2008,313.0185
Bulgaria,BGR,2009,360.4017
Bulgaria,BGR,2010,352.4096
Bulgaria,BGR,2011,334.63394
Bulgaria,BGR,2012,362.57193
Bulgaria,BGR,2013,374.36285
Bulgaria,BGR,2014,376.3134
Bulgaria,BGR,2015,365.79147
Bulgaria,BGR,2016,369.05118
Bulgaria,BGR,2017,435.63812
Bulgaria,BGR,2018,502.9745
Bulgaria,BGR,2019,650.24
Bulgaria,BGR,2020,695.9871
Bulgaria,BGR,2021,746.69824
Bulgaria,BGR,2022,739.9935
Burkina Faso,BFA,1996,3.4459648
Burkina Faso,BFA,1997,4.774002
Burkina Faso,BFA,1998,7.5422587
Burkina Faso,BFA,1999,5.323575
Burkina Faso,BFA,2000,4.0669
Burkina Faso,BFA,2001,5.1988606
Burkina Faso,BFA,2002,5.6628485
Burkina Faso,BFA,2003,5.8505497
Burkina Faso,BFA,2004,5.2827544
Burkina Faso,BFA,2005,5.2052364
Burkina Faso,BFA,2006,6.9133177
Burkina Faso,BFA,2007,7.097585
Burkina Faso,BFA,2008,7.8253555
Burkina Faso,BFA,2009,8.213841
Burkina Faso,BFA,2010,7.6988235
Burkina Faso,BFA,2011,9.013974
Burkina Faso,BFA,2012,11.006105
Burkina Faso,BFA,2013,9.260593
Burkina Faso,BFA,2014,9.289358
Burkina Faso,BFA,2015,10.277201
Burkina Faso,BFA,2016,10.65123
Burkina Faso,BFA,2017,10.501946
Burkina Faso,BFA,2018,12.472179
Burkina Faso,BFA,2019,12.48691
Burkina Faso,BFA,2020,12.180445
Burkina Faso,BFA,2021,15.085534
Burkina Faso,BFA,2022,18.26955
Burundi,BDI,1996,1.6176575
Burundi,BDI,1997,2.1993258
Burundi,BDI,1998,0.61579657
Burundi,BDI,1999,0.96257704
Burundi,BDI,2000,0.25501552
Burundi,BDI,2001,0.53961456
Burundi,BDI,2002,0.13628107
Burundi,BDI,2003,0.6275598
Burundi,BDI,2004,0.6866689
Burundi,BDI,2005,0.56673664
Burundi,BDI,2006,0.71577984
Burundi,BDI,2007,0.5488936
Burundi,BDI,2008,0.29862547
Burundi,BDI,2009,0.3721649
Burundi,BDI,2010,1.3192635
Burundi,BDI,2011,1.0310787
Burundi,BDI,2012,1.0574888
Burundi,BDI,2013,1.3679024
Burundi,BDI,2014,1.1953942
Burundi,BDI,2015,1.1314695
Burundi,BDI,2016,1.0427556
Burundi,BDI,2017,1.1462824
Burundi,BDI,2018,1.720991
Burundi,BDI,2019,2.4397535
Burundi,BDI,2020,2.793049
Burundi,BDI,2021,2.0770538
Burundi,BDI,2022,2.1011782
Cambodia,KHM,1996,0.45735362
Cambodia,KHM,1997,0.5868128
Cambodia,KHM,1998,0.7289662
Cambodia,KHM,1999,0.8299546
Cambodia,KHM,2000,0.97493756
Cambodia,KHM,2001,1.0459388
Cambodia,KHM,2002,1.8856122
Cambodia,KHM,2003,1.832048
Cambodia,KHM,2004,2.759588
Cambodia,KHM,2005,2.6430142
Cambodia,KHM,2006,3.2502317
Cambodia,KHM,2007,3.7430186
Cambodia,KHM,2008,3.6603036
Cambodia,KHM,2009,4.5682473
Cambodia,KHM,2010,3.8515313
Cambodia,KHM,2011,4.8469753
Cambodia,KHM,2012,5.169593
Cambodia,KHM,2013,5.6287956
Cambodia,KHM,2014,6.0688047
Cambodia,KHM,2015,7.1361585
Cambodia,KHM,2016,7.898288
Cambodia,KHM,2017,7.7905245
Cambodia,KHM,2018,9.074306
Cambodia,KHM,2019,8.840927
Cambodia,KHM,2020,9.748603
Cambodia,KHM,2021,10.089367
Cambodia,KHM,2022,11.812769
Cameroon,CMR,1996,8.7582655
Cameroon,CMR,1997,9.452485
Cameroon,CMR,1998,9.18779
Cameroon,CMR,1999,8.413689
Cameroon,CMR,2000,7.9174495
Cameroon,CMR,2001,9.9422
Cameroon,CMR,2002,12.187826
Cameroon,CMR,2003,13.159995
Cameroon,CMR,2004,12.81299
Cameroon,CMR,2005,16.624699
Cameroon,CMR,2006,18.024082
Cameroon,CMR,2007,16.711454
Cameroon,CMR,2008,17.149729
Cameroon,CMR,2009,18.002012
Cameroon,CMR,2010,18.05363
Cameroon,CMR,2011,19.871193
Cameroon,CMR,2012,19.629469
Cameroon,CMR,2013,21.89056
Cameroon,CMR,2014,25.616623
Cameroon,CMR,2015,26.207405
Cameroon,CMR,2016,28.714733
Cameroon,CMR,2017,32.985336
Cameroon,CMR,2018,35.203037
Cameroon,CMR,2019,36.59831
Cameroon,CMR,2020,42.277237
Cameroon,CMR,2021,49.727745
Cameroon,CMR,2022,54.501595
Canada,CAN,1996,1176.2771
Canada,CAN,1997,1146.763
Canada,CAN,1998,1098.2424
Canada,CAN,1999,1068.82
Canada,CAN,2000,1116.2378
Canada,CAN,2001,1084.865
Canada,CAN,2002,1162.6525
Canada,CAN,2003,1223.7405
Canada,CAN,2004,1334.8455
Canada,CAN,2005,1483.8993
Canada,CAN,2006,1553.703
Canada,CAN,2007,1580.4579
Canada,CAN,2008,1617.5634
Canada,CAN,2009,1661.5095
Canada,CAN,2010,1670.1003
Canada,CAN,2011,1680.7495
Canada,CAN,2012,1721.5709
Canada,CAN,2013,1712.4609
Canada,CAN,2014,1717.5269
Canada,CAN,2015,1719.4366
Canada,CAN,2016,1698.221
Canada,CAN,2017,1685.6351
Canada,CAN,2018,1716.859
Canada,CAN,2019,1715.8228
Canada,CAN,2020,1717.9567
Canada,CAN,2021,1822.2913
Canada,CAN,2022,1773.474
Cape Verde,CPV,1996,1.2453563
Cape Verde,CPV,1997,1.1552733
Cape Verde,CPV,1998,0.45476872
Cape Verde,CPV,1999,3.3145287
Cape Verde,CPV,2000,0.5514905
Cape Verde,CPV,2001,1.4555947
Cape Verde,CPV,2002,0.36398986
Cape Verde,CPV,2003,2.9363115
Cape Verde,CPV,2004,1.5645535
Cape Verde,CPV,2005,0.76270574
Cape Verde,CPV,2006,8.436445
Cape Verde,CPV,2007,7.3963604
Cape Verde,CPV,2008,4.9266486
Cape Verde,CPV,2009,9.9577
Cape Verde,CPV,2010,5.982926
Cape Verde,CPV,2011,5.2791395
Cape Verde,CPV,2012,7.578791
Cape Verde,CPV,2013,14.83723
Cape Verde,CPV,2014,17.118008
Cape Verde,CPV,2015,23.126736
Cape Verde,CPV,2016,17.129902
Cape Verde,CPV,2017,27.764074
Cape Verde,CPV,2018,17.412813
Cape Verde,CPV,2019,27.03733
Cape Verde,CPV,2020,40.607834
Cape Verde,CPV,2021,45.67898
Cape Verde,CPV,2022,42.348015
Central African Republic,CAF,1996,2.4359968
Central African Republic,CAF,1997,2.9277685
Central African Republic,CAF,1998,3.8276832
Central African Republic,CAF,1999,2.633096
Central African Republic,CAF,2000,1.599096
Central African Republic,CAF,2001,1.7527803
Central African Republic,CAF,2002,0.9285892
Central African Republic,CAF,2003,2.5371146
Central African Republic,CAF,2004,2.4804273
Central African Republic,CAF,2005,1.9492586
Central African Republic,CAF,2006,3.0267873
Central African Republic,CAF,2007,1.8844798
Central African Republic,CAF,2008,2.2241797
Central African Republic,CAF,2009,2.439807
Central African Republic,CAF,2010,3.169378
Central African Republic,CAF,2011,3.3450012
Central African Republic,CAF,2012,2.2945888
Central African Republic,CAF,2013,2.7119482
Central African Republic,CAF,2014,3.7247071
Central African Republic,CAF,2015,2.7325826
Central African Republic,CAF,2016,5.817132
Central African Republic,CAF,2017,3.8489535
Central African Republic,CAF,2018,4.4868903
Central African Republic,CAF,2019,3.3854408
Central African Republic,CAF,2020,3.8912766
Central African Republic,CAF,2021,2.9870307
Central African Republic,CAF,2022,3.8877692
Chad,TCD,1996,0.13630031
Chad,TCD,1997,0.4237086
Chad,TCD,1998,0.18894447
Chad,TCD,1999,0.43537983
Chad,TCD,2000,0.32776898
Chad,TCD,2001,0.51225996
Chad,TCD,2002,0.48485157
Chad,TCD,2003,0.47850758
Chad,TCD,2004,1.1612861
Chad,TCD,2005,0.87528265
Chad,TCD,2006,0.9256125
Chad,TCD,2007,0.3898333
Chad,TCD,2008,0.54111534
Chad,TCD,2009,0.78192306
Chad,TCD,2010,0.31187627
Chad,TCD,2011,0.5535086
Chad,TCD,2012,0.34516695
Chad,TCD,2013,0.36593172
Chad,TCD,2014,0.6103458
Chad,TCD,2015,0.6390116
Chad,TCD,2016,0.70395255
Chad,TCD,2017,0.9678188
Chad,TCD,2018,1.0453976
Chad,TCD,2019,0.8588438
Chad,TCD,2020,0.7872426
Chad,TCD,2021,1.3843181
Chad,TCD,2022,1.564319
Chile,CHL,1996,87.80006
Chile,CHL,1997,95.28587
Chile,CHL,1998,90.31585
Chile,CHL,1999,97.8399
Chile,CHL,2000,100.12362
Chile,CHL,2001,104.9685
Chile,CHL,2002,129.91737
Chile,CHL,2003,131.04852
Chile,CHL,2004,138.88708
Chile,CHL,2005,154.9914
Chile,CHL,2006,189.73488
Chile,CHL,2007,197.56975
Chile,CHL,2008,223.25214
Chile,CHL,2009,234.0572
Chile,CHL,2010,246.51683
Chile,CHL,2011,261.33405
Chile,CHL,2012,288.77307
Chile,CHL,2013,288.30432
Chile,CHL,2014,328.6697
Chile,CHL,2015,341.39893
Chile,CHL,2016,370.8824
Chile,CHL,2017,372.95703
Chile,CHL,2018,400.80154
Chile,CHL,2019,417.3501
Chile,CHL,2020,466.28647
Chile,CHL,2021,513.5027
Chile,CHL,2022,463.2411
China,CHN,1996,27.61374
China,CHN,1997,30.424812
China,CHN,1998,35.24768
China,CHN,1999,36.074806
China,CHN,2000,42.20092
China,CHN,2001,55.569084
China,CHN,2002,58.709137
China,CHN,2003,68.75588
China,CHN,2004,93.93835
China,CHN,2005,127.22606
China,CHN,2006,147.12328
China,CHN,2007,162.11444
China,CHN,2008,187.3093
China,CHN,2009,214.65054
China,CHN,2010,231.1372
China,CHN,2011,240.38914
China,CHN,2012,242.99942
China,CHN,2013,260.88626
China,CHN,2014,280.71436
China,CHN,2015,294.76462
China,CHN,2016,314.6107
China,CHN,2017,335.70242
China,CHN,2018,379.4628
China,CHN,2019,438.64087
China,CHN,2020,476.74487
China,CHN,2021,542.4966
China,CHN,2022,636.57056
Colombia,COL,1996,9.940283
Colombia,COL,1997,10.943088
Colombia,COL,1998,10.447668
Colombia,COL,1999,12.044511
Colombia,COL,2000,13.698667
Colombia,COL,2001,13.438679
Colombia,COL,2002,16.884201
Colombia,COL,2003,17.417557
Colombia,COL,2004,20.65538
Colombia,COL,2005,23.462948
Colombia,COL,2006,33.95463
Colombia,COL,2007,36.129906
Colombia,COL,2008,53.884693
Colombia,COL,2009,61.120754
Colombia,COL,2010,70.79008
Colombia,COL,2011,78.258064
Colombia,COL,2012,89.180084
Colombia,COL,2013,98.05081
Colombia,COL,2014,107.23256
Colombia,COL,2015,114.61586
Colombia,COL,2016,135.2767
Colombia,COL,2017,139.2273
Colombia,COL,2018,153.63716
Colombia,COL,2019,175.37915
Colombia,COL,2020,189.60657
Colombia,COL,2021,201.2205
Colombia,COL,2022,187.16245
Comoros,COM,1996,1.8032205
Comoros,COM,1997,2.5404851
Comoros,COM,1998,0.25164682
Comoros,COM,1999,2.376941
Comoros,COM,2000,1.8280854
Comoros,COM,2001,0.36548373
Comoros,COM,2002,0.35783106
Comoros,COM,2003,0.57915264
Comoros,COM,2004,2.0147958
Comoros,COM,2005,4.049423
Comoros,COM,2006,1.9346741
Comoros,COM,2007,5.8191648
Comoros,COM,2008,1.1758966
Comoros,COM,2009,1.1838983
Comoros,COM,2010,3.2832649
Comoros,COM,2011,5.9126782
Comoros,COM,2012,1.760486
Comoros,COM,2013,12.826921
Comoros,COM,2014,2.122268
Comoros,COM,2015,2.394445
Comoros,COM,2016,6.525189
Comoros,COM,2017,5.1409535
Comoros,COM,2018,3.978797
Comoros,COM,2019,4.81834
Comoros,COM,2020,4.3756695
Comoros,COM,2021,5.8911676
Comoros,COM,2022,4.483402
Congo,COG,1996,8.592801
Congo,COG,1997,3.9094665
Congo,COG,1998,7.001888
Congo,COG,1999,7.586863
Congo,COG,2000,5.5055857
Congo,COG,2001,4.8280587
Congo,COG,2002,7.14164
Congo,COG,2003,10.0384445
Congo,COG,2004,11.510133
Congo,COG,2005,12.341761
Congo,COG,2006,12.036767
Congo,COG,2007,11.652008
Congo,COG,2008,11.831724
Congo,COG,2009,9.436565
Congo,COG,2010,9.268784
Congo,COG,2011,9.981074
Congo,COG,2012,11.484141
Congo,COG,2013,10.574213
Congo,COG,2014,14.180406
Congo,COG,2015,15.322954
Congo,COG,2016,14.671034
Congo,COG,2017,12.472409
Congo,COG,2018,11.347558
Congo,COG,2019,13.6682625
Congo,COG,2020,13.162307
Congo,COG,2021,15.050449
Congo,COG,2022,14.977372
Costa Rica,CRI,1996,43.782654
Costa Rica,CRI,1997,45.100765
Costa Rica,CRI,1998,41.712067
Costa Rica,CRI,1999,32.896603
Costa Rica,CRI,2000,30.939075
Costa Rica,CRI,2001,42.180653
Costa Rica,CRI,2002,39.7649
Costa Rica,CRI,2003,37.32739
Costa Rica,CRI,2004,52.203793
Costa Rica,CRI,2005,51.503788
Costa Rica,CRI,2006,52.483723
Costa Rica,CRI,2007,53.152245
Costa Rica,CRI,2008,55.573624
Costa Rica,CRI,2009,55.751476
Costa Rica,CRI,2010,59.805153
Costa Rica,CRI,2011,57.80036
Costa Rica,CRI,2012,66.83199
Costa Rica,CRI,2013,58.40573
Costa Rica,CRI,2014,76.64797
Costa Rica,CRI,2015,75.36055
Costa Rica,CRI,2016,87.42555
Costa Rica,CRI,2017,98.4475
Costa Rica,CRI,2018,109.39893
Costa Rica,CRI,2019,126.3993
Costa Rica,CRI,2020,139.50046
Costa Rica,CRI,2021,148.82051
Costa Rica,CRI,2022,139.98286
Cote d'Ivoire,CIV,1996,5.1190524
Cote d'Ivoire,CIV,1997,7.160141
Cote d'Ivoire,CIV,1998,5.952371
Cote d'Ivoire,CIV,1999,6.2790666
Cote d'Ivoire,CIV,2000,4.280467
Cote d'Ivoire,CIV,2001,4.4634132
Cote d'Ivoire,CIV,2002,4.2332335
Cote d'Ivoire,CIV,2003,5.19567
Cote d'Ivoire,CIV,2004,5.467211
Cote d'Ivoire,CIV,2005,5.086091
Cote d'Ivoire,CIV,2006,4.871804
Cote d'Ivoire,CIV,2007,5.6669917
Cote d'Ivoire,CIV,2008,7.6999454
Cote d'Ivoire,CIV,2009,6.8188205
Cote d'Ivoire,CIV,2010,6.895213
Cote d'Ivoire,CIV,2011,7.845705
Cote d'Ivoire,CIV,2012,7.908526
Cote d'Ivoire,CIV,2013,6.586528
Cote d'Ivoire,CIV,2014,7.3970346
Cote d'Ivoire,CIV,2015,7.02676
Cote d'Ivoire,CIV,2016,6.700038
Cote d'Ivoire,CIV,2017,7.688517
Cote d'Ivoire,CIV,2018,9.04269
Cote d'Ivoire,CIV,2019,8.554957
Cote d'Ivoire,CIV,2020,8.619267
Cote d'Ivoire,CIV,2021,11.283839
Cote d'Ivoire,CIV,2022,9.792728
Croatia,HRV,1996,322.40262
Croatia,HRV,1997,309.44318
Croatia,HRV,1998,329.97693
Croatia,HRV,1999,342.9688
Croatia,HRV,2000,409.20242
Croatia,HRV,2001,436.9666
Croatia,HRV,2002,493.7713
Croatia,HRV,2003,552.0264
Croatia,HRV,2004,583.37823
Croatia,HRV,2005,701.67017
Croatia,HRV,2006,699.79553
Croatia,HRV,2007,813.33026
Croatia,HRV,2008,867.5489
Croatia,HRV,2009,958.9748
Croatia,HRV,2010,924.53906
Croatia,HRV,2011,1056.5988
Croatia,HRV,2012,1042.7667
Croatia,HRV,2013,1001.8559
Croatia,HRV,2014,966.9987
Croatia,HRV,2015,991.2892
Croatia,HRV,2016,990.5556
Croatia,HRV,2017,1096.9818
Croatia,HRV,2018,1183.6918
Croatia,HRV,2019,1203.0339
Croatia,HRV,2020,1294.4642
Croatia,HRV,2021,1490.7859
Croatia,HRV,2022,1481.2427
Cuba,CUB,1996,52.584335
Cuba,CUB,1997,63.531025
Cuba,CUB,1998,80.52499
Cuba,CUB,1999,85.746056
Cuba,CUB,2000,86.10052
Cuba,CUB,2001,90.07521
Cuba,CUB,2002,85.34798
Cuba,CUB,2003,70.76393
Cuba,CUB,2004,70.263115
Cuba,CUB,2005,85.86152
Cuba,CUB,2006,108.612366
Cuba,CUB,2007,97.145706
Cuba,CUB,2008,103.04327
Cuba,CUB,2009,125.67201
Cuba,CUB,2010,114.51918
Cuba,CUB,2011,134.5565
Cuba,CUB,2012,135.06294
Cuba,CUB,2013,138.9845
Cuba,CUB,2014,130.39955
Cuba,CUB,2015,119.05563
Cuba,CUB,2016,102.82086
Cuba,CUB,2017,100.87725
Cuba,CUB,2018,104.0267
Cuba,CUB,2019,99.61218
Cuba,CUB,2020,122.23665
Cuba,CUB,2021,137.77081
Cuba,CUB,2022,111.89151
Cyprus,CYP,1996,107.907616
Cyprus,CYP,1997,132.53592
Cyprus,CYP,1998,122.060295
Cyprus,CYP,1999,126.94984
Cyprus,CYP,2000,166.86241
Cyprus,CYP,2001,139.96082
Cyprus,CYP,2002,200.66434
Cyprus,CYP,2003,178.20306
Cyprus,CYP,2004,252.27066
Cyprus,CYP,2005,307.02087
Cyprus,CYP,2006,335.4647
Cyprus,CYP,2007,404.01263
Cyprus,CYP,2008,465.82758
Cyprus,CYP,2009,589.97394
Cyprus,CYP,2010,631.30865
Cyprus,CYP,2011,662.37646
Cyprus,CYP,2012,685.47455
Cyprus,CYP,2013,814.7091
Cyprus,CYP,2014,761.0328
Cyprus,CYP,2015,769.13367
Cyprus,CYP,2016,865.9766
Cyprus,CYP,2017,975.6313
Cyprus,CYP,2018,1019.9908
Cyprus,CYP,2019,1050.0664
Cyprus,CYP,2020,1126.2764
Cyprus,CYP,2021,1316.2592
Cyprus,CYP,2022,1401.9543
Czechia,CZE,1996,422.85583
Czechia,CZE,1997,448.07178
Czechia,CZE,1998,446.8062
Czechia,CZE,1999,479.3103
Czechia,CZE,2000,519.7725
Czechia,CZE,2001,562.0439
Czechia,CZE,2002,592.2134
Czechia,CZE,2003,627.4349
Czechia,CZE,2004,685.43896
Czechia,CZE,2005,769.54694
Czechia,CZE,2006,858.0966
Czechia,CZE,2007,973.17194
Czechia,CZE,2008,1035.4406
Czechia,CZE,2009,1063.5435
Czechia,CZE,2010,1189.6937
Czechia,CZE,2011,1275.2179
Czechia,CZE,2012,1295.616
Czechia,CZE,2013,1309.1453
Czechia,CZE,2014,1428.8793
Czechia,CZE,2015,1563.4523
Czechia,CZE,2016,1553.8116
Czechia,CZE,2017,1546.8088
Czechia,CZE,2018,1495.7505
Czechia,CZE,2019,1550.5239
Czechia,CZE,2020,1449.0143
Czechia,CZE,2021,1511.8118
Czechia,CZE,2022,1351.6746
Democratic Republic of Congo,COD,1996,0.32121953
Democratic Republic of Congo,COD,1997,0.43015516
Democratic Republic of Congo,COD,1998,0.3812033
Democratic Republic of Congo,COD,1999,0.33263162
Democratic Republic of Congo,COD,2000,0.29718393
Democratic Republic of Congo,COD,2001,0.17359564
Democratic Republic of Congo,COD,2002,0.2143235
Democratic Republic of Congo,COD,2003,0.27536926
Democratic Republic of Congo,COD,2004,0.24211486
Democratic Republic of Congo,COD,2005,0.38876596
Democratic Republic of Congo,COD,2006,0.4055041
Democratic Republic of Congo,COD,2007,0.5036993
Democratic Republic of Congo,COD,2008,0.6207422
Democratic Republic of Congo,COD,2009,0.6708121
Democratic Republic of Congo,COD,2010,0.77213615
Democratic Republic of Congo,COD,2011,0.64531326
Democratic Republic of Congo,COD,2012,0.9563902
Democratic Republic of Congo,COD,2013,0.8915495
Democratic Republic of Congo,COD,2014,1.098424
Democratic Republic of Congo,COD,2015,1.218848
Democratic Republic of Congo,COD,2016,1.1577436
Democratic Republic of Congo,COD,2017,1.4128985
Democratic Republic of Congo,COD,2018,1.5754993
Democratic Republic of Congo,COD,2019,1.4919184
Democratic Republic of Congo,COD,2020,1.8313366
Democratic Republic of Congo,COD,2021,2.150704
Democratic Republic of Congo,COD,2022,2.3194046
Denmark,DNK,1996,1208.4762
Denmark,DNK,1997,1344.8065
Denmark,DNK,1998,1286.263
Denmark,DNK,1999,1262.3063
Denmark,DNK,2000,1344.8364
Denmark,DNK,2001,1335.8126
Denmark,DNK,2002,1337.4856
Denmark,DNK,2003,1403.5148
Denmark,DNK,2004,1469.0953
Denmark,DNK,2005,1562.1951
Denmark,DNK,2006,1597.382
Denmark,DNK,2007,1656.0912
Denmark,DNK,2008,1691.7985
Denmark,DNK,2009,1772.5641
Denmark,DNK,2010,1859.1761
Denmark,DNK,2011,2052.3403
Denmark,DNK,2012,2217.2854
Denmark,DNK,2013,2299.6343
Denmark,DNK,2014,2505.6016
Denmark,DNK,2015,2523.7007
Denmark,DNK,2016,2513.2202
Denmark,DNK,2017,2542.0264
Denmark,DNK,2018,2555.0293
Denmark,DNK,2019,2592.3884
Denmark,DNK,2020,2645.5378
Denmark,DNK,2021,2773.285
Denmark,DNK,2022,2731.8174
Djibouti,DJI,1996,4.7968063
Djibouti,DJI,1997,7.442503
Djibouti,DJI,1998,2.7596974
Djibouti,DJI,1999,0.23473595
Djibouti,DJI,2000,2.6762369
Djibouti,DJI,2001,0.82975394
Djibouti,DJI,2002,1.6089013
Djibouti,DJI,2003,1.6348728
Djibouti,DJI,2004,2.2756875
Djibouti,DJI,2005,4.421051
Djibouti,DJI,2006,3.166761
Djibouti,DJI,2007,3.7505946
Djibouti,DJI,2008,3.7189128
Djibouti,DJI,2009,8.908129
Djibouti,DJI,2010,7.3851037
Djibouti,DJI,2011,4.4699426
Djibouti,DJI,2012,7.6752243
Djibouti,DJI,2013,6.549393
Djibouti,DJI,2014,7.4896507
Djibouti,DJI,2015,5.596322
Djibouti,DJI,2016,4.0379586
Djibouti,DJI,2017,4.967573
Djibouti,DJI,2018,6.101418
Djibouti,DJI,2019,4.482373
Djibouti,DJI,2020,9.482549
Djibouti,DJI,2021,7.313279
Djibouti,DJI,2022,11.573341
Dominica,DMA,1996,23.77179
Dominica,DMA,1997,9.235342
Dominica,DMA,1998,55.118336
Dominica,DMA,1999,0
Dominica,DMA,2000,0
Dominica,DMA,2001,62.38285
Dominica,DMA,2002,29.25388
Dominica,DMA,2003,66.83107
Dominica,DMA,2004,31.464407
Dominica,DMA,2005,76.672386
Dominica,DMA,2006,60.89585
Dominica,DMA,2007,57.228348
Dominica,DMA,2008,75.812584
Dominica,DMA,2009,61.2802
Dominica,DMA,2010,127.50693
Dominica,DMA,2011,100.50251
Dominica,DMA,2012,171.30125
Dominica,DMA,2013,173.27692
Dominica,DMA,2014,130.87405
Dominica,DMA,2015,146.00198
Dominica,DMA,2016,155.15904
Dominica,DMA,2017,175.19272
Dominica,DMA,2018,173.52657
Dominica,DMA,2019,75.86918
Dominica,DMA,2020,80.801506
Dominica,DMA,2021,102.82432
Dominica,DMA,2022,77.3651
Dominican Republic,DOM,1996,2.644128
Dominican Republic,DOM,1997,1.5708194
Dominican Republic,DOM,1998,1.2009103
Dominican Republic,DOM,1999,1.2621049
Dominican Republic,DOM,2000,1.5493599
Dominican Republic,DOM,2001,0.933456
Dominican Republic,DOM,2002,0.95569086
Dominican Republic,DOM,2003,1.2838757
Dominican Republic,DOM,2004,1.5090789
Dominican Republic,DOM,2005,1.5046015
Dominican Republic,DOM,2006,1.9376562
Dominican Republic,DOM,2007,2.2335835
Dominican Republic,DOM,2008,1.7256634
Dominican Republic,DOM,2009,1.5945928
Dominican Republic,DOM,2010,1.7576061
Dominican Republic,DOM,2011,1.9496017
Dominican Republic,DOM,2012,2.5470657
Dominican Republic,DOM,2013,3.9945722
Dominican Republic,DOM,2014,4.112247
Dominican Republic,DOM,2015,3.3215685
Dominican Republic,DOM,2016,3.4554558
Dominican Republic,DOM,2017,4.5467997
Dominican Republic,DOM,2018,5.098287
Dominican Republic,DOM,2019,6.5274205
Dominican Republic,DOM,2020,8.253772
Dominican Republic,DOM,2021,10.088573
Dominican Republic,DOM,2022,9.778523
East Asia and Pacific (WB),WB_EAP,1996,87.181595
East Asia and Pacific (WB),WB_EAP,1997,92.48133
East Asia and Pacific (WB),WB_EAP,1998,95.76286
East Asia and Pacific (WB),WB_EAP,1999,98.645676
East Asia and Pacific (WB),WB_EAP,2000,105.1926
East Asia and Pacific (WB),WB_EAP,2001,114.69398
East Asia and Pacific (WB),WB_EAP,2002,118.950005
East Asia and Pacific (WB),WB_EAP,2003,129.89232
East Asia and Pacific (WB),WB_EAP,2004,151.27296
East Asia and Pacific (WB),WB_EAP,2005,181.73001
East Asia and Pacific (WB),WB_EAP,2006,199.54509
East Asia and Pacific (WB),WB_EAP,2007,209.94386
East Asia and Pacific (WB),WB_EAP,2008,228.07693
East Asia and Pacific (WB),WB_EAP,2009,248.6639
East Asia and Pacific (WB),WB_EAP,2010,263.82657
East Asia and Pacific (WB),WB_EAP,2011,274.89236
East Asia and Pacific (WB),WB_EAP,2012,276.7373
East Asia and Pacific (WB),WB_EAP,2013,289.35352
East Asia and Pacific (WB),WB_EAP,2014,301.8667
East Asia and Pacific (WB),WB_EAP,2015,310.05295
East Asia and Pacific (WB),WB_EAP,2016,323.60797
East Asia and Pacific (WB),WB_EAP,2017,339.22406
East Asia and Pacific (WB),WB_EAP,2018,371.76352
East Asia and Pacific (WB),WB_EAP,2019,415.70398
East Asia and Pacific (WB),WB_EAP,2020,440.25256
East Asia and Pacific (WB),WB_EAP,2021,492.76727
East Asia and Pacific (WB),WB_EAP,2022,543.91656
East Timor,TLS,1996,0
East Timor,TLS,1997,0
East Timor,TLS,1998,0
East Timor,TLS,1999,0
East Timor,TLS,2000,0
East Timor,TLS,2001,0
East Timor,TLS,2002,0
East Timor,TLS,2003,1.8213983
East Timor,TLS,2004,1.0763406
East Timor,TLS,2005,2.140648
East Timor,TLS,2006,3.96274
East Timor,TLS,2007,3.2739935
East Timor,TLS,2008,1.2397946
East Timor,TLS,2009,1.5395048
East Timor,TLS,2010,1.014125
East Timor,TLS,2011,2.7562428
East Timor,TLS,2012,5.286879
East Timor,TLS,2013,5.4285207
East Timor,TLS,2014,10.017743
East Timor,TLS,2015,7.7335987
East Timor,TLS,2016,6.9689136
East Timor,TLS,2017,11.720033
East Timor,TLS,2018,12.375006
East Timor,TLS,2019,11.1226845
East Timor,TLS,2020,8.875965
East Timor,TLS,2021,12.487603
East Timor,TLS,2022,10.180421
Ecuador,ECU,1996,4.807403
Ecuador,ECU,1997,8.280189
Ecuador,ECU,1998,7.7151723
Ecuador,ECU,1999,5.3581185
Ecuador,ECU,2000,5.808086
Ecuador,ECU,2001,4.67905
Ecuador,ECU,2002,6.949058
Ecuador,ECU,2003,7.3891516
Ecuador,ECU,2004,6.872809
Ecuador,ECU,2005,9.630104
Ecuador,ECU,2006,9.595254
Ecuador,ECU,2007,9.984107
Ecuador,ECU,2008,10.579613
Ecuador,ECU,2009,12.166502
Ecuador,ECU,2010,12.765398
Ecuador,ECU,2011,11.177571
Ecuador,ECU,2012,15.725466
Ecuador,ECU,2013,16.573536
Ecuador,ECU,2014,25.370556
Ecuador,ECU,2015,40.408882
Ecuador,ECU,2016,69.83582
Ecuador,ECU,2017,95.438896
Ecuador,ECU,2018,127.07435
Ecuador,ECU,2019,141.7311
Ecuador,ECU,2020,167.04372
Ecuador,ECU,2021,175.04527
Ecuador,ECU,2022,200.51562
Egypt,EGY,1996,35.08158
Egypt,EGY,1997,34.227978
Egypt,EGY,1998,34.347256
Egypt,EGY,1999,33.622875
Egypt,EGY,2000,36.708122
Egypt,EGY,2001,39.56289
Egypt,EGY,2002,39.61627
Egypt,EGY,2003,45.65688
Egypt,EGY,2004,44.798244
Egypt,EGY,2005,44.607338
Egypt,EGY,2006,47.637856
Egypt,EGY,2007,52.508526
Egypt,EGY,2008,56.568703
Egypt,EGY,2009,68.71517
Egypt,EGY,2010,73.70437
Egypt,EGY,2011,78.70303
Egypt,EGY,2012,88.89256
Egypt,EGY,2013,89.26249
Egypt,EGY,2014,92.43181
Egypt,EGY,2015,97.49197
Egypt,EGY,2016,109.47351
Egypt,EGY,2017,107.88771
Egypt,EGY,2018,124.873
Egypt,EGY,2019,143.63586
Egypt,EGY,2020,164.74655
Egypt,EGY,2021,192.68175
Egypt,EGY,2022,213.33131
El Salvador,SLV,1996,0.7286463
El Salvador,SLV,1997,0.69123894
El Salvador,SLV,1998,0.36389726
El Salvador,SLV,1999,0.8099562
El Salvador,SLV,2000,0.49635175
El Salvador,SLV,2001,1.405817
El Salvador,SLV,2002,2.3017955
El Salvador,SLV,2003,1.1135933
El Salvador,SLV,2004,3.0209813
El Salvador,SLV,2005,2.4593804
El Salvador,SLV,2006,3.2054276
El Salvador,SLV,2007,2.4759462
El Salvador,SLV,2008,3.3486493
El Salvador,SLV,2009,2.4982312
El Salvador,SLV,2010,3.307379
El Salvador,SLV,2011,2.8751454
El Salvador,SLV,2012,3.2499316
El Salvador,SLV,2013,2.5069888
El Salvador,SLV,2014,3.065088
El Salvador,SLV,2015,3.9814506
El Salvador,SLV,2016,4.6784286
El Salvador,SLV,2017,4.775061
El Salvador,SLV,2018,7.479332
El Salvador,SLV,2019,4.1544003
El Salvador,SLV,2020,3.0811558
El Salvador,SLV,2021,5.3422575
El Salvador,SLV,2022,8.724079
Equatorial Guinea,GNQ,1996,1.3985023
Equatorial Guinea,GNQ,1997,2.058704
Equatorial Guinea,GNQ,1998,0
Equatorial Guinea,GNQ,1999,3.2823052
Equatorial Guinea,GNQ,2000,0
Equatorial Guinea,GNQ,2001,2.2271535
Equatorial Guinea,GNQ,2002,0.57647216
Equatorial Guinea,GNQ,2003,0.9671385
Equatorial Guinea,GNQ,2004,4.5559754
Equatorial Guinea,GNQ,2005,0.7811123
Equatorial Guinea,GNQ,2006,3.2513988
Equatorial Guinea,GNQ,2007,3.1176283
Equatorial Guinea,GNQ,2008,1.1341319
Equatorial Guinea,GNQ,2009,1.7346543
Equatorial Guinea,GNQ,2010,2.4052107
Equatorial Guinea,GNQ,2011,1.3769946
Equatorial Guinea,GNQ,2012,1.7936069
Equatorial Guinea,GNQ,2013,1.5896386
Equatorial Guinea,GNQ,2014,1.6859213
Equatorial Guinea,GNQ,2015,2.7855673
Equatorial Guinea,GNQ,2016,3.2157836
Equatorial Guinea,GNQ,2017,1.8945261
Equatorial Guinea,GNQ,2018,1.6084908
Equatorial Guinea,GNQ,2019,2.4368675
Equatorial Guinea,GNQ,2020,0.9904059
Equatorial Guinea,GNQ,2021,2.513097
Equatorial Guinea,GNQ,2022,1.6578461
Eritrea,ERI,1996,1.8745912
Eritrea,ERI,1997,0.45536178
Eritrea,ERI,1998,4.742208
Eritrea,ERI,1999,1.8031616
Eritrea,ERI,2000,2.0382452
Eritrea,ERI,2001,2.8891745
Eritrea,ERI,2002,4.9436307
Eritrea,ERI,2003,5.733984
Eritrea,ERI,2004,4.499123
Eritrea,ERI,2005,4.4190345
Eritrea,ERI,2006,7.627145
Eritrea,ERI,2007,6.2517724
Eritrea,ERI,2008,3.3731878
Eritrea,ERI,2009,2.4100683
Eritrea,ERI,2010,3.5549538
Eritrea,ERI,2011,3.8686204
Eritrea,ERI,2012,1.3994129
Eritrea,ERI,2013,3.4218504
Eritrea,ERI,2014,2.4715905
Eritrea,ERI,2015,3.3295274
Eritrea,ERI,2016,2.835474
Eritrea,ERI,2017,4.3328557
Eritrea,ERI,2018,6.7245893
Eritrea,ERI,2019,8.19704
Eritrea,ERI,2020,11.448464
Eritrea,ERI,2021,9.796479
Eritrea,ERI,2022,10.066149
Estonia,EST,1996,294.84442
Estonia,EST,1997,288.94598
Estonia,EST,1998,331.78806
Estonia,EST,1999,348.72296
Estonia,EST,2000,332.83823
Estonia,EST,2001,371.94324
Estonia,EST,2002,369.57263
Estonia,EST,2003,416.64233
Estonia,EST,2004,467.1902
Estonia,EST,2005,531.6086
Estonia,EST,2006,669.3298
Estonia,EST,2007,804.8304
Estonia,EST,2008,855.4024
Estonia,EST,2009,874.3252
Estonia,EST,2010,1063.6925
Estonia,EST,2011,1052.6434
Estonia,EST,2012,1132.1045
Estonia,EST,2013,1100.2377
Estonia,EST,2014,1284.0641
Estonia,EST,2015,1174.4578
Estonia,EST,2016,1197.1896
Estonia,EST,2017,1206.6869
Estonia,EST,2018,1137.3799
Estonia,EST,2019,1276.6769
Estonia,EST,2020,1349.643
Estonia,EST,2021,1410.7181
Estonia,EST,2022,1365.8478
Eswatini,SWZ,1996,8.758983
Eswatini,SWZ,1997,12.2984
Eswatini,SWZ,1998,16.015253
Eswatini,SWZ,1999,12.155819
Eswatini,SWZ,2000,7.441805
Eswatini,SWZ,2001,5.365991
Eswatini,SWZ,2002,11.628774
Eswatini,SWZ,2003,6.1873064
Eswatini,SWZ,2004,11.042167
Eswatini,SWZ,2005,11.7699175
Eswatini,SWZ,2006,9.46114
Eswatini,SWZ,2007,6.3811936
Eswatini,SWZ,2008,8.523884
Eswatini,SWZ,2009,10.803933
Eswatini,SWZ,2010,18.441055
Eswatini,SWZ,2011,18.616377
Eswatini,SWZ,2012,13.898491
Eswatini,SWZ,2013,15.345268
Eswatini,SWZ,2014,9.425336
Eswatini,SWZ,2015,13.344265
Eswatini,SWZ,2016,16.337439
Eswatini,SWZ,2017,24.857645
Eswatini,SWZ,2018,25.151228
Eswatini,SWZ,2019,28.536943
Eswatini,SWZ,2020,30.711084
Eswatini,SWZ,2021,32.944
Eswatini,SWZ,2022,35.433094
Ethiopia,ETH,1996,2.8607156
Ethiopia,ETH,1997,2.6226072
Ethiopia,ETH,1998,2.4408364
Ethiopia,ETH,1999,2.8587573
Ethiopia,ETH,2000,2.4593728
Ethiopia,ETH,2001,2.4726658
Ethiopia,ETH,2002,2.816201
Ethiopia,ETH,2003,2.8392584
Ethiopia,ETH,2004,2.7926893
Ethiopia,ETH,2005,2.8481205
Ethiopia,ETH,2006,3.4435933
Ethiopia,ETH,2007,3.9892557
Ethiopia,ETH,2008,4.2124686
Ethiopia,ETH,2009,4.638234
Ethiopia,ETH,2010,4.9236503
Ethiopia,ETH,2011,5.284382
Ethiopia,ETH,2012,6.7853694
Ethiopia,ETH,2013,7.836548
Ethiopia,ETH,2014,9.744589
Ethiopia,ETH,2015,9.770174
Ethiopia,ETH,2016,10.948559
Ethiopia,ETH,2017,14.870543
Ethiopia,ETH,2018,18.64364
Ethiopia,ETH,2019,23.633072
Ethiopia,ETH,2020,34.830147
Ethiopia,ETH,2021,46.799297
Ethiopia,ETH,2022,57.071903
Europe and Central Asia (WB),WB_ECA,1996,467.3399
Europe and Central Asia (WB),WB_ECA,1997,484.77814
Europe and Central Asia (WB),WB_ECA,1998,489.1165
Europe and Central Asia (WB),WB_ECA,1999,483.34753
Europe and Central Asia (WB),WB_ECA,2000,504.7366
Europe and Central Asia (WB),WB_ECA,2001,518.6238
Europe and Central Asia (WB),WB_ECA,2002,532.3266
Europe and Central Asia (WB),WB_ECA,2003,552.23517
Europe and Central Asia (WB),WB_ECA,2004,583.0954
Europe and Central Asia (WB),WB_ECA,2005,633.36707
Europe and Central Asia (WB),WB_ECA,2006,655.98016
Europe and Central Asia (WB),WB_ECA,2007,682.9046
Europe and Central Asia (WB),WB_ECA,2008,709.01764
Europe and Central Asia (WB),WB_ECA,2009,736.6168
Europe and Central Asia (WB),WB_ECA,2010,752.57184
Europe and Central Asia (WB),WB_ECA,2011,779.837
Europe and Central Asia (WB),WB_ECA,2012,806.2201
Europe and Central Asia (WB),WB_ECA,2013,821.6905
Europe and Central Asia (WB),WB_ECA,2014,840.47174
Europe and Central Asia (WB),WB_ECA,2015,854.19763
Europe and Central Asia (WB),WB_ECA,2016,868.2433
Europe and Central Asia (WB),WB_ECA,2017,877.37054
Europe and Central Asia (WB),WB_ECA,2018,891.9254
Europe and Central Asia (WB),WB_ECA,2019,935.85864
Europe and Central Asia (WB),WB_ECA,2020,964.5885
Europe and Central Asia (WB),WB_ECA,2021,1033.3236
Europe and Central Asia (WB),WB_ECA,2022,988.8199
European Union (27),OWID_EU27,1996,615.80676
European Union (27),OWID_EU27,1997,645.5585
European Union (27),OWID_EU27,1998,650.7373
European Union (27),OWID_EU27,1999,647.04443
European Union (27),OWID_EU27,2000,676.5232
European Union (27),OWID_EU27,2001,697.3523
European Union (27),OWID_EU27,2002,718.7318
European Union (27),OWID_EU27,2003,750.66925
European Union (27),OWID_EU27,2004,793.62415
European Union (27),OWID_EU27,2005,872.3337
European Union (27),OWID_EU27,2006,914.70935
European Union (27),OWID_EU27,2007,953.7871
European Union (27),OWID_EU27,2008,1000.56506
European Union (27),OWID_EU27,2009,1040.0735
European Union (27),OWID_EU27,2010,1066.448
European Union (27),OWID_EU27,2011,1110.084
European Union (27),OWID_EU27,2012,1153.0934
European Union (27),OWID_EU27,2013,1175.4786
European Union (27),OWID_EU27,2014,1203.1636
European Union (27),OWID_EU27,2015,1211.7737
European Union (27),OWID_EU27,2016,1213.6979
European Union (27),OWID_EU27,2017,1217.5273
European Union (27),OWID_EU27,2018,1224.0358
European Union (27),OWID_EU27,2019,1265.7389
European Union (27),OWID_EU27,2020,1304.9355
European Union (27),OWID_EU27,2021,1397.8787
European Union (27),OWID_EU27,2022,1343.9224
Fiji,FJI,1996,21.597708
Fiji,FJI,1997,25.562126
Fiji,FJI,1998,27.096119
Fiji,FJI,1999,27.4576
Fiji,FJI,2000,32.191353
Fiji,FJI,2001,46.610386
Fiji,FJI,2002,44.065083
Fiji,FJI,2003,51.518784
Fiji,FJI,2004,70.15369
Fiji,FJI,2005,65.99205
Fiji,FJI,2006,96.54468
Fiji,FJI,2007,95.608086
Fiji,FJI,2008,79.17874
Fiji,FJI,2009,71.35937
Fiji,FJI,2010,76.21765
Fiji,FJI,2011,72.213356
Fiji,FJI,2012,70.673004
Fiji,FJI,2013,91.002144
Fiji,FJI,2014,128.86
Fiji,FJI,2015,110.24648
Fiji,FJI,2016,181.58853
Fiji,FJI,2017,152.45566
Fiji,FJI,2018,177.65324
Fiji,FJI,2019,175.22153
Fiji,FJI,2020,200.42342
Fiji,FJI,2021,225.27274
Fiji,FJI,2022,231.48239
Finland,FIN,1996,1283.3011
Finland,FIN,1997,1350.2437
Finland,FIN,1998,1344.4053
Finland,FIN,1999,1342.1595
Finland,FIN,2000,1449.8641
Finland,FIN,2001,1497.2162
Finland,FIN,2002,1509.4283
Finland,FIN,2003,1552.198
Finland,FIN,2004,1687.1613
Finland,FIN,2005,1755.9305
Finland,FIN,2006,1799.5477
Finland,FIN,2007,1786.8878
Finland,FIN,2008,1815.7585
Finland,FIN,2009,1878.0581
Finland,FIN,2010,1877.999
Finland,FIN,2011,1919.6655
Finland,FIN,2012,1955.6404
Finland,FIN,2013,1992.5549
Finland,FIN,2014,2065.9956
Finland,FIN,2015,2029.9
Finland,FIN,2016,2056.025
Finland,FIN,2017,1993.3267
Finland,FIN,2018,2021.6536
Finland,FIN,2019,2067.3242
Finland,FIN,2020,2046.3553
Finland,FIN,2021,2131.549
Finland,FIN,2022,2162.0771
France,FRA,1996,780.03644
France,FRA,1997,824.04724
France,FRA,1998,825.2498
France,FRA,1999,813.3723
France,FRA,2000,820.88116
France,FRA,2001,827.8735
France,FRA,2002,833.08826
France,FRA,2003,852.7077
France,FRA,2004,882.8765
France,FRA,2005,948.8262
France,FRA,2006,988.0551
France,FRA,2007,996.07074
France,FRA,2008,1038.2793
France,FRA,2009,1059.3474
France,FRA,2010,1061.0002
France,FRA,2011,1082.0446
France,FRA,2012,1103.1562
France,FRA,2013,1112.9982
France,FRA,2014,1105.5945
France,FRA,2015,1092.934
France,FRA,2016,1078.6459
France,FRA,2017,1056.5153
France,FRA,2018,1030.908
France,FRA,2019,1013.53534
France,FRA,2020,999.39624
France,FRA,2021,1024.0017
France,FRA,2022,966.3261
Gabon,GAB,1996,18.793158
Gabon,GAB,1997,24.96955
Gabon,GAB,1998,27.448221
Gabon,GAB,1999,29.364063
Gabon,GAB,2000,18.509344
Gabon,GAB,2001,21.93818
Gabon,GAB,2002,22.213383
Gabon,GAB,2003,19.459616
Gabon,GAB,2004,22.826248
Gabon,GAB,2005,33.40633
Gabon,GAB,2006,27.957941
Gabon,GAB,2007,21.301384
Gabon,GAB,2008,25.83415
Gabon,GAB,2009,30.363106
Gabon,GAB,2010,24.961058
Gabon,GAB,2011,32.08781
Gabon,GAB,2012,27.354107
Gabon,GAB,2013,28.268862
Gabon,GAB,2014,30.378098
Gabon,GAB,2015,29.90217
Gabon,GAB,2016,28.210175
Gabon,GAB,2017,28.457508
Gabon,GAB,2018,27.780815
Gabon,GAB,2019,33.633106
Gabon,GAB,2020,26.737978
Gabon,GAB,2021,38.93598
Gabon,GAB,2022,39.132004
Gambia,GMB,1996,28.899426
Gambia,GMB,1997,24.44564
Gambia,GMB,1998,24.205023
Gambia,GMB,1999,24.205755
Gambia,GMB,2000,19.17415
Gambia,GMB,2001,23.618557
Gambia,GMB,2002,16.787231
Gambia,GMB,2003,20.188753
Gambia,GMB,2004,22.77168
Gambia,GMB,2005,22.40502
Gambia,GMB,2006,25.651863
Gambia,GMB,2007,20.648169
Gambia,GMB,2008,23.775314
Gambia,GMB,2009,20.55656
Gambia,GMB,2010,23.55927
Gambia,GMB,2011,17.043186
Gambia,GMB,2012,18.16363
Gambia,GMB,2013,21.698626
Gambia,GMB,2014,21.362625
Gambia,GMB,2015,18.86242
Gambia,GMB,2016,22.913877
Gambia,GMB,2017,20.04962
Gambia,GMB,2018,14.881448
Gambia,GMB,2019,20.823463
Gambia,GMB,2020,24.243431
Gambia,GMB,2021,31.249878
Gambia,GMB,2022,29.75949
Georgia,GEO,1996,48.291306
Georgia,GEO,1997,59.47475
Georgia,GEO,1998,57.404
Georgia,GEO,1999,59.4993
Georgia,GEO,2000,64.43747
Georgia,GEO,2001,57.56316
Georgia,GEO,2002,65.02677
Georgia,GEO,2003,63.966824
Georgia,GEO,2004,80.115295
Georgia,GEO,2005,108.54667
Georgia,GEO,2006,113.827446
Georgia,GEO,2007,92.711235
Georgia,GEO,2008,106.29736
Georgia,GEO,2009,115.530045
Georgia,GEO,2010,90.99228
Georgia,GEO,2011,127.55691
Georgia,GEO,2012,121.406624
Georgia,GEO,2013,126.45293
Georgia,GEO,2014,123.70766
Georgia,GEO,2015,131.64125
Georgia,GEO,2016,158.82205
Georgia,GEO,2017,145.64095
Georgia,GEO,2018,147.05563
Georgia,GEO,2019,166.97127
Georgia,GEO,2020,166.4027
Georgia,GEO,2021,177.2497
Georgia,GEO,2022,161.22012
Germany,DEU,1996,784.1077
Germany,DEU,1997,832.27124
Germany,DEU,1998,846.4392
Germany,DEU,1999,822.57886
Germany,DEU,2000,848.2822
Germany,DEU,2001,868.6226
Germany,DEU,2002,872.7805
Germany,DEU,2003,900.47424
Germany,DEU,2004,935.69525
Germany,DEU,2005,1032.2338
Germany,DEU,2006,1057.8854
Germany,DEU,2007,1096.4264
Germany,DEU,2008,1136.8098
Germany,DEU,2009,1177.0117
Germany,DEU,2010,1204.6443
Germany,DEU,2011,1261.1432
Germany,DEU,2012,1313.4963
Germany,DEU,2013,1315.8577
Germany,DEU,2014,1335.0814
Germany,DEU,2015,1327.9934
Germany,DEU,2016,1344.5941
Germany,DEU,2017,1348.0602
Germany,DEU,2018,1342.5859
Germany,DEU,2019,1365.8396
Germany,DEU,2020,1348.9452
Germany,DEU,2021,1437.6112
Germany,DEU,2022,1370.2728
Ghana,GHA,1996,7.017896
Ghana,GHA,1997,7.43957
Ghana,GHA,1998,6.9573927
Ghana,GHA,1999,6.7420845
Ghana,GHA,2000,7.086081
Ghana,GHA,2001,5.8144298
Ghana,GHA,2002,7.182074
Ghana,GHA,2003,7.007657
Ghana,GHA,2004,7.932945
Ghana,GHA,2005,8.4207
Ghana,GHA,2006,8.159907
Ghana,GHA,2007,9.921209
Ghana,GHA,2008,10.509302
Ghana,GHA,2009,12.362311
Ghana,GHA,2010,13.947009
Ghana,GHA,2011,15.697974
Ghana,GHA,2012,19.237482
Ghana,GHA,2013,21.191334
Ghana,GHA,2014,22.22306
Ghana,GHA,2015,27.401316
Ghana,GHA,2016,34.336235
Ghana,GHA,2017,37.20897
Ghana,GHA,2018,44.50416
Ghana,GHA,2019,52.99123
Ghana,GHA,2020,65.11956
Ghana,GHA,2021,78.71049
Ghana,GHA,2022,92.7704
Greece,GRC,1996,383.07443
Greece,GRC,1997,413.8179
Greece,GRC,1998,426.50122
Greece,GRC,1999,424.94037
Greece,GRC,2000,489.1434
Greece,GRC,2001,526.62585
Greece,GRC,2002,587.79095
Greece,GRC,2003,619.3372
Greece,GRC,2004,724.35126
Greece,GRC,2005,839.7958
Greece,GRC,2006,965.9193
Greece,GRC,2007,1007.2161
Greece,GRC,2008,1064.0774
Greece,GRC,2009,1084.7953
Greece,GRC,2010,1073.1826
Greece,GRC,2011,1074.442
Greece,GRC,2012,1072.2198
Greece,GRC,2013,1073.8617
Greece,GRC,2014,1059.1776
Greece,GRC,2015,1047.1584
Greece,GRC,2016,1037.1038
Greece,GRC,2017,1036.4465
Greece,GRC,2018,1051.6709
Greece,GRC,2019,1110.7139
Greece,GRC,2020,1192.3075
Greece,GRC,2021,1395.4869
Greece,GRC,2022,1447.3038
Greenland,GRL,1996,94.27549
Greenland,GRL,1997,140.7143
Greenland,GRL,1998,173.7968
Greenland,GRL,1999,83.422455
Greenland,GRL,2000,211.97829
Greenland,GRL,2001,161.58498
Greenland,GRL,2002,209.55914
Greenland,GRL,2003,208.10207
Greenland,GRL,2004,501.4236
Greenland,GRL,2005,273.29413
Greenland,GRL,2006,250.46236
Greenland,GRL,2007,281.31906
Greenland,GRL,2008,282.98535
Greenland,GRL,2009,209.32834
Greenland,GRL,2010,377.64886
Greenland,GRL,2011,308.49005
Greenland,GRL,2012,447.8085
Greenland,GRL,2013,558.92926
Greenland,GRL,2014,423.48343
Greenland,GRL,2015,520.72565
Greenland,GRL,2016,423.59305
Greenland,GRL,2017,460.72775
Greenland,GRL,2018,562.4476
Greenland,GRL,2019,505.29123
Greenland,GRL,2020,520.51733
Greenland,GRL,2021,621.1498
Greenland,GRL,2022,539.1716
Grenada,GRD,1996,20.940105
Grenada,GRD,1997,17.095154
Grenada,GRD,1998,16.508032
Grenada,GRD,1999,11.243641
Grenada,GRD,2000,9.67883
Grenada,GRD,2001,25.836443
Grenada,GRD,2002,17.711523
Grenada,GRD,2003,49.594063
Grenada,GRD,2004,38.23532
Grenada,GRD,2005,42.739716
Grenada,GRD,2006,113.315475
Grenada,GRD,2007,192.17892
Grenada,GRD,2008,211.09868
Grenada,GRD,2009,157.56737
Grenada,GRD,2010,156.7401
Grenada,GRD,2011,205.39084
Grenada,GRD,2012,264.68634
Grenada,GRD,2013,303.99957
Grenada,GRD,2014,484.1762
Grenada,GRD,2015,293.1738
Grenada,GRD,2016,321.11526
Grenada,GRD,2017,486.32166
Grenada,GRD,2018,403.2293
Grenada,GRD,2019,501.7201
Grenada,GRD,2020,495.61203
Grenada,GRD,2021,529.1033
Grenada,GRD,2022,451.27573
Guatemala,GTM,1996,3.9882739
Guatemala,GTM,1997,2.8403664
Guatemala,GTM,1998,2.6833298
Guatemala,GTM,1999,2.6026518
Guatemala,GTM,2000,2.0628176
Guatemala,GTM,2001,1.991742
Guatemala,GTM,2002,1.9531449
Guatemala,GTM,2003,2.1323915
Guatemala,GTM,2004,2.2291796
Guatemala,GTM,2005,3.5720756
Guatemala,GTM,2006,2.7282672
Guatemala,GTM,2007,2.348367
Guatemala,GTM,2008,2.5998957
Guatemala,GTM,2009,3.923855
Guatemala,GTM,2010,3.5861793
Guatemala,GTM,2011,3.0009208
Guatemala,GTM,2012,4.476579
Guatemala,GTM,2013,4.7428613
Guatemala,GTM,2014,4.021241
Guatemala,GTM,2015,5.3651004
Guatemala,GTM,2016,5.62735
Guatemala,GTM,2017,6.369755
Guatemala,GTM,2018,6.3369346
Guatemala,GTM,2019,5.5613365
Guatemala,GTM,2020,7.133588
Guatemala,GTM,2021,7.0476995
Guatemala,GTM,2022,6.800809
Guinea,GIN,1996,1.0321704
Guinea,GIN,1997,0.53332525
Guinea,GIN,1998,0.635982
Guinea,GIN,1999,0.46581277
Guinea,GIN,2000,0.36897165
Guinea,GIN,2001,1.6721389
Guinea,GIN,2002,1.1989763
Guinea,GIN,2003,0.6380498
Guinea,GIN,2004,1.203832
Guinea,GIN,2005,0.74628127
Guinea,GIN,2006,1.7773219
Guinea,GIN,2007,1.4603176
Guinea,GIN,2008,1.2163005
Guinea,GIN,2009,1.1662602
Guinea,GIN,2010,1.110995
Guinea,GIN,2011,0.98528546
Guinea,GIN,2012,1.0666953
Guinea,GIN,2013,0.9390743
Guinea,GIN,2014,1.7798427
Guinea,GIN,2015,2.3463786
Guinea,GIN,2016,3.2021787
Guinea,GIN,2017,2.9469566
Guinea,GIN,2018,2.1920893
Guinea,GIN,2019,2.6414828
Guinea,GIN,2020,3.034885
Guinea,GIN,2021,3.5352435
Guinea,GIN,2022,3.3567798
Guinea-Bissau,GNB,1996,2.0025623
Guinea-Bissau,GNB,1997,3.7922175
Guinea-Bissau,GNB,1998,2.0210986
Guinea-Bissau,GNB,1999,6.180766
Guinea-Bissau,GNB,2000,1.198632
Guinea-Bissau,GNB,2001,1.768055
Guinea-Bissau,GNB,2002,3.9478574
Guinea-Bissau,GNB,2003,6.073676
Guinea-Bissau,GNB,2004,7.8840337
Guinea-Bissau,GNB,2005,6.7965417
Guinea-Bissau,GNB,2006,4.762231
Guinea-Bissau,GNB,2007,8.366725
Guinea-Bissau,GNB,2008,4.226997
Guinea-Bissau,GNB,2009,5.4311614
Guinea-Bissau,GNB,2010,3.7028832
Guinea-Bissau,GNB,2011,6.454919
Guinea-Bissau,GNB,2012,7.7509193
Guinea-Bissau,GNB,2013,7.128651
Guinea-Bissau,GNB,2014,10.188832
Guinea-Bissau,GNB,2015,5.4185467
Guinea-Bissau,GNB,2016,6.042929
Guinea-Bissau,GNB,2017,8.854216
Guinea-Bissau,GNB,2018,8.105431
Guinea-Bissau,GNB,2019,7.140331
Guinea-Bissau,GNB,2020,8.399333
Guinea-Bissau,GNB,2021,6.85337
Guinea-Bissau,GNB,2022,7.0148644
Guyana,GUY,1996,5.1937737
Guyana,GUY,1997,15.323157
Guyana,GUY,1998,6.7837806
Guyana,GUY,1999,11.484885
Guyana,GUY,2000,13.427786
Guyana,GUY,2001,10.870177
Guyana,GUY,2002,10.292646
Guyana,GUY,2003,9.553126
Guyana,GUY,2004,14.821266
Guyana,GUY,2005,26.53388
Guyana,GUY,2006,12.701491
Guyana,GUY,2007,16.000296
Guyana,GUY,2008,13.344712
Guyana,GUY,2009,13.602022
Guyana,GUY,2010,26.866652
Guyana,GUY,2011,14.2732115
Guyana,GUY,2012,17.942135
Guyana,GUY,2013,18.319487
Guyana,GUY,2014,16.056131
Guyana,GUY,2015,12.981348
Guyana,GUY,2016,17.78539
Guyana,GUY,2017,22.707193
Guyana,GUY,2018,18.81105
Guyana,GUY,2019,21.159763
Guyana,GUY,2020,31.034786
Guyana,GUY,2021,36.726746
Guyana,GUY,2022,35.137173
Haiti,HTI,1996,0.26078302
Haiti,HTI,1997,0.44943544
Haiti,HTI,1998,0.7410515
Haiti,HTI,1999,0.0993707
Haiti,HTI,2000,0.6575817
Haiti,HTI,2001,0.5546411
Haiti,HTI,2002,0.70054036
Haiti,HTI,2003,0.56279105
Haiti,HTI,2004,0.70929444
Haiti,HTI,2005,0.90163934
Haiti,HTI,2006,1.5244297
Haiti,HTI,2007,1.1223373
Haiti,HTI,2008,0.73656136
Haiti,HTI,2009,1.2043865
Haiti,HTI,2010,1.484195
Haiti,HTI,2011,1.8285602
Haiti,HTI,2012,1.6753113
Haiti,HTI,2013,2.8740911
Haiti,HTI,2014,3.5389152
Haiti,HTI,2015,3.215739
Haiti,HTI,2016,3.0455072
Haiti,HTI,2017,3.9028435
Haiti,HTI,2018,2.880766
Haiti,HTI,2019,3.1579905
Haiti,HTI,2020,3.7131417
Haiti,HTI,2021,3.5324364
Haiti,HTI,2022,3.2650633
High-income countries,OWID_HIC,1996,722.98267
High-income countries,OWID_HIC,1997,736.00574
High-income countries,OWID_HIC,1998,728.6869
High-income countries,OWID_HIC,1999,721.0308
High-income countries,OWID_HIC,2000,747.3337
High-income countries,OWID_HIC,2001,754.4516
High-income countries,OWID_HIC,2002,777.85846
High-income countries,OWID_HIC,2003,809.9944
High-income countries,OWID_HIC,2004,858.26056
High-income countries,OWID_HIC,2005,932.17615
High-income countries,OWID_HIC,2006,958.6366
High-income countries,OWID_HIC,2007,975.9653
High-income countries,OWID_HIC,2008,996.5906
High-income countries,OWID_HIC,2009,1020.0984
High-income countries,OWID_HIC,2010,1042.5361
High-income countries,OWID_HIC,2011,1076.0383
High-income countries,OWID_HIC,2012,1094.8777
High-income countries,OWID_HIC,2013,1105.8665
High-income countries,OWID_HIC,2014,1119.7723
High-income countries,OWID_HIC,2015,1125.1434
High-income countries,OWID_HIC,2016,1130.3787
High-income countries,OWID_HIC,2017,1136.9908
High-income countries,OWID_HIC,2018,1155.45
High-income countries,OWID_HIC,2019,1189.6448
High-income countries,OWID_HIC,2020,1214.4452
High-income countries,OWID_HIC,2021,1288.033
High-income countries,OWID_HIC,2022,1239.2234
Honduras,HND,1996,1.5599715
Honduras,HND,1997,2.3009317
Honduras,HND,1998,1.8606349
Honduras,HND,1999,2.9779096
Honduras,HND,2000,1.9565892
Honduras,HND,2001,1.1393915
Honduras,HND,2002,1.4786294
Honduras,HND,2003,1.4397659
Honduras,HND,2004,1.8413496
Honduras,HND,2005,1.8653835
Honduras,HND,2006,1.4758062
Honduras,HND,2007,1.540563
Honduras,HND,2008,2.2052803
Honduras,HND,2009,2.017119
Honduras,HND,2010,2.6249485
Honduras,HND,2011,2.2363813
Honduras,HND,2012,3.0315285
Honduras,HND,2013,2.1992786
Honduras,HND,2014,2.798153
Honduras,HND,2015,3.3472967
Honduras,HND,2016,3.4677732
Honduras,HND,2017,4.7496195
Honduras,HND,2018,4.7863793
Honduras,HND,2019,7.851255
Honduras,HND,2020,11.358111
Honduras,HND,2021,10.950568
Honduras,HND,2022,15.212341
Hungary,HUN,1996,340.83978
Hungary,HUN,1997,379.536
Hungary,HUN,1998,422.98062
Hungary,HUN,1999,388.9737
Hungary,HUN,2000,432.03824
Hungary,HUN,2001,426.78946
Hungary,HUN,2002,455.64807
Hungary,HUN,2003,459.3352
Hungary,HUN,2004,483.266
Hungary,HUN,2005,555.0227
Hungary,HUN,2006,556.8736
Hungary,HUN,2007,585.7547
Hungary,HUN,2008,645.7161
Hungary,HUN,2009,603.22473
Hungary,HUN,2010,595.44763
Hungary,HUN,2011,645.9683
Hungary,HUN,2012,655.89844
Hungary,HUN,2013,638.76636
Hungary,HUN,2014,678.3295
Hungary,HUN,2015,672.1989
Hungary,HUN,2016,669.1828
Hungary,HUN,2017,695.6163
Hungary,HUN,2018,708.33887
Hungary,HUN,2019,760.98236
Hungary,HUN,2020,802.6612
Hungary,HUN,2021,870.8431
Hungary,HUN,2022,916.36145
Iceland,ISL,1996,763.88165
Iceland,ISL,1997,826.32556
Iceland,ISL,1998,854.92633
Iceland,ISL,1999,823.7767
Iceland,ISL,2000,782.703
Iceland,ISL,2001,839.0065
Iceland,ISL,2002,1065.6538
Iceland,ISL,2003,905.80646
Iceland,ISL,2004,1052.61
Iceland,ISL,2005,1223.5874
Iceland,ISL,2006,1271.9319
Iceland,ISL,2007,1227.252
Iceland,ISL,2008,1334.5347
Iceland,ISL,2009,1508.4506
Iceland,ISL,2010,1788.2915
Iceland,ISL,2011,1718.5139
Iceland,ISL,2012,2011.7175
Iceland,ISL,2013,1819.7205
Iceland,ISL,2014,1824.4824
Iceland,ISL,2015,1859.831
Iceland,ISL,2016,2010.5891
Iceland,ISL,2017,1867.4142
Iceland,ISL,2018,2043.5983
Iceland,ISL,2019,1887.2153
Iceland,ISL,2020,1874.2139
Iceland,ISL,2021,2017.7976
Iceland,ISL,2022,2004.1727
India,IND,1996,19.296923
India,IND,1997,19.365274
India,IND,1998,19.356598
India,IND,1999,20.07046
India,IND,2000,20.236809
India,IND,2001,20.904516
India,IND,2002,22.15145
India,IND,2003,23.85187
India,IND,2004,25.138683
India,IND,2005,28.348932
India,IND,2006,32.17722
India,IND,2007,35.312244
India,IND,2008,39.537045
India,IND,2009,43.410336
India,IND,2010,48.46523
India,IND,2011,56.591602
India,IND,2012,61.106308
India,IND,2013,63.93544
India,IND,2014,69.97915
India,IND,2015,74.020424
India,IND,2016,79.976456
India,IND,2017,83.48322
India,IND,2018,94.73982
India,IND,2019,95.62039
India,IND,2020,105.80898
India,IND,2021,127.14307
India,IND,2022,145.4939
Indonesia,IDN,1996,1.4962279
Indonesia,IDN,1997,1.5350344
Indonesia,IDN,1998,1.5630989
Indonesia,IDN,1999,1.5751299
Indonesia,IDN,2000,1.8422995
Indonesia,IDN,2001,1.5066324
Indonesia,IDN,2002,1.7380459
Indonesia,IDN,2003,1.7185667
Indonesia,IDN,2004,2.071807
Indonesia,IDN,2005,2.6179914
Indonesia,IDN,2006,3.1198754
Indonesia,IDN,2007,2.7761896
Indonesia,IDN,2008,3.2143018
Indonesia,IDN,2009,4.5000405
Indonesia,IDN,2010,5.8711276
Indonesia,IDN,2011,7.786627
Indonesia,IDN,2012,8.354382
Indonesia,IDN,2013,11.003764
Indonesia,IDN,2014,12.957176
Indonesia,IDN,2015,17.089813
Indonesia,IDN,2016,25.52162
Indonesia,IDN,2017,48.63371
Indonesia,IDN,2018,80.73729
Indonesia,IDN,2019,113.7855
Indonesia,IDN,2020,119.701355
Indonesia,IDN,2021,142.9626
Indonesia,IDN,2022,114.57533
Iran,IRN,1996,10.326599
Iran,IRN,1997,13.528989
Iran,IRN,1998,15.020492
Iran,IRN,1999,18.051691
Iran,IRN,2000,23.47488
Iran,IRN,2001,28.323101
Iran,IRN,2002,40.47944
Iran,IRN,2003,56.805984
Iran,IRN,2004,73.67537
Iran,IRN,2005,99.43789
Iran,IRN,2006,136.41225
Iran,IRN,2007,174.08484
Iran,IRN,2008,223.07922
Iran,IRN,2009,267.14832
Iran,IRN,2010,320.22964
Iran,IRN,2011,397.5505
Iran,IRN,2012,396.39813
Iran,IRN,2013,402.67023
Iran,IRN,2014,434.93033
Iran,IRN,2015,446.44925
Iran,IRN,2016,500.3197
Iran,IRN,2017,538.96875
Iran,IRN,2018,565.58936
Iran,IRN,2019,626.1287
Iran,IRN,2020,649.3817
Iran,IRN,2021,671.2343
Iran,IRN,2022,680.70746
Iraq,IRQ,1996,3.3914194
Iraq,IRQ,1997,3.5925264
Iraq,IRQ,1998,2.970583
Iraq,IRQ,1999,2.565944
Iraq,IRQ,2000,3.7659595
Iraq,IRQ,2001,3.5364141
Iraq,IRQ,2002,3.9724593
Iraq,IRQ,2003,4.5029116
Iraq,IRQ,2004,3.3628402
Iraq,IRQ,2005,4.98144
Iraq,IRQ,2006,8.718042
Iraq,IRQ,2007,8.561686
Iraq,IRQ,2008,10.5836735
Iraq,IRQ,2009,12.089211
Iraq,IRQ,2010,17.266666
Iraq,IRQ,2011,18.574738
Iraq,IRQ,2012,25.030575
Iraq,IRQ,2013,22.82666
Iraq,IRQ,2014,22.057693
Iraq,IRQ,2015,22.352451
Iraq,IRQ,2016,31.027596
Iraq,IRQ,2017,50.11674
Iraq,IRQ,2018,86.32425
Iraq,IRQ,2019,155.02097
Iraq,IRQ,2020,178.57613
Iraq,IRQ,2021,264.71674
Iraq,IRQ,2022,304.23035
Ireland,IRL,1996,583.23413
Ireland,IRL,1997,595.70715
Ireland,IRL,1998,623.3098
Ireland,IRL,1999,609.8537
Ireland,IRL,2000,685.3169
Ireland,IRL,2001,718.0951
Ireland,IRL,2002,772.9987
Ireland,IRL,2003,789.882
Ireland,IRL,2004,946.15533
Ireland,IRL,2005,1146.6727
Ireland,IRL,2006,1149.979
Ireland,IRL,2007,1252.0602
Ireland,IRL,2008,1278.0162
Ireland,IRL,2009,1401.119
Ireland,IRL,2010,1522.0798
Ireland,IRL,2011,1572.0629
Ireland,IRL,2012,1525.9288
Ireland,IRL,2013,1530.6405
Ireland,IRL,2014,1542.9307
Ireland,IRL,2015,1466.7977
Ireland,IRL,2016,1501.022
Ireland,IRL,2017,1509.894
Ireland,IRL,2018,1522.4677
Ireland,IRL,2019,1607.397
Ireland,IRL,2020,1689.311
Ireland,IRL,2021,1846.5597
Ireland,IRL,2022,1775.285
Israel,ISR,1996,1474.083
Israel,ISR,1997,1497.6936
Israel,ISR,1998,1425.4363
Israel,ISR,1999,1386.6824
Israel,ISR,2000,1486.0455
Israel,ISR,2001,1455.1871
Israel,ISR,2002,1473.5602
Israel,ISR,2003,1485.0188
Israel,ISR,2004,1536.7147
Israel,ISR,2005,1525.7384
Israel,ISR,2006,1591.5265
Israel,ISR,2007,1567.7749
Israel,ISR,2008,1559.152
Israel,ISR,2009,1500.6453
Israel,ISR,2010,1437.6042
Israel,ISR,2011,1451.0005
Israel,ISR,2012,1468.275
Israel,ISR,2013,1413.3271
Israel,ISR,2014,1471.1637
Israel,ISR,2015,1461.7773
Israel,ISR,2016,1460.2926
Israel,ISR,2017,1435.4309
Israel,ISR,2018,1435.6171
Israel,ISR,2019,1465.3987
Israel,ISR,2020,1484.024
Israel,ISR,2021,1614.7949
Israel,ISR,2022,1613.1268
Italy,ITA,1996,602.24536
Italy,ITA,1997,617.99615
Italy,ITA,1998,599.711
Italy,ITA,1999,602.32635
Italy,ITA,2000,635.90283
Italy,ITA,2001,656.7547
Italy,ITA,2002,684.7896
Italy,ITA,2003,741.2832
Italy,ITA,2004,770.6822
Italy,ITA,2005,826.8304
Italy,ITA,2006,873.3274
Italy,ITA,2007,924.9718
Italy,ITA,2008,952.7897
Italy,ITA,2009,982.1431
Italy,ITA,2010,982.5686
Italy,ITA,2011,1008.2463
Italy,ITA,2012,1065.4456
Italy,ITA,2013,1117.2047
Italy,ITA,2014,1145.3717
Italy,ITA,2015,1177.9429
Italy,ITA,2016,1177.6348
Italy,ITA,2017,1201.9059
Italy,ITA,2018,1225.1932
Italy,ITA,2019,1308.0989
Italy,ITA,2020,1451.9395
Italy,ITA,2021,1570.6466
Italy,ITA,2022,1534.9943
Jamaica,JAM,1996,49.642242
Jamaica,JAM,1997,42.098274
Jamaica,JAM,1998,37.256744
Jamaica,JAM,1999,43.76408
Jamaica,JAM,2000,41.04952
Jamaica,JAM,2001,57.788383
Jamaica,JAM,2002,56.018166
Jamaica,JAM,2003,53.270638
Jamaica,JAM,2004,63.16085
Jamaica,JAM,2005,54.014305
Jamaica,JAM,2006,53.388264
Jamaica,JAM,2007,64.297295
Jamaica,JAM,2008,81.236115
Jamaica,JAM,2009,75.60481
Jamaica,JAM,2010,63.298412
Jamaica,JAM,2011,72.28779
Jamaica,JAM,2012,74.649315
Jamaica,JAM,2013,72.35727
Jamaica,JAM,2014,74.69175
Jamaica,JAM,2015,55.39986
Jamaica,JAM,2016,57.720608
Jamaica,JAM,2017,59.852318
Jamaica,JAM,2018,70.139435
Jamaica,JAM,2019,54.149956
Jamaica,JAM,2020,60.835705
Jamaica,JAM,2021,74.78287
Jamaica,JAM,2022,59.197422
Japan,JPN,1996,706.18225
Japan,JPN,1997,728.958
Japan,JPN,1998,729.79266
Japan,JPN,1999,743.85077
Japan,JPN,2000,761.62823
Japan,JPN,2001,755.8296
Japan,JPN,2002,770.093
Japan,JPN,2003,793.7955
Japan,JPN,2004,812.68665
Japan,JPN,2005,878.5681
Japan,JPN,2006,887.9906
Japan,JPN,2007,852.65216
Japan,JPN,2008,840.32184
Japan,JPN,2009,851.4572
Japan,JPN,2010,849.0114
Japan,JPN,2011,864.07635
Japan,JPN,2012,854.35156
Japan,JPN,2013,851.74866
Japan,JPN,2014,827.2306
Japan,JPN,2015,802.4044
Japan,JPN,2016,806.2051
Japan,JPN,2017,806.6775
Japan,JPN,2018,819.7824
Japan,JPN,2019,821.31525
Japan,JPN,2020,814.0923
Japan,JPN,2021,867.8669
Japan,JPN,2022,828.95483
Jordan,JOR,1996,70.85574
Jordan,JOR,1997,79.93802
Jordan,JOR,1998,88.610535
Jordan,JOR,1999,90.32599
Jordan,JOR,2000,99.60748
Jordan,JOR,2001,98.16156
Jordan,JOR,2002,105.04506
Jordan,JOR,2003,114.45484
Jordan,JOR,2004,126.22447
Jordan,JOR,2005,130.79669
Jordan,JOR,2006,142.61197
Jordan,JOR,2007,151.92404
Jordan,JOR,2008,177.40968
Jordan,JOR,2009,179.52736
Jordan,JOR,2010,196.71666
Jordan,JOR,2011,189.30478
Jordan,JOR,2012,181.9292
Jordan,JOR,2013,175.63608
Jordan,JOR,2014,155.65913
Jordan,JOR,2015,148.9817
Jordan,JOR,2016,167.09862
Jordan,JOR,2017,194.92339
Jordan,JOR,2018,236.2787
Jordan,JOR,2019,282.0297
Jordan,JOR,2020,310.48312
Jordan,JOR,2021,367.68924
Jordan,JOR,2022,466.34927
Kazakhstan,KAZ,1996,13.993033
Kazakhstan,KAZ,1997,10.381312
Kazakhstan,KAZ,1998,13.542492
Kazakhstan,KAZ,1999,10.586914
Kazakhstan,KAZ,2000,12.4487915
Kazakhstan,KAZ,2001,13.123775
Kazakhstan,KAZ,2002,14.710018
Kazakhstan,KAZ,2003,16.18555
Kazakhstan,KAZ,2004,15.233917
Kazakhstan,KAZ,2005,15.6875105
Kazakhstan,KAZ,2006,14.329612
Kazakhstan,KAZ,2007,14.046072
Kazakhstan,KAZ,2008,14.550247
Kazakhstan,KAZ,2009,16.408094
Kazakhstan,KAZ,2010,19.124168
Kazakhstan,KAZ,2011,22.382513
Kazakhstan,KAZ,2012,25.860813
Kazakhstan,KAZ,2013,35.400562
Kazakhstan,KAZ,2014,50.89276
Kazakhstan,KAZ,2015,61.400112
Kazakhstan,KAZ,2016,80.08288
Kazakhstan,KAZ,2017,90.608315
Kazakhstan,KAZ,2018,104.245415
Kazakhstan,KAZ,2019,125.62083
Kazakhstan,KAZ,2020,149.21376
Kazakhstan,KAZ,2021,166.88596
Kazakhstan,KAZ,2022,177.2308
Kenya,KEN,1996,14.350021
Kenya,KEN,1997,14.561006
Kenya,KEN,1998,12.479552
Kenya,KEN,1999,12.17923
Kenya,KEN,2000,11.75085
Kenya,KEN,2001,12.805523
Kenya,KEN,2002,13.519541
Kenya,KEN,2003,12.617888
Kenya,KEN,2004,12.978829
Kenya,KEN,2005,12.866068
Kenya,KEN,2006,13.103455
Kenya,KEN,2007,14.349169
Kenya,KEN,2008,15.077149
Kenya,KEN,2009,17.390726
Kenya,KEN,2010,18.04413
Kenya,KEN,2011,19.430305
Kenya,KEN,2012,18.036242
Kenya,KEN,2013,18.97757
Kenya,KEN,2014,20.319233
Kenya,KEN,2015,21.276733
Kenya,KEN,2016,22.854946
Kenya,KEN,2017,24.21614
Kenya,KEN,2018,26.585281
Kenya,KEN,2019,28.574007
Kenya,KEN,2020,34.208374
Kenya,KEN,2021,37.14301
Kenya,KEN,2022,36.996296
Kiribati,KIR,1996,2.0575385
Kiribati,KIR,1997,3.9217086
Kiribati,KIR,1998,0
Kiribati,KIR,1999,0
Kiribati,KIR,2000,0
Kiribati,KIR,2001,5.534953
Kiribati,KIR,2002,0
Kiribati,KIR,2003,1.1680382
Kiribati,KIR,2004,0
Kiribati,KIR,2005,0
Kiribati,KIR,2006,3.5993884
Kiribati,KIR,2007,20.770466
Kiribati,KIR,2008,0
Kiribati,KIR,2009,3.0995522
Kiribati,KIR,2010,3.035767
Kiribati,KIR,2011,0
Kiribati,KIR,2012,8.905989
Kiribati,KIR,2013,9.223633
Kiribati,KIR,2014,16.821878
Kiribati,KIR,2015,12.669606
Kiribati,KIR,2016,18.315638
Kiribati,KIR,2017,21.11827
Kiribati,KIR,2018,5.0784707
Kiribati,KIR,2019,32.03654
Kiribati,KIR,2020,29.421328
Kiribati,KIR,2021,18.383354
Kiribati,KIR,2022,15.559252
Kosovo,OWID_KOS,1996,0
Kosovo,OWID_KOS,1997,0
Kosovo,OWID_KOS,1998,0
Kosovo,OWID_KOS,1999,0
Kosovo,OWID_KOS,2000,0
Kosovo,OWID_KOS,2001,0
Kosovo,OWID_KOS,2002,0
Kosovo,OWID_KOS,2003,0
Kosovo,OWID_KOS,2004,0
Kosovo,OWID_KOS,2005,0
Kosovo,OWID_KOS,2006,0
Kosovo,OWID_KOS,2007,0
Kosovo,OWID_KOS,2008,31.929224
Kosovo,OWID_KOS,2009,55.58091
Kosovo,OWID_KOS,2010,63.54183
Kosovo,OWID_KOS,2011,59.337627
Kosovo,OWID_KOS,2012,62.502556
Kosovo,OWID_KOS,2013,66.87681
Kosovo,OWID_KOS,2014,63.88502
Kosovo,OWID_KOS,2015,73.78064
Kosovo,OWID_KOS,2016,101.26757
Kosovo,OWID_KOS,2017,121.91384
Kosovo,OWID_KOS,2018,143.51567
Kosovo,OWID_KOS,2019,152.36255
Kosovo,OWID_KOS,2020,149.59631
Kosovo,OWID_KOS,2021,171.55457
Kosovo,OWID_KOS,2022,242.27191
Kuwait,KWT,1996,274.57367
Kuwait,KWT,1997,274.0251
Kuwait,KWT,1998,295.19025
Kuwait,KWT,1999,296.10583
Kuwait,KWT,2000,258.72394
Kuwait,KWT,2001,261.96628
Kuwait,KWT,2002,248.8915
Kuwait,KWT,2003,253.70624
Kuwait,KWT,2004,263.92468
Kuwait,KWT,2005,280.17856
Kuwait,KWT,2006,277.58737
Kuwait,KWT,2007,290.1287
Kuwait,KWT,2008,288.65277
Kuwait,KWT,2009,286.7911
Kuwait,KWT,2010,252.98195
Kuwait,KWT,2011,253.88356
Kuwait,KWT,2012,246.74052
Kuwait,KWT,2013,248.30922
Kuwait,KWT,2014,213.8943
Kuwait,KWT,2015,225.41487
Kuwait,KWT,2016,203.89871
Kuwait,KWT,2017,204.76498
Kuwait,KWT,2018,231.54309
Kuwait,KWT,2019,261.618
Kuwait,KWT,2020,257.81616
Kuwait,KWT,2021,287.82822
Kuwait,KWT,2022,290.77643
Kyrgyzstan,KGZ,1996,5.6973867
Kyrgyzstan,KGZ,1997,5.512708
Kyrgyzstan,KGZ,1998,6.6344934
Kyrgyzstan,KGZ,1999,6.400268
Kyrgyzstan,KGZ,2000,5.8958483
Kyrgyzstan,KGZ,2001,6.212244
Kyrgyzstan,KGZ,2002,5.9029746
Kyrgyzstan,KGZ,2003,4.3027315
Kyrgyzstan,KGZ,2004,6.6820602
Kyrgyzstan,KGZ,2005,8.683542
Kyrgyzstan,KGZ,2006,10.13151
Kyrgyzstan,KGZ,2007,7.258392
Kyrgyzstan,KGZ,2008,9.695926
Kyrgyzstan,KGZ,2009,6.4438405
Kyrgyzstan,KGZ,2010,6.3690553
Kyrgyzstan,KGZ,2011,8.93883
Kyrgyzstan,KGZ,2012,9.191313
Kyrgyzstan,KGZ,2013,9.700285
Kyrgyzstan,KGZ,2014,8.603337
Kyrgyzstan,KGZ,2015,7.9867077
Kyrgyzstan,KGZ,2016,17.212013
Kyrgyzstan,KGZ,2017,18.310698
Kyrgyzstan,KGZ,2018,20.952568
Kyrgyzstan,KGZ,2019,28.246439
Kyrgyzstan,KGZ,2020,31.158403
Kyrgyzstan,KGZ,2021,36.84451
Kyrgyzstan,KGZ,2022,33.953053
Laos,LAO,1996,0.8779791
Laos,LAO,1997,0.7880418
Laos,LAO,1998,1.5528938
Laos,LAO,1999,1.1552612
Laos,LAO,2000,1.5779166
Laos,LAO,2001,1.2695867
Laos,LAO,2002,2.1903837
Laos,LAO,2003,3.109893
Laos,LAO,2004,6.565627
Laos,LAO,2005,4.11277
Laos,LAO,2006,6.945935
Laos,LAO,2007,4.65966
Laos,LAO,2008,5.63997
Laos,LAO,2009,6.72259
Laos,LAO,2010,6.867488
Laos,LAO,2011,7.70393
Laos,LAO,2012,9.634946
Laos,LAO,2013,10.906943
Laos,LAO,2014,8.445255
Laos,LAO,2015,10.43277
Laos,LAO,2016,12.882117
Laos,LAO,2017,11.230885
Laos,LAO,2018,12.599527
Laos,LAO,2019,13.081619
Laos,LAO,2020,12.281984
Laos,LAO,2021,11.687607
Laos,LAO,2022,11.103311
Latin America and Caribbean (WB),WB_LAC,1996,39.556644
Latin America and Caribbean (WB),WB_LAC,1997,44.96002
Latin America and Caribbean (WB),WB_LAC,1998,47.222366
Latin America and Caribbean (WB),WB_LAC,1999,49.886597
Latin America and Caribbean (WB),WB_LAC,2000,52.97109
Latin America and Caribbean (WB),WB_LAC,2001,55.9692
Latin America and Caribbean (WB),WB_LAC,2002,62.157993
Latin America and Caribbean (WB),WB_LAC,2003,65.75744
Latin America and Caribbean (WB),WB_LAC,2004,70.94715
Latin America and Caribbean (WB),WB_LAC,2005,78.809364
Latin America and Caribbean (WB),WB_LAC,2006,95.09094
Latin America and Caribbean (WB),WB_LAC,2007,99.329185
Latin America and Caribbean (WB),WB_LAC,2008,111.16343
Latin America and Caribbean (WB),WB_LAC,2009,118.19111
Latin America and Caribbean (WB),WB_LAC,2010,125.092514
Latin America and Caribbean (WB),WB_LAC,2011,130.67427
Latin America and Caribbean (WB),WB_LAC,2012,140.04759
Latin America and Caribbean (WB),WB_LAC,2013,143.77994
Latin America and Caribbean (WB),WB_LAC,2014,151.01932
Latin America and Caribbean (WB),WB_LAC,2015,152.99915
Latin America and Caribbean (WB),WB_LAC,2016,160.24365
Latin America and Caribbean (WB),WB_LAC,2017,168.21005
Latin America and Caribbean (WB),WB_LAC,2018,179.13379
Latin America and Caribbean (WB),WB_LAC,2019,190.32529
Latin America and Caribbean (WB),WB_LAC,2020,203.7318
Latin America and Caribbean (WB),WB_LAC,2021,215.0671
Latin America and Caribbean (WB),WB_LAC,2022,199.47977
Latvia,LVA,1996,138.26183
Latvia,LVA,1997,169.31985
Latvia,LVA,1998,136.15662
Latvia,LVA,1999,138.91759
Latvia,LVA,2000,123.62569
Latvia,LVA,2001,151.99152
Latvia,LVA,2002,160.7109
Latvia,LVA,2003,128.04884
Latvia,LVA,2004,133.1877
Latvia,LVA,2005,203.31883
Latvia,LVA,2006,178.75842
Latvia,LVA,2007,228.04358
Latvia,LVA,2008,299.11975
Latvia,LVA,2009,332.93658
Latvia,LVA,2010,386.40225
Latvia,LVA,2011,616.92694
Latvia,LVA,2012,563.943
Latvia,LVA,2013,592.2748
Latvia,LVA,2014,583.449
Latvia,LVA,2015,707.29755
Latvia,LVA,2016,687.8921
Latvia,LVA,2017,801.6896
Latvia,LVA,2018,751.7172
Latvia,LVA,2019,837.7738
Latvia,LVA,2020,815.3442
Latvia,LVA,2021,1010.0929
Latvia,LVA,2022,899.4654
Lebanon,LBN,1996,55.10584
Lebanon,LBN,1997,62.79809
Lebanon,LBN,1998,66.185455
Lebanon,LBN,1999,72.92593
Lebanon,LBN,2000,95.79058
Lebanon,LBN,2001,98.841
Lebanon,LBN,2002,88.708336
Lebanon,LBN,2003,104.24686
Lebanon,LBN,2004,108.58224
Lebanon,LBN,2005,123.527596
Lebanon,LBN,2006,136.56734
Lebanon,LBN,2007,136.61723
Lebanon,LBN,2008,150.33438
Lebanon,LBN,2009,158.02777
Lebanon,LBN,2010,158.50116
Lebanon,LBN,2011,173.16847
Lebanon,LBN,2012,195.55203
Lebanon,LBN,2013,191.49861
Lebanon,LBN,2014,192.07687
Lebanon,LBN,2015,201.06548
Lebanon,LBN,2016,232.80185
Lebanon,LBN,2017,253.47038
Lebanon,LBN,2018,318.7186
Lebanon,LBN,2019,361.7734
Lebanon,LBN,2020,392.235
Lebanon,LBN,2021,386.02536
Lebanon,LBN,2022,364.03064
Lesotho,LSO,1996,4.8164234
Lesotho,LSO,1997,4.9041057
Lesotho,LSO,1998,1.1260985
Lesotho,LSO,1999,4.1882277
Lesotho,LSO,2000,4.0770235
Lesotho,LSO,2001,6.122389
Lesotho,LSO,2002,6.3067794
Lesotho,LSO,2003,3.2391984
Lesotho,LSO,2004,2.7294004
Lesotho,LSO,2005,3.5994503
Lesotho,LSO,2006,6.1283364
Lesotho,LSO,2007,4.9916344
Lesotho,LSO,2008,6.061404
Lesotho,LSO,2009,5.7802505
Lesotho,LSO,2010,6.101437
Lesotho,LSO,2011,7.269084
Lesotho,LSO,2012,10.450492
Lesotho,LSO,2013,7.3863215
Lesotho,LSO,2014,5.591107
Lesotho,LSO,2015,7.8446803
Lesotho,LSO,2016,10.134143
Lesotho,LSO,2017,11.529315
Lesotho,LSO,2018,9.667508
Lesotho,LSO,2019,17.081522
Lesotho,LSO,2020,15.346239
Lesotho,LSO,2021,19.42922
Lesotho,LSO,2022,20.978868
Liberia,LBR,1996,0.5106866
Liberia,LBR,1997,0
Liberia,LBR,1998,0.23594409
Liberia,LBR,1999,0
Liberia,LBR,2000,0.3415164
Liberia,LBR,2001,0
Liberia,LBR,2002,0.22295593
Liberia,LBR,2003,0.3205609
Liberia,LBR,2004,0.4498095
Liberia,LBR,2005,0.3271721
Liberia,LBR,2006,1.0169626
Liberia,LBR,2007,1.131083
Liberia,LBR,2008,0.5600624
Liberia,LBR,2009,0.5909164
Liberia,LBR,2010,1.0741854
Liberia,LBR,2011,2.1842244
Liberia,LBR,2012,1.7081926
Liberia,LBR,2013,0.77400786
Liberia,LBR,2014,2.070419
Liberia,LBR,2015,2.298564
Liberia,LBR,2016,3.6146798
Liberia,LBR,2017,4.3494177
Liberia,LBR,2018,5.1226296
Liberia,LBR,2019,4.3578935
Liberia,LBR,2020,2.0584671
Liberia,LBR,2021,4.9740243
Liberia,LBR,2022,4.8219957
Libya,LBY,1996,7.390635
Libya,LBY,1997,8.288843
Libya,LBY,1998,10.529686
Libya,LBY,1999,7.554563
Libya,LBY,2000,11.575826
Libya,LBY,2001,8.492425
Libya,LBY,2002,7.46858
Libya,LBY,2003,9.262558
Libya,LBY,2004,11.438646
Libya,LBY,2005,13.221142
Libya,LBY,2006,15.445944
Libya,LBY,2007,19.28779
Libya,LBY,2008,21.668114
Libya,LBY,2009,37.51245
Libya,LBY,2010,45.659798
Libya,LBY,2011,19.789686
Libya,LBY,2012,24.646694
Libya,LBY,2013,32.315945
Libya,LBY,2014,30.258654
Libya,LBY,2015,26.91287
Libya,LBY,2016,21.175714
Libya,LBY,2017,24.132
Libya,LBY,2018,24.50557
Libya,LBY,2019,26.781631
Libya,LBY,2020,34.91073
Libya,LBY,2021,63.947975
Libya,LBY,2022,56.47301
Liechtenstein,LIE,1996,389.26303
Liechtenstein,LIE,1997,560.64294
Liechtenstein,LIE,1998,142.09927
Liechtenstein,LIE,1999,562.3662
Liechtenstein,LIE,2000,486.13876
Liechtenstein,LIE,2001,247.63512
Liechtenstein,LIE,2002,227.0434
Liechtenstein,LIE,2003,470.08423
Liechtenstein,LIE,2004,603.5359
Liechtenstein,LIE,2005,994.73425
Liechtenstein,LIE,2006,1010.9313
Liechtenstein,LIE,2007,711.24725
Liechtenstein,LIE,2008,1126.2087
Liechtenstein,LIE,2009,663.3652
Liechtenstein,LIE,2010,1051.0244
Liechtenstein,LIE,2011,1073.199
Liechtenstein,LIE,2012,839.1303
Liechtenstein,LIE,2013,851.1789
Liechtenstein,LIE,2014,1081.6688
Liechtenstein,LIE,2015,875.6068
Liechtenstein,LIE,2016,1202.1423
Liechtenstein,LIE,2017,950.9509
Liechtenstein,LIE,2018,810.2808
Liechtenstein,LIE,2019,825.9212
Liechtenstein,LIE,2020,1038.2766
Liechtenstein,LIE,2021,1026.2366
Liechtenstein,LIE,2022,1032.8413
Lithuania,LTU,1996,118.30254
Lithuania,LTU,1997,131.91663
Lithuania,LTU,1998,151.49335
Lithuania,LTU,1999,162.9487
Lithuania,LTU,2000,171.15697
Lithuania,LTU,2001,183.99408
Lithuania,LTU,2002,290.11053
Lithuania,LTU,2003,283.79196
Lithuania,LTU,2004,376.43524
Lithuania,LTU,2005,458.6267
Lithuania,LTU,2006,541.61755
Lithuania,LTU,2007,526.659
Lithuania,LTU,2008,791.9941
Lithuania,LTU,2009,726.52576
Lithuania,LTU,2010,755.13306
Lithuania,LTU,2011,807.05
Lithuania,LTU,2012,751.8152
Lithuania,LTU,2013,756.569
Lithuania,LTU,2014,832.1653
Lithuania,LTU,2015,849.8617
Lithuania,LTU,2016,811.7992
Lithuania,LTU,2017,844.43713
Lithuania,LTU,2018,834.96735
Lithuania,LTU,2019,922.9946
Lithuania,LTU,2020,1027.9468
Lithuania,LTU,2021,1104.7472
Lithuania,LTU,2022,1106.2922
Low-income countries,OWID_LIC,1996,1.9652351
Low-income countries,OWID_LIC,1997,2.0492134
Low-income countries,OWID_LIC,1998,2.3274574
Low-income countries,OWID_LIC,1999,2.1431582
Low-income countries,OWID_LIC,2000,2.0678062
Low-income countries,OWID_LIC,2001,2.211605
Low-income countries,OWID_LIC,2002,1.9958144
Low-income countries,OWID_LIC,2003,2.2770655
Low-income countries,OWID_LIC,2004,2.5805311
Low-income countries,OWID_LIC,2005,2.679937
Low-income countries,OWID_LIC,2006,2.8411667
Low-income countries,OWID_LIC,2007,3.2902756
Low-income countries,OWID_LIC,2008,3.3221705
Low-income countries,OWID_LIC,2009,3.5732899
Low-income countries,OWID_LIC,2010,4.185016
Low-income countries,OWID_LIC,2011,4.396064
Low-income countries,OWID_LIC,2012,4.510894
Low-income countries,OWID_LIC,2013,4.547743
Low-income countries,OWID_LIC,2014,4.6758795
Low-income countries,OWID_LIC,2015,4.957463
Low-income countries,OWID_LIC,2016,5.3707747
Low-income countries,OWID_LIC,2017,5.5777097
Low-income countries,OWID_LIC,2018,6.1637096
Low-income countries,OWID_LIC,2019,6.7179956
Low-income countries,OWID_LIC,2020,7.64531
Low-income countries,OWID_LIC,2021,9.4381895
Low-income countries,OWID_LIC,2022,9.575616
Lower-middle-income countries,OWID_LMC,1996,14.016462
Lower-middle-income countries,OWID_LMC,1997,14.304313
Lower-middle-income countries,OWID_LMC,1998,14.286194
Lower-middle-income countries,OWID_LMC,1999,14.765735
Lower-middle-income countries,OWID_LMC,2000,15.048412
Lower-middle-income countries,OWID_LMC,2001,15.677797
Lower-middle-income countries,OWID_LMC,2002,16.519894
Lower-middle-income countries,OWID_LMC,2003,17.794018
Lower-middle-income countries,OWID_LMC,2004,18.779375
Lower-middle-income countries,OWID_LMC,2005,21.086992
Lower-middle-income countries,OWID_LMC,2006,23.627836
Lower-middle-income countries,OWID_LMC,2007,25.930326
Lower-middle-income countries,OWID_LMC,2008,28.964138
Lower-middle-income countries,OWID_LMC,2009,32.154556
Lower-middle-income countries,OWID_LMC,2010,35.521076
Lower-middle-income countries,OWID_LMC,2011,40.298298
Lower-middle-income countries,OWID_LMC,2012,43.20641
Lower-middle-income countries,OWID_LMC,2013,45.15782
Lower-middle-income countries,OWID_LMC,2014,48.8664
Lower-middle-income countries,OWID_LMC,2015,51.485573
Lower-middle-income countries,OWID_LMC,2016,56.77995
Lower-middle-income countries,OWID_LMC,2017,59.959846
Lower-middle-income countries,OWID_LMC,2018,67.78177
Lower-middle-income countries,OWID_LMC,2019,72.767784
Lower-middle-income countries,OWID_LMC,2020,80.80171
Lower-middle-income countries,OWID_LMC,2021,96.308655
Lower-middle-income countries,OWID_LMC,2022,106.938194
Luxembourg,LUX,1996,113.24763
Luxembourg,LUX,1997,120.348076
Luxembourg,LUX,1998,132.35225
Luxembourg,LUX,1999,124.79238
Luxembourg,LUX,2000,149.62181
Luxembourg,LUX,2001,151.88268
Luxembourg,LUX,2002,186.20497
Luxembourg,LUX,2003,196.90898
Luxembourg,LUX,2004,341.39206
Luxembourg,LUX,2005,355.3416
Luxembourg,LUX,2006,432.80573
Luxembourg,LUX,2007,459.40253
Luxembourg,LUX,2008,661.5983
Luxembourg,LUX,2009,794.4225
Luxembourg,LUX,2010,893.357
Luxembourg,LUX,2011,1134.0474
Luxembourg,LUX,2012,1118.4377
Luxembourg,LUX,2013,1409.6364
Luxembourg,LUX,2014,1575.1035
Luxembourg,LUX,2015,1432.6796
Luxembourg,LUX,2016,1502.3694
Luxembourg,LUX,2017,1393.7109
Luxembourg,LUX,2018,1499.4818
Luxembourg,LUX,2019,1540.8685
Luxembourg,LUX,2020,1554.8071
Luxembourg,LUX,2021,1680.9413
Luxembourg,LUX,2022,1792.3666
Madagascar,MDG,1996,3.5787358
Madagascar,MDG,1997,2.2940714
Madagascar,MDG,1998,2.3926096
Madagascar,MDG,1999,3.6867585
Madagascar,MDG,2000,3.6727269
Madagascar,MDG,2001,3.628264
Madagascar,MDG,2002,2.34759
Madagascar,MDG,2003,3.6216538
Madagascar,MDG,2004,2.6555083
Madagascar,MDG,2005,2.9911733
Madagascar,MDG,2006,3.106294
Madagascar,MDG,2007,5.366516
Madagascar,MDG,2008,3.9495618
Madagascar,MDG,2009,3.980085
Madagascar,MDG,2010,3.6135228
Madagascar,MDG,2011,4.224815
Madagascar,MDG,2012,4.011092
Madagascar,MDG,2013,4.6745467
Madagascar,MDG,2014,4.6001616
Madagascar,MDG,2015,4.182611
Madagascar,MDG,2016,3.8582444
Madagascar,MDG,2017,4.9737997
Madagascar,MDG,2018,4.5390196
Madagascar,MDG,2019,4.3391895
Madagascar,MDG,2020,6.070411
Madagascar,MDG,2021,5.867081
Madagascar,MDG,2022,5.146981
Malawi,MWI,1996,5.8035817
Malawi,MWI,1997,5.2660303
Malawi,MWI,1998,4.6197143
Malawi,MWI,1999,4.8833237
Malawi,MWI,2000,5.776806
Malawi,MWI,2001,6.499579
Malawi,MWI,2002,6.5915065
Malawi,MWI,2003,6.202811
Malawi,MWI,2004,6.5820117
Malawi,MWI,2005,6.6674294
Malawi,MWI,2006,6.624137
Malawi,MWI,2007,9.60126
Malawi,MWI,2008,8.040688
Malawi,MWI,2009,7.3938293
Malawi,MWI,2010,8.550252
Malawi,MWI,2011,9.246629
Malawi,MWI,2012,10.03146
Malawi,MWI,2013,8.388909
Malawi,MWI,2014,10.32937
Malawi,MWI,2015,10.464961
Malawi,MWI,2016,11.129565
Malawi,MWI,2017,13.016281
Malawi,MWI,2018,13.275525
Malawi,MWI,2019,13.26623
Malawi,MWI,2020,14.8982115
Malawi,MWI,2021,18.550169
Malawi,MWI,2022,17.586407
Malaysia,MYS,1996,38.39984
Malaysia,MYS,1997,41.502735
Malaysia,MYS,1998,42.051037
Malaysia,MYS,1999,44.278423
Malaysia,MYS,2000,57.7913
Malaysia,MYS,2001,49.76295
Malaysia,MYS,2002,61.58828
Malaysia,MYS,2003,71.37676
Malaysia,MYS,2004,82.883125
Malaysia,MYS,2005,97.09526
Malaysia,MYS,2006,121.53763
Malaysia,MYS,2007,139.41425
Malaysia,MYS,2008,212.5262
Malaysia,MYS,2009,279.13892
Malaysia,MYS,2010,381.69235
Malaysia,MYS,2011,464.65305
Malaysia,MYS,2012,478.83395
Malaysia,MYS,2013,497.40897
Malaysia,MYS,2014,541.058
Malaysia,MYS,2015,579.51776
Malaysia,MYS,2016,589.7334
Malaysia,MYS,2017,615.0692
Malaysia,MYS,2018,607.472
Malaysia,MYS,2019,647.46814
Malaysia,MYS,2020,648.96277
Malaysia,MYS,2021,767.23566
Malaysia,MYS,2022,763.97095
Maldives,MDV,1996,26.987158
Maldives,MDV,1997,3.7354271
Maldives,MDV,1998,7.84679
Maldives,MDV,1999,7.2094936
Maldives,MDV,2000,1.7729301
Maldives,MDV,2001,17.71473
Maldives,MDV,2002,3.429167
Maldives,MDV,2003,8.162137
Maldives,MDV,2004,5.5405703
Maldives,MDV,2005,12.107209
Maldives,MDV,2006,14.752224
Maldives,MDV,2007,14.885401
Maldives,MDV,2008,2.7367105
Maldives,MDV,2009,11.341613
Maldives,MDV,2010,9.035677
Maldives,MDV,2011,19.803358
Maldives,MDV,2012,20.888376
Maldives,MDV,2013,17.59692
Maldives,MDV,2014,14.191873
Maldives,MDV,2015,16.536106
Maldives,MDV,2016,15.339223
Maldives,MDV,2017,15.405193
Maldives,MDV,2018,15.113116
Maldives,MDV,2019,22.491907
Maldives,MDV,2020,49.470444
Maldives,MDV,2021,48.938885
Maldives,MDV,2022,68.44035
Mali,MLI,1996,3.047867
Mali,MLI,1997,2.0147476
Mali,MLI,1998,3.706189
Mali,MLI,1999,2.0022418
Mali,MLI,2000,1.3850331
Mali,MLI,2001,2.3832793
Mali,MLI,2002,2.6782117
Mali,MLI,2003,2.7875543
Mali,MLI,2004,2.6369195
Mali,MLI,2005,3.0231972
Mali,MLI,2006,4.689732
Mali,MLI,2007,4.68606
Mali,MLI,2008,4.3632255
Mali,MLI,2009,4.464373
Mali,MLI,2010,4.6302342
Mali,MLI,2011,5.2261667
Mali,MLI,2012,5.002054
Mali,MLI,2013,3.5287147
Mali,MLI,2014,3.899498
Mali,MLI,2015,3.5524082
Mali,MLI,2016,4.0247426
Mali,MLI,2017,4.9936886
Mali,MLI,2018,4.267678
Mali,MLI,2019,4.3596087
Mali,MLI,2020,4.573121
Mali,MLI,2021,5.0422916
Mali,MLI,2022,5.118183
Malta,MLT,1996,106.89515
Malta,MLT,1997,132.13477
Malta,MLT,1998,139.3247
Malta,MLT,1999,147.09297
Malta,MLT,2000,116.230484
Malta,MLT,2001,141.16043
Malta,MLT,2002,142.61218
Malta,MLT,2003,207.48553
Malta,MLT,2004,151.71906
Malta,MLT,2005,200.94891
Malta,MLT,2006,228.34486
Malta,MLT,2007,264.97083
Malta,MLT,2008,437.98047
Malta,MLT,2009,408.9925
Malta,MLT,2010,469.13452
Malta,MLT,2011,474.4059
Malta,MLT,2012,592.5081
Malta,MLT,2013,689.41406
Malta,MLT,2014,668.47217
Malta,MLT,2015,744.8787
Malta,MLT,2016,791.85046
Malta,MLT,2017,903.5209
Malta,MLT,2018,921.46564
Malta,MLT,2019,845.82227
Malta,MLT,2020,982.9483
Malta,MLT,2021,1019.8398
Malta,MLT,2022,1117.5964
Marshall Islands,MHL,1996,15.37673
Marshall Islands,MHL,1997,49.940113
Marshall Islands,MHL,1998,14.079691
Marshall Islands,MHL,1999,19.919525
Marshall Islands,MHL,2000,42.006866
Marshall Islands,MHL,2001,40.686188
Marshall Islands,MHL,2002,19.445795
Marshall Islands,MHL,2003,74.16875
Marshall Islands,MHL,2004,16.02595
Marshall Islands,MHL,2005,93.052826
Marshall Islands,MHL,2006,72.70349
Marshall Islands,MHL,2007,29.595465
Marshall Islands,MHL,2008,10.763021
Marshall Islands,MHL,2009,33.064842
Marshall Islands,MHL,2010,57.64353
Marshall Islands,MHL,2011,28.512533
Marshall Islands,MHL,2012,28.977615
Marshall Islands,MHL,2013,26.242577
Marshall Islands,MHL,2014,23.897503
Marshall Islands,MHL,2015,73.565575
Marshall Islands,MHL,2016,29.134964
Marshall Islands,MHL,2017,15.474221
Marshall Islands,MHL,2018,55.426743
Marshall Islands,MHL,2019,68.62544
Marshall Islands,MHL,2020,43.5536
Marshall Islands,MHL,2021,71.796364
Marshall Islands,MHL,2022,55.892406
Mauritania,MRT,1996,2.111791
Mauritania,MRT,1997,2.8159015
Mauritania,MRT,1998,2.000282
Mauritania,MRT,1999,2.6793113
Mauritania,MRT,2000,2.422094
Mauritania,MRT,2001,2.7139423
Mauritania,MRT,2002,2.519485
Mauritania,MRT,2003,1.7665663
Mauritania,MRT,2004,2.2275176
Mauritania,MRT,2005,3.7290847
Mauritania,MRT,2006,2.4156673
Mauritania,MRT,2007,2.9776347
Mauritania,MRT,2008,1.3947926
Mauritania,MRT,2009,2.2225957
Mauritania,MRT,2010,1.5423338
Mauritania,MRT,2011,3.8369184
Mauritania,MRT,2012,3.5893555
Mauritania,MRT,2013,4.0623217
Mauritania,MRT,2014,3.1674562
Mauritania,MRT,2015,3.6056852
Mauritania,MRT,2016,3.7022927
Mauritania,MRT,2017,2.7074525
Mauritania,MRT,2018,3.8545904
Mauritania,MRT,2019,4.61758
Mauritania,MRT,2020,4.8368187
Mauritania,MRT,2021,7.7404385
Mauritania,MRT,2022,5.429034
Mauritius,MUS,1996,12.345722
Mauritius,MUS,1997,14.952747
Mauritius,MUS,1998,19.36366
Mauritius,MUS,1999,40.169594
Mauritius,MUS,2000,45.25337
Mauritius,MUS,2001,38.276768
Mauritius,MUS,2002,52.68877
Mauritius,MUS,2003,34.672028
Mauritius,MUS,2004,46.420853
Mauritius,MUS,2005,61.444946
Mauritius,MUS,2006,47.83646
Mauritius,MUS,2007,42.827297
Mauritius,MUS,2008,56.17621
Mauritius,MUS,2009,63.811245
Mauritius,MUS,2010,67.8183
Mauritius,MUS,2011,50.77435
Mauritius,MUS,2012,92.06279
Mauritius,MUS,2013,96.208916
Mauritius,MUS,2014,97.002235
Mauritius,MUS,2015,95.535675
Mauritius,MUS,2016,122.70653
Mauritius,MUS,2017,132.13039
Mauritius,MUS,2018,105.556595
Mauritius,MUS,2019,186.84265
Mauritius,MUS,2020,152.62865
Mauritius,MUS,2021,153.0086
Mauritius,MUS,2022,189.1926
Mexico,MEX,1996,42.67177
Mexico,MEX,1997,46.274773
Mexico,MEX,1998,48.72088
Mexico,MEX,1999,50.183643
Mexico,MEX,2000,50.970467
Mexico,MEX,2001,54.291496
Mexico,MEX,2002,58.71345
Mexico,MEX,2003,65.11242
Mexico,MEX,2004,69.94024
Mexico,MEX,2005,78.48012
Mexico,MEX,2006,87.98897
Mexico,MEX,2007,88.1329
Mexico,MEX,2008,93.80699
Mexico,MEX,2009,94.929695
Mexico,MEX,2010,98.961754
Mexico,MEX,2011,101.97364
Mexico,MEX,2012,107.88352
Mexico,MEX,2013,111.4281
Mexico,MEX,2014,118.27614
Mexico,MEX,2015,120.343704
Mexico,MEX,2016,124.290245
Mexico,MEX,2017,131.10156
Mexico,MEX,2018,137.92743
Mexico,MEX,2019,151.01161
Mexico,MEX,2020,160.59488
Mexico,MEX,2021,170.42065
Mexico,MEX,2022,163.4911
Micronesia (country),FSM,1996,18.787823
Micronesia (country),FSM,1997,9.00325
Micronesia (country),FSM,1998,47.316772
Micronesia (country),FSM,1999,26.146133
Micronesia (country),FSM,2000,38.28853
Micronesia (country),FSM,2001,9.611534
Micronesia (country),FSM,2002,0
Micronesia (country),FSM,2003,20.127354
Micronesia (country),FSM,2004,21.442932
Micronesia (country),FSM,2005,71.446526
Micronesia (country),FSM,2006,18.062115
Micronesia (country),FSM,2007,69.985435
Micronesia (country),FSM,2008,39.564514
Micronesia (country),FSM,2009,37.422306
Micronesia (country),FSM,2010,133.71768
Micronesia (country),FSM,2011,45.869003
Micronesia (country),FSM,2012,42.91408
Micronesia (country),FSM,2013,44.85715
Micronesia (country),FSM,2014,30.72069
Micronesia (country),FSM,2015,62.08838
Micronesia (country),FSM,2016,34.93009
Micronesia (country),FSM,2017,60.101753
Micronesia (country),FSM,2018,39.760162
Micronesia (country),FSM,2019,21.036978
Micronesia (country),FSM,2020,68.24985
Micronesia (country),FSM,2021,20.06737
Micronesia (country),FSM,2022,30.237082
"Middle East, North Africa, Afghanistan and Pakistan (WB)",WB_MENAP,1996,37.250015
"Middle East, North Africa, Afghanistan and Pakistan (WB)",WB_MENAP,1997,38.593616
"Middle East, North Africa, Afghanistan and Pakistan (WB)",WB_MENAP,1998,38.78552
"Middle East, North Africa, Afghanistan and Pakistan (WB)",WB_MENAP,1999,38.411827
"Middle East, North Africa, Afghanistan and Pakistan (WB)",WB_MENAP,2000,41.718475
"Middle East, North Africa, Afghanistan and Pakistan (WB)",WB_MENAP,2001,43.29894
"Middle East, North Africa, Afghanistan and Pakistan (WB)",WB_MENAP,2002,45.496014
"Middle East, North Africa, Afghanistan and Pakistan (WB)",WB_MENAP,2003,50.00447
"Middle East, North Africa, Afghanistan and Pakistan (WB)",WB_MENAP,2004,54.057224
"Middle East, North Africa, Afghanistan and Pakistan (WB)",WB_MENAP,2005,59.340206
"Middle East, North Africa, Afghanistan and Pakistan (WB)",WB_MENAP,2006,67.84373
"Middle East, North Africa, Afghanistan and Pakistan (WB)",WB_MENAP,2007,74.779655
"Middle East, North Africa, Afghanistan and Pakistan (WB)",WB_MENAP,2008,84.932915
"Middle East, North Africa, Afghanistan and Pakistan (WB)",WB_MENAP,2009,95.276955
"Middle East, North Africa, Afghanistan and Pakistan (WB)",WB_MENAP,2010,104.92025
"Middle East, North Africa, Afghanistan and Pakistan (WB)",WB_MENAP,2011,118.60088
"Middle East, North Africa, Afghanistan and Pakistan (WB)",WB_MENAP,2012,123.527176
"Middle East, North Africa, Afghanistan and Pakistan (WB)",WB_MENAP,2013,127.557335
"Middle East, North Africa, Afghanistan and Pakistan (WB)",WB_MENAP,2014,134.82645
"Middle East, North Africa, Afghanistan and Pakistan (WB)",WB_MENAP,2015,140.06566
"Middle East, North Africa, Afghanistan and Pakistan (WB)",WB_MENAP,2016,154.23506
"Middle East, North Africa, Afghanistan and Pakistan (WB)",WB_MENAP,2017,164.80708
"Middle East, North Africa, Afghanistan and Pakistan (WB)",WB_MENAP,2018,177.49733
"Middle East, North Africa, Afghanistan and Pakistan (WB)",WB_MENAP,2019,202.52664
"Middle East, North Africa, Afghanistan and Pakistan (WB)",WB_MENAP,2020,217.47095
"Middle East, North Africa, Afghanistan and Pakistan (WB)",WB_MENAP,2021,246.59352
"Middle East, North Africa, Afghanistan and Pakistan (WB)",WB_MENAP,2022,264.4904
Moldova,MDA,1996,72.04238
Moldova,MDA,1997,57.485104
Moldova,MDA,1998,54.973602
Moldova,MDA,1999,53.039936
Moldova,MDA,2000,65.463844
Moldova,MDA,2001,52.396477
Moldova,MDA,2002,53.01944
Moldova,MDA,2003,55.090973
Moldova,MDA,2004,46.011375
Moldova,MDA,2005,71.509544
Moldova,MDA,2006,51.052303
Moldova,MDA,2007,49.949574
Moldova,MDA,2008,57.120785
Moldova,MDA,2009,63.318153
Moldova,MDA,2010,60.680824
Moldova,MDA,2011,65.777626
Moldova,MDA,2012,71.00594
Moldova,MDA,2013,74.47305
Moldova,MDA,2014,72.11453
Moldova,MDA,2015,67.207855
Moldova,MDA,2016,104.19216
Moldova,MDA,2017,86.923256
Moldova,MDA,2018,78.11383
Moldova,MDA,2019,102.99434
Moldova,MDA,2020,113.29611
Moldova,MDA,2021,110.92881
Moldova,MDA,2022,112.2969
Monaco,MCO,1996,618.7769
Monaco,MCO,1997,764.74445
Monaco,MCO,1998,861.25146
Monaco,MCO,1999,646.0969
Monaco,MCO,2000,424.896
Monaco,MCO,2001,799.1494
Monaco,MCO,2002,738.3875
Monaco,MCO,2003,823.8092
Monaco,MCO,2004,1241.217
Monaco,MCO,2005,1165.4766
Monaco,MCO,2006,1063.1064
Monaco,MCO,2007,1008.889
Monaco,MCO,2008,1080.2236
Monaco,MCO,2009,1385.4901
Monaco,MCO,2010,1304.1643
Monaco,MCO,2011,1423.7318
Monaco,MCO,2012,876.0911
Monaco,MCO,2013,1064.1239
Monaco,MCO,2014,1096.6562
Monaco,MCO,2015,1169.8452
Monaco,MCO,2016,1151.1428
Monaco,MCO,2017,1349.5939
Monaco,MCO,2018,1226.6079
Monaco,MCO,2019,1251.6729
Monaco,MCO,2020,1315.6373
Monaco,MCO,2021,1490.9025
Monaco,MCO,2022,1465.9269
Mongolia,MNG,1996,9.108182
Mongolia,MNG,1997,7.6971745
Mongolia,MNG,1998,9.527461
Mongolia,MNG,1999,9.067329
Mongolia,MNG,2000,11.22975
Mongolia,MNG,2001,11.142587
Mongolia,MNG,2002,11.208533
Mongolia,MNG,2003,15.457346
Mongolia,MNG,2004,14.0088625
Mongolia,MNG,2005,15.766397
Mongolia,MNG,2006,20.734911
Mongolia,MNG,2007,43.29996
Mongolia,MNG,2008,36.289333
Mongolia,MNG,2009,37.189045
Mongolia,MNG,2010,32.815773
Mongolia,MNG,2011,36.54645
Mongolia,MNG,2012,45.04341
Mongolia,MNG,2013,56.212276
Mongolia,MNG,2014,38.938778
Mongolia,MNG,2015,33.618954
Mongolia,MNG,2016,38.0076
Mongolia,MNG,2017,47.902184
Mongolia,MNG,2018,47.487854
Mongolia,MNG,2019,59.22869
Mongolia,MNG,2020,64.37838
Mongolia,MNG,2021,83.91895
Mongolia,MNG,2022,76.316025
Montenegro,MNE,1996,0
Montenegro,MNE,1997,0
Montenegro,MNE,1998,0
Montenegro,MNE,1999,0
Montenegro,MNE,2000,0
Montenegro,MNE,2001,0
Montenegro,MNE,2002,0
Montenegro,MNE,2003,0
Montenegro,MNE,2004,0
Montenegro,MNE,2005,0
Montenegro,MNE,2006,0
Montenegro,MNE,2007,105.29734
Montenegro,MNE,2008,108.903366
Montenegro,MNE,2009,118.438805
Montenegro,MNE,2010,178.40654
Montenegro,MNE,2011,222.98883
Montenegro,MNE,2012,256.07562
Montenegro,MNE,2013,305.30673
Montenegro,MNE,2014,319.3137
Montenegro,MNE,2015,358.93643
Montenegro,MNE,2016,385.51025
Montenegro,MNE,2017,454.19836
Montenegro,MNE,2018,409.28235
Montenegro,MNE,2019,448.67752
Montenegro,MNE,2020,506.04062
Montenegro,MNE,2021,502.2454
Montenegro,MNE,2022,472.95422
Morocco,MAR,1996,18.860712
Morocco,MAR,1997,22.318836
Morocco,MAR,1998,24.578548
Morocco,MAR,1999,29.000063
Morocco,MAR,2000,30.620508
Morocco,MAR,2001,33.627693
Morocco,MAR,2002,32.564056
Morocco,MAR,2003,31.431705
Morocco,MAR,2004,32.33564
Morocco,MAR,2005,30.397774
Morocco,MAR,2006,31.798262
Morocco,MAR,2007,32.86009
Morocco,MAR,2008,38.20796
Morocco,MAR,2009,45.475636
Morocco,MAR,2010,49.123703
Morocco,MAR,2011,57.34128
Morocco,MAR,2012,63.51476
Morocco,MAR,2013,63.953697
Morocco,MAR,2014,72.6457
Morocco,MAR,2015,71.82731
Morocco,MAR,2016,104.30096
Morocco,MAR,2017,113.33424
Morocco,MAR,2018,133.7149
Morocco,MAR,2019,152.21109
Morocco,MAR,2020,173.8578
Morocco,MAR,2021,199.93916
Morocco,MAR,2022,226.23497
Mozambique,MOZ,1996,0.78945076
Mozambique,MOZ,1997,1.2188803
Mozambique,MOZ,1998,1.5063034
Mozambique,MOZ,1999,1.2224755
Mozambique,MOZ,2000,1.243267
Mozambique,MOZ,2001,1.7326825
Mozambique,MOZ,2002,1.2553842
Mozambique,MOZ,2003,1.3536178
Mozambique,MOZ,2004,1.6254784
Mozambique,MOZ,2005,1.9143474
Mozambique,MOZ,2006,2.1436386
Mozambique,MOZ,2007,2.002571
Mozambique,MOZ,2008,2.231996
Mozambique,MOZ,2009,2.606764
Mozambique,MOZ,2010,2.028763
Mozambique,MOZ,2011,3.143468
Mozambique,MOZ,2012,2.6066399
Mozambique,MOZ,2013,2.791038
Mozambique,MOZ,2014,3.3910496
Mozambique,MOZ,2015,3.9615674
Mozambique,MOZ,2016,4.022006
Mozambique,MOZ,2017,4.7219396
Mozambique,MOZ,2018,5.193213
Mozambique,MOZ,2019,5.194352
Mozambique,MOZ,2020,5.7264094
Mozambique,MOZ,2021,6.9279485
Mozambique,MOZ,2022,5.95047
Myanmar,MMR,1996,0.13208245
Myanmar,MMR,1997,0.2846109
Myanmar,MMR,1998,0.2578077
Myanmar,MMR,1999,0.28981155
Myanmar,MMR,2000,0.32721847
Myanmar,MMR,2001,0.24709895
Myanmar,MMR,2002,0.2513375
Myanmar,MMR,2003,0.25756854
Myanmar,MMR,2004,0.35777438
Myanmar,MMR,2005,1.0708632
Myanmar,MMR,2006,0.614417
Myanmar,MMR,2007,0.7736097
Myanmar,MMR,2008,1.2556107
Myanmar,MMR,2009,1.8043398
Myanmar,MMR,2010,1.0398908
Myanmar,MMR,2011,1.9510391
Myanmar,MMR,2012,0.774518
Myanmar,MMR,2013,0.68281305
Myanmar,MMR,2014,0.9064427
Myanmar,MMR,2015,1.4369028
Myanmar,MMR,2016,1.673538
Myanmar,MMR,2017,2.886987
Myanmar,MMR,2018,4.4750323
Myanmar,MMR,2019,5.4947963
Myanmar,MMR,2020,8.105964
Myanmar,MMR,2021,5.1291413
Myanmar,MMR,2022,3.0394301
Namibia,NAM,1996,11.238665
Namibia,NAM,1997,18.226873
Namibia,NAM,1998,26.547472
Namibia,NAM,1999,16.454924
Namibia,NAM,2000,11.415079
Namibia,NAM,2001,24.35586
Namibia,NAM,2002,19.254274
Namibia,NAM,2003,24.047388
Namibia,NAM,2004,16.811855
Namibia,NAM,2005,27.194391
Namibia,NAM,2006,17.962856
Namibia,NAM,2007,19.865252
Namibia,NAM,2008,16.154907
Namibia,NAM,2009,15.350964
Namibia,NAM,2010,17.921038
Namibia,NAM,2011,22.894949
Namibia,NAM,2012,29.375929
Namibia,NAM,2013,37.95325
Namibia,NAM,2014,39.77702
Namibia,NAM,2015,42.235607
Namibia,NAM,2016,41.23871
Namibia,NAM,2017,45.57108
Namibia,NAM,2018,62.30874
Namibia,NAM,2019,59.551163
Namibia,NAM,2020,74.61992
Namibia,NAM,2021,82.05517
Namibia,NAM,2022,76.05388
Nauru,NRU,1996,0
Nauru,NRU,1997,24.517015
Nauru,NRU,1998,13.728182
Nauru,NRU,1999,0
Nauru,NRU,2000,0
Nauru,NRU,2001,32.576508
Nauru,NRU,2002,0
Nauru,NRU,2003,0
Nauru,NRU,2004,22.862823
Nauru,NRU,2005,49.756195
Nauru,NRU,2006,26.908512
Nauru,NRU,2007,0
Nauru,NRU,2008,0
Nauru,NRU,2009,66.892975
Nauru,NRU,2010,0
Nauru,NRU,2011,73.28184
Nauru,NRU,2012,48.69972
Nauru,NRU,2013,32.32861
Nauru,NRU,2014,34.444237
Nauru,NRU,2015,30.125982
Nauru,NRU,2016,42.152466
Nauru,NRU,2017,0
Nauru,NRU,2018,0
Nauru,NRU,2019,28.480194
Nauru,NRU,2020,77.29966
Nauru,NRU,2021,0
Nauru,NRU,2022,22.879417
Nepal,NPL,1996,2.44571
Nepal,NPL,1997,2.8273695
Nepal,NPL,1998,3.6262124
Nepal,NPL,1999,3.5266032
Nepal,NPL,2000,4.0885653
Nepal,NPL,2001,4.5841646
Nepal,NPL,2002,4.8158274
Nepal,NPL,2003,9.120332
Nepal,NPL,2004,8.639465
Nepal,NPL,2005,11.22182
Nepal,NPL,2006,13.619959
Nepal,NPL,2007,14.511828
Nepal,NPL,2008,13.1015005
Nepal,NPL,2009,14.244637
Nepal,NPL,2010,13.968644
Nepal,NPL,2011,14.227096
Nepal,NPL,2012,14.378108
Nepal,NPL,2013,16.600582
Nepal,NPL,2014,18.333088
Nepal,NPL,2015,19.373102
Nepal,NPL,2016,22.42889
Nepal,NPL,2017,24.757545
Nepal,NPL,2018,29.93872
Nepal,NPL,2019,37.10099
Nepal,NPL,2020,52.239174
Nepal,NPL,2021,60.973682
Nepal,NPL,2022,57.183075
Netherlands,NLD,1996,1195.4297
Netherlands,NLD,1997,1195.0078
Netherlands,NLD,1998,1195.5243
Netherlands,NLD,1999,1122.662
Netherlands,NLD,2000,1184.5929
Netherlands,NLD,2001,1169.6884
Netherlands,NLD,2002,1215.3815
Netherlands,NLD,2003,1249.0363
Netherlands,NLD,2004,1333.8107
Netherlands,NLD,2005,1496.3987
Netherlands,NLD,2006,1532.7527
Netherlands,NLD,2007,1576.0103
Netherlands,NLD,2008,1629.2906
Netherlands,NLD,2009,1739.085
Netherlands,NLD,2010,1769.4458
Netherlands,NLD,2011,1810.8846
Netherlands,NLD,2012,1852.105
Netherlands,NLD,2013,1881.7161
Netherlands,NLD,2014,1893.8336
Netherlands,NLD,2015,1873.9548
Netherlands,NLD,2016,1849.4186
Netherlands,NLD,2017,1847.116
Netherlands,NLD,2018,1862.4565
Netherlands,NLD,2019,1861.207
Netherlands,NLD,2020,1895.5255
Netherlands,NLD,2021,1992.4333
Netherlands,NLD,2022,1938.3767
New Zealand,NZL,1996,1004.68115
New Zealand,NZL,1997,1065.2341
New Zealand,NZL,1998,1077.4076
New Zealand,NZL,1999,1137.1803
New Zealand,NZL,2000,1121.0618
New Zealand,NZL,2001,1137.1678
New Zealand,NZL,2002,1107.7499
New Zealand,NZL,2003,1122.9911
New Zealand,NZL,2004,1210.4465
New Zealand,NZL,2005,1317.9032
New Zealand,NZL,2006,1378.7985
New Zealand,NZL,2007,1455.7081
New Zealand,NZL,2008,1510.5122
New Zealand,NZL,2009,1553.3887
New Zealand,NZL,2010,1600.2483
New Zealand,NZL,2011,1750.7572
New Zealand,NZL,2012,1760.2664
New Zealand,NZL,2013,1757.7429
New Zealand,NZL,2014,1770.6852
New Zealand,NZL,2015,1712.2098
New Zealand,NZL,2016,1740.2686
New Zealand,NZL,2017,1698.9634
New Zealand,NZL,2018,1713.3495
New Zealand,NZL,2019,1788.7814
New Zealand,NZL,2020,1737.5344
New Zealand,NZL,2021,1799.9487
New Zealand,NZL,2022,1813.098
Nicaragua,NIC,1996,3.3530838
Nicaragua,NIC,1997,4.114711
Nicaragua,NIC,1998,2.7827518
Nicaragua,NIC,1999,1.7722987
Nicaragua,NIC,2000,2.8152566
Nicaragua,NIC,2001,2.1345074
Nicaragua,NIC,2002,1.4815795
Nicaragua,NIC,2003,2.8132997
Nicaragua,NIC,2004,3.2619548
Nicaragua,NIC,2005,4.09202
Nicaragua,NIC,2006,6.233789
Nicaragua,NIC,2007,4.092961
Nicaragua,NIC,2008,4.911601
Nicaragua,NIC,2009,4.9428973
Nicaragua,NIC,2010,5.3089786
Nicaragua,NIC,2011,5.2310934
Nicaragua,NIC,2012,5.3429027
Nicaragua,NIC,2013,4.8396974
Nicaragua,NIC,2014,5.5320277
Nicaragua,NIC,2015,4.458959
Nicaragua,NIC,2016,6.060007
Nicaragua,NIC,2017,6.714447
Nicaragua,NIC,2018,6.7233534
Nicaragua,NIC,2019,5.529287
Nicaragua,NIC,2020,5.9723387
Nicaragua,NIC,2021,6.85655
Nicaragua,NIC,2022,6.1583915
Niger,NER,1996,1.9233732
Niger,NER,1997,3.5920753
Niger,NER,1998,3.3012416
Niger,NER,1999,2.4852908
Niger,NER,2000,2.1703565
Niger,NER,2001,2.1626344
Niger,NER,2002,1.6325018
Niger,NER,2003,1.8691905
Niger,NER,2004,1.6930708
Niger,NER,2005,1.5643865
Niger,NER,2006,2.061873
Niger,NER,2007,1.9866775
Niger,NER,2008,1.7608482
Niger,NER,2009,3.3599532
Niger,NER,2010,4.0963607
Niger,NER,2011,1.8275199
Niger,NER,2012,1.7245276
Niger,NER,2013,1.691154
Niger,NER,2014,2.514063
Niger,NER,2015,2.6570377
Niger,NER,2016,2.4717495
Niger,NER,2017,2.665678
Niger,NER,2018,2.969614
Niger,NER,2019,2.7732558
Niger,NER,2020,2.8577917
Niger,NER,2021,2.3165324
Niger,NER,2022,2.9061344
Nigeria,NGA,1996,7.9867415
Nigeria,NGA,1997,7.9161634
Nigeria,NGA,1998,7.383043
Nigeria,NGA,1999,7.824795
Nigeria,NGA,2000,8.200107
Nigeria,NGA,2001,8.152694
Nigeria,NGA,2002,9.051637
Nigeria,NGA,2003,9.629698
Nigeria,NGA,2004,10.463072
Nigeria,NGA,2005,12.30826
Nigeria,NGA,2006,13.13694
Nigeria,NGA,2007,13.969585
Nigeria,NGA,2008,14.3865595
Nigeria,NGA,2009,17.722551
Nigeria,NGA,2010,19.042818
Nigeria,NGA,2011,19.89776
Nigeria,NGA,2012,17.67383
Nigeria,NGA,2013,17.33101
Nigeria,NGA,2014,19.118338
Nigeria,NGA,2015,18.680677
Nigeria,NGA,2016,20.255142
Nigeria,NGA,2017,22.48433
Nigeria,NGA,2018,26.97679
Nigeria,NGA,2019,32.909798
Nigeria,NGA,2020,38.1797
Nigeria,NGA,2021,43.118935
Nigeria,NGA,2022,42.1599
North America (WB),WB_NA,1996,1164.5837
North America (WB),WB_NA,1997,1141.6017
North America (WB),WB_NA,1998,1097.0681
North America (WB),WB_NA,1999,1064.595
North America (WB),WB_NA,2000,1089.092
North America (WB),WB_NA,2001,1077.196
North America (WB),WB_NA,2002,1120.4315
North America (WB),WB_NA,2003,1166.1482
North America (WB),WB_NA,2004,1240.8485
North America (WB),WB_NA,2005,1337.0906
North America (WB),WB_NA,2006,1344.1351
North America (WB),WB_NA,2007,1341.6826
North America (WB),WB_NA,2008,1343.0048
North America (WB),WB_NA,2009,1350.9999
North America (WB),WB_NA,2010,1370.1763
North America (WB),WB_NA,2011,1399.7015
North America (WB),WB_NA,2012,1403.5878
North America (WB),WB_NA,2013,1398.8029
North America (WB),WB_NA,2014,1396.3488
North America (WB),WB_NA,2015,1393.7773
North America (WB),WB_NA,2016,1383.9758
North America (WB),WB_NA,2017,1382.4
North America (WB),WB_NA,2018,1397.194
North America (WB),WB_NA,2019,1402.8511
North America (WB),WB_NA,2020,1414.8108
North America (WB),WB_NA,2021,1463.8918
North America (WB),WB_NA,2022,1411.4156
North Korea,PRK,1996,0.05022767
North Korea,PRK,1997,0.059712265
North Korea,PRK,1998,0.0514766
North Korea,PRK,1999,0.023832222
North Korea,PRK,2000,0.0676078
North Korea,PRK,2001,0.007138251
North Korea,PRK,2002,0.05554634
North Korea,PRK,2003,0.05520876
North Korea,PRK,2004,0.07792226
North Korea,PRK,2005,0.17666517
North Korea,PRK,2006,0.08889068
North Korea,PRK,2007,0.259673
North Korea,PRK,2008,0.4223768
North Korea,PRK,2009,0.2709185
North Korea,PRK,2010,0.3325695
North Korea,PRK,2011,0.29962698
North Korea,PRK,2012,0.7091937
North Korea,PRK,2013,0.35966036
North Korea,PRK,2014,0.65733474
North Korea,PRK,2015,1.5252968
North Korea,PRK,2016,1.6366825
North Korea,PRK,2017,2.1922936
North Korea,PRK,2018,3.4668734
North Korea,PRK,2019,5.5538845
North Korea,PRK,2020,6.782135
North Korea,PRK,2021,9.3429785
North Korea,PRK,2022,10.007655
North Macedonia,MKD,1996,39.834976
North Macedonia,MKD,1997,59.48813
North Macedonia,MKD,1998,46.40545
North Macedonia,MKD,1999,46.11475
North Macedonia,MKD,2000,61.455326
North Macedonia,MKD,2001,69.48315
North Macedonia,MKD,2002,62.945606
North Macedonia,MKD,2003,65.624344
North Macedonia,MKD,2004,68.019516
North Macedonia,MKD,2005,87.14775
North Macedonia,MKD,2006,98.72701
North Macedonia,MKD,2007,130.85667
North Macedonia,MKD,2008,149.31831
North Macedonia,MKD,2009,165.58249
North Macedonia,MKD,2010,182.64418
North Macedonia,MKD,2011,238.85645
North Macedonia,MKD,2012,247.51518
North Macedonia,MKD,2013,242.9168
North Macedonia,MKD,2014,257.1449
North Macedonia,MKD,2015,251.39743
North Macedonia,MKD,2016,231.35236
North Macedonia,MKD,2017,246.02126
North Macedonia,MKD,2018,237.1667
North Macedonia,MKD,2019,249.28822
North Macedonia,MKD,2020,239.26741
North Macedonia,MKD,2021,239.94156
North Macedonia,MKD,2022,290.53146
Norway,NOR,1996,1093.283
Norway,NOR,1997,1170.9458
Norway,NOR,1998,1175.0698
Norway,NOR,1999,1074.0886
Norway,NOR,2000,1127.4342
Norway,NOR,2001,1143.0117
Norway,NOR,2002,1139.006
Norway,NOR,2003,1170.5848
Norway,NOR,2004,1272.2637
Norway,NOR,2005,1477.2789
Norway,NOR,2006,1555.3083
Norway,NOR,2007,1656.1555
Norway,NOR,2008,1676.2992
Norway,NOR,2009,1836.561
Norway,NOR,2010,1856.7913
Norway,NOR,2011,1959.8965
Norway,NOR,2012,2057.9875
Norway,NOR,2013,2041.8308
Norway,NOR,2014,2075.176
Norway,NOR,2015,2065.2922
Norway,NOR,2016,2175.6116
Norway,NOR,2017,2268.9924
Norway,NOR,2018,2336.863
Norway,NOR,2019,2398.5713
Norway,NOR,2020,2505.8599
Norway,NOR,2021,2624.571
Norway,NOR,2022,2578.0874
Oman,OMN,1996,54.87903
Oman,OMN,1997,56.37416
Oman,OMN,1998,70.97448
Oman,OMN,1999,65.78162
Oman,OMN,2000,91.49343
Oman,OMN,2001,102.16789
Oman,OMN,2002,105.885826
Oman,OMN,2003,128.47556
Oman,OMN,2004,129.03247
Oman,OMN,2005,133.04323
Oman,OMN,2006,140.08698
Oman,OMN,2007,160.93852
Oman,OMN,2008,170.81479
Oman,OMN,2009,181.20364
Oman,OMN,2010,195.20238
Oman,OMN,2011,195.21815
Oman,OMN,2012,170.00621
Oman,OMN,2013,174.89182
Oman,OMN,2014,172.76465
Oman,OMN,2015,182.08821
Oman,OMN,2016,175.72343
Oman,OMN,2017,173.66127
Oman,OMN,2018,184.05234
Oman,OMN,2019,213.96393
Oman,OMN,2020,237.60767
Oman,OMN,2021,310.87958
Oman,OMN,2022,335.74506
Pakistan,PAK,1996,5.253502
Pakistan,PAK,1997,5.625622
Pakistan,PAK,1998,6.514842
Pakistan,PAK,1999,6.571763
Pakistan,PAK,2000,6.692639
Pakistan,PAK,2001,7.7436614
Pakistan,PAK,2002,8.276553
Pakistan,PAK,2003,8.766727
Pakistan,PAK,2004,10.102052
Pakistan,PAK,2005,13.428195
Pakistan,PAK,2006,15.56171
Pakistan,PAK,2007,18.077356
Pakistan,PAK,2008,21.511341
Pakistan,PAK,2009,24.836332
Pakistan,PAK,2010,27.456717
Pakistan,PAK,2011,29.791101
Pakistan,PAK,2012,31.218952
Pakistan,PAK,2013,33.993294
Pakistan,PAK,2014,34.176006
Pakistan,PAK,2015,37.35523
Pakistan,PAK,2016,42.22176
Pakistan,PAK,2017,49.948948
Pakistan,PAK,2018,54.5106
Pakistan,PAK,2019,66.62977
Pakistan,PAK,2020,72.245804
Pakistan,PAK,2021,86.66252
Pakistan,PAK,2022,92.91185
Palau,PLW,1996,73.07126
Palau,PLW,1997,50.806274
Palau,PLW,1998,80.97603
Palau,PLW,1999,0
Palau,PLW,2000,121.49337
Palau,PLW,2001,159.67342
Palau,PLW,2002,93.83172
Palau,PLW,2003,93.087135
Palau,PLW,2004,145.30777
Palau,PLW,2005,528.78546
Palau,PLW,2006,244.47507
Palau,PLW,2007,412.91058
Palau,PLW,2008,195.17072
Palau,PLW,2009,145.91908
Palau,PLW,2010,281.03937
Palau,PLW,2011,102.33433
Palau,PLW,2012,126.653534
Palau,PLW,2013,237.98729
Palau,PLW,2014,265.87637
Palau,PLW,2015,315.70062
Palau,PLW,2016,185.4245
Palau,PLW,2017,334.6059
Palau,PLW,2018,365.44293
Palau,PLW,2019,342.73514
Palau,PLW,2020,366.45685
Palau,PLW,2021,315.46985
Palau,PLW,2022,363.1961
Palestine,PSE,1996,13.450557
Palestine,PSE,1997,17.088377
Palestine,PSE,1998,16.423153
Palestine,PSE,1999,23.86928
Palestine,PSE,2000,23.161005
Palestine,PSE,2001,19.617825
Palestine,PSE,2002,29.648436
Palestine,PSE,2003,27.810099
Palestine,PSE,2004,32.09824
Palestine,PSE,2005,31.137852
Palestine,PSE,2006,33.461193
Palestine,PSE,2007,42.761528
Palestine,PSE,2008,42.096596
Palestine,PSE,2009,47.615963
Palestine,PSE,2010,50.82721
Palestine,PSE,2011,53.3816
Palestine,PSE,2012,51.716106
Palestine,PSE,2013,56.108997
Palestine,PSE,2014,56.141304
Palestine,PSE,2015,52.07148
Palestine,PSE,2016,54.6932
Palestine,PSE,2017,73.960594
Palestine,PSE,2018,84.60771
Palestine,PSE,2019,101.03503
Palestine,PSE,2020,108.70514
Palestine,PSE,2021,127.73961
Palestine,PSE,2022,141.6802
Panama,PAN,1996,23.699503
Panama,PAN,1997,16.547426
Panama,PAN,1998,16.987373
Panama,PAN,1999,17.128405
Panama,PAN,2000,14.200917
Panama,PAN,2001,19.299328
Panama,PAN,2002,16.166328
Panama,PAN,2003,20.25828
Panama,PAN,2004,20.103624
Panama,PAN,2005,24.026373
Panama,PAN,2006,24.749453
Panama,PAN,2007,29.152084
Panama,PAN,2008,33.82231
Panama,PAN,2009,33.312935
Panama,PAN,2010,32.72946
Panama,PAN,2011,35.240242
Panama,PAN,2012,41.45235
Panama,PAN,2013,40.61611
Panama,PAN,2014,42.78152
Panama,PAN,2015,41.507206
Panama,PAN,2016,38.41566
Panama,PAN,2017,42.93793
Panama,PAN,2018,42.18232
Panama,PAN,2019,61.79895
Panama,PAN,2020,61.719986
Panama,PAN,2021,66.797
Panama,PAN,2022,85.466805
Papua New Guinea,PNG,1996,17.900175
Papua New Guinea,PNG,1997,14.799866
Papua New Guinea,PNG,1998,14.317541
Papua New Guinea,PNG,1999,13.063311
Papua New Guinea,PNG,2000,11.601816
Papua New Guinea,PNG,2001,13.314281
Papua New Guinea,PNG,2002,8.77616
Papua New Guinea,PNG,2003,8.847163
Papua New Guinea,PNG,2004,6.738262
Papua New Guinea,PNG,2005,5.700817
Papua New Guinea,PNG,2006,7.242446
Papua New Guinea,PNG,2007,8.725691
Papua New Guinea,PNG,2008,8.213836
Papua New Guinea,PNG,2009,5.403407
Papua New Guinea,PNG,2010,6.514685
Papua New Guinea,PNG,2011,5.2930613
Papua New Guinea,PNG,2012,7.569242
Papua New Guinea,PNG,2013,6.4099646
Papua New Guinea,PNG,2014,7.3796487
Papua New Guinea,PNG,2015,6.7434907
Papua New Guinea,PNG,2016,6.6739435
Papua New Guinea,PNG,2017,6.754759
Papua New Guinea,PNG,2018,6.5101833
Papua New Guinea,PNG,2019,7.3961835
Papua New Guinea,PNG,2020,6.1299467
Papua New Guinea,PNG,2021,8.353228
Papua New Guinea,PNG,2022,8.16707
Paraguay,PRY,1996,3.3279696
Paraguay,PRY,1997,3.0952702
Paraguay,PRY,1998,3.5183494
Paraguay,PRY,1999,3.1840036
Paraguay,PRY,2000,2.6172018
Paraguay,PRY,2001,3.4524043
Paraguay,PRY,2002,2.404336
Paraguay,PRY,2003,3.347454
Paraguay,PRY,2004,4.6769085
Paraguay,PRY,2005,4.7649665
Paraguay,PRY,2006,4.8718038
Paraguay,PRY,2007,5.248781
Paraguay,PRY,2008,5.702249
Paraguay,PRY,2009,5.2316637
Paraguay,PRY,2010,5.969009
Paraguay,PRY,2011,8.452823
Paraguay,PRY,2012,9.481079
Paraguay,PRY,2013,10.056089
Paraguay,PRY,2014,10.405596
Paraguay,PRY,2015,15.38211
Paraguay,PRY,2016,16.383091
Paraguay,PRY,2017,22.219206
Paraguay,PRY,2018,16.319242
Paraguay,PRY,2019,25.744974
Paraguay,PRY,2020,26.269966
Paraguay,PRY,2021,28.426813
Paraguay,PRY,2022,30.867702
Peru,PER,1996,4.9119005
Peru,PER,1997,4.6589108
Peru,PER,1998,3.640518
Peru,PER,1999,6.14515
Peru,PER,2000,6.480858
Peru,PER,2001,7.293266
Peru,PER,2002,7.0345383
Peru,PER,2003,9.708674
Peru,PER,2004,9.517384
Peru,PER,2005,10.751863
Peru,PER,2006,15.574861
Peru,PER,2007,14.10726
Peru,PER,2008,14.150542
Peru,PER,2009,17.00949
Peru,PER,2010,19.044544
Peru,PER,2011,20.36508
Peru,PER,2012,21.703623
Peru,PER,2013,22.373123
Peru,PER,2014,24.758078
Peru,PER,2015,29.525963
Peru,PER,2016,34.7111
Peru,PER,2017,44.36987
Peru,PER,2018,53.322533
Peru,PER,2019,71.86719
Peru,PER,2020,88.09699
Peru,PER,2021,122.60147
Peru,PER,2022,136.9649
Philippines,PHL,1996,3.6599128
Philippines,PHL,1997,4.035378
Philippines,PHL,1998,3.985696
Philippines,PHL,1999,3.6195266
Philippines,PHL,2000,4.3418307
Philippines,PHL,2001,3.734944
Philippines,PHL,2002,4.9094195
Philippines,PHL,2003,4.429858
Philippines,PHL,2004,4.503643
Philippines,PHL,2005,5.198035
Philippines,PHL,2006,4.980729
Philippines,PHL,2007,5.409377
Philippines,PHL,2008,5.8794537
Philippines,PHL,2009,6.307514
Philippines,PHL,2010,7.0566773
Philippines,PHL,2011,8.9448595
Philippines,PHL,2012,8.188727
Philippines,PHL,2013,9.164318
Philippines,PHL,2014,10.011069
Philippines,PHL,2015,12.962408
Philippines,PHL,2016,15.502214
Philippines,PHL,2017,18.424397
Philippines,PHL,2018,19.378746
Philippines,PHL,2019,30.50196
Philippines,PHL,2020,29.1112
Philippines,PHL,2021,35.83462
Philippines,PHL,2022,34.760788
Poland,POL,1996,286.4909
Poland,POL,1997,286.5632
Poland,POL,1998,294.05606
Poland,POL,1999,308.6657
Poland,POL,2000,339.38354
Poland,POL,2001,375.43378
Poland,POL,2002,408.40338
Poland,POL,2003,438.41666
Poland,POL,2004,494.90076
Poland,POL,2005,534.647
Poland,POL,2006,582.677
Poland,POL,2007,579.5654
Poland,POL,2008,626.8733
Poland,POL,2009,623.3851
Poland,POL,2010,649.87787
Poland,POL,2011,672.898
Poland,POL,2012,728.028
Poland,POL,2013,779.0428
Poland,POL,2014,818.2844
Poland,POL,2015,861.45935
Poland,POL,2016,902.48486
Poland,POL,2017,892.3438
Poland,POL,2018,933.7056
Poland,POL,2019,961.23724
Poland,POL,2020,1024.7748
Poland,POL,2021,1116.251
Poland,POL,2022,1014.83905
Portugal,PRT,1996,219.66037
Portugal,PRT,1997,259.08755
Portugal,PRT,1998,279.5379
Portugal,PRT,1999,306.23633
Portugal,PRT,2000,323.47647
Portugal,PRT,2001,368.84903
Portugal,PRT,2002,389.52145
Portugal,PRT,2003,446.70618
Portugal,PRT,2004,498.94977
Portugal,PRT,2005,567.54956
Portugal,PRT,2006,690.41925
Portugal,PRT,2007,728.3189
Portugal,PRT,2008,828.9518
Portugal,PRT,2009,904.61176
Portugal,PRT,2010,1005.61426
Portugal,PRT,2011,1128.6556
Portugal,PRT,2012,1236.5186
Portugal,PRT,2013,1328.1886
Portugal,PRT,2014,1388.1304
Portugal,PRT,2015,1429.8302
Portugal,PRT,2016,1394.5094
Portugal,PRT,2017,1398.5223
Portugal,PRT,2018,1449.4902
Portugal,PRT,2019,1607.4409
Portugal,PRT,2020,1677.1394
Portugal,PRT,2021,1891.5981
Portugal,PRT,2022,1880.5957
Puerto Rico,PRI,1996,111.85197
Puerto Rico,PRI,1997,119.98893
Puerto Rico,PRI,1998,113.638855
Puerto Rico,PRI,1999,104.66882
Puerto Rico,PRI,2000,100.80814
Puerto Rico,PRI,2001,107.898506
Puerto Rico,PRI,2002,112.90109
Puerto Rico,PRI,2003,142.38539
Puerto Rico,PRI,2004,134.65546
Puerto Rico,PRI,2005,148.88147
Puerto Rico,PRI,2006,184.73337
Puerto Rico,PRI,2007,179.87071
Puerto Rico,PRI,2008,184.53995
Puerto Rico,PRI,2009,174.19481
Puerto Rico,PRI,2010,191.89334
Puerto Rico,PRI,2011,169.49672
Puerto Rico,PRI,2012,171.82526
Puerto Rico,PRI,2013,160.22353
Puerto Rico,PRI,2014,169.34647
Puerto Rico,PRI,2015,166.12228
Puerto Rico,PRI,2016,174.9438
Puerto Rico,PRI,2017,169.58006
Puerto Rico,PRI,2018,171.38048
Puerto Rico,PRI,2019,173.67958
Puerto Rico,PRI,2020,179.154
Puerto Rico,PRI,2021,174.61247
Puerto Rico,PRI,2022,176.9055
Qatar,QAT,1996,86.04606
Qatar,QAT,1997,80
Qatar,QAT,1998,93.58529
Qatar,QAT,1999,72.04898
Qatar,QAT,2000,68.31124
Qatar,QAT,2001,111.20699
Qatar,QAT,2002,125.63185
Qatar,QAT,2003,143.45721
Qatar,QAT,2004,176.72874
Qatar,QAT,2005,199.76787
Qatar,QAT,2006,195.6866
Qatar,QAT,2007,181.50827
Qatar,QAT,2008,207.59135
Qatar,QAT,2009,201.06868
Qatar,QAT,2010,247.52109
Qatar,QAT,2011,282.8539
Qatar,QAT,2012,354.52075
Qatar,QAT,2013,416.7132
Qatar,QAT,2014,520.7402
Qatar,QAT,2015,508.5566
Qatar,QAT,2016,580.3449
Qatar,QAT,2017,559.52893
Qatar,QAT,2018,602.8053
Qatar,QAT,2019,696.6574
Qatar,QAT,2020,834.98083
Qatar,QAT,2021,1060.0101
Qatar,QAT,2022,997.105
Romania,ROU,1996,77.98486
Romania,ROU,1997,90.477165
Romania,ROU,1998,95.012985
Romania,ROU,1999,92.118034
Romania,ROU,2000,101.13456
Romania,ROU,2001,103.0708
Romania,ROU,2002,106.765625
Romania,ROU,2003,116.66227
Romania,ROU,2004,125.47602
Romania,ROU,2005,155.86816
Romania,ROU,2006,171.85577
Romania,ROU,2007,238.8313
Romania,ROU,2008,340.62143
Romania,ROU,2009,428.25656
Romania,ROU,2010,487.84723
Romania,ROU,2011,479.61862
Romania,ROU,2012,490.77838
Romania,ROU,2013,487.44446
Romania,ROU,2014,489.5339
Romania,ROU,2015,522.71857
Romania,ROU,2016,479.95795
Romania,ROU,2017,496.96008
Romania,ROU,2018,477.3346
Romania,ROU,2019,552.6597
Romania,ROU,2020,536.45557
Romania,ROU,2021,628.6818
Romania,ROU,2022,612.6304
Russia,RUS,1996,234.01578
Russia,RUS,1997,228.34334
Russia,RUS,1998,234.44792
Russia,RUS,1999,221.29735
Russia,RUS,2000,223.106
Russia,RUS,2001,250.41568
Russia,RUS,2002,250.06178
Russia,RUS,2003,240.94125
Russia,RUS,2004,243.49332
Russia,RUS,2005,240.81749
Russia,RUS,2006,211.60425
Russia,RUS,2007,216.77858
Russia,RUS,2008,229.31104
Russia,RUS,2009,234.91107
Russia,RUS,2010,240.07265
Russia,RUS,2011,254.49265
Russia,RUS,2012,254.79373
Russia,RUS,2013,270.87213
Russia,RUS,2014,310.45212
Russia,RUS,2015,359.2113
Russia,RUS,2016,421.5916
Russia,RUS,2017,472.43143
Russia,RUS,2018,533.9107
Russia,RUS,2019,624.39215
Russia,RUS,2020,653.4465
Russia,RUS,2021,696.67834
Russia,RUS,2022,584.12036
Rwanda,RWA,1996,1.174583
Rwanda,RWA,1997,1.0831388
Rwanda,RWA,1998,1.1655991
Rwanda,RWA,1999,0.294554
Rwanda,RWA,2000,0.3883646
Rwanda,RWA,2001,0.49957198
Rwanda,RWA,2002,0.4440381
Rwanda,RWA,2003,0.83383065
Rwanda,RWA,2004,1.0355179
Rwanda,RWA,2005,0.74879664
Rwanda,RWA,2006,2.0442517
Rwanda,RWA,2007,2.147659
Rwanda,RWA,2008,2.9803343
Rwanda,RWA,2009,3.458102
Rwanda,RWA,2010,4.356653
Rwanda,RWA,2011,4.451597
Rwanda,RWA,2012,4.963111
Rwanda,RWA,2013,7.9525194
Rwanda,RWA,2014,8.491162
Rwanda,RWA,2015,8.8066845
Rwanda,RWA,2016,10.925245
Rwanda,RWA,2017,10.468724
Rwanda,RWA,2018,13.862912
Rwanda,RWA,2019,15.475768
Rwanda,RWA,2020,20.28037
Rwanda,RWA,2021,24.6285
Rwanda,RWA,2022,25.85446
Saint Kitts and Nevis,KNA,1996,5.8306317
Saint Kitts and Nevis,KNA,1997,30.625404
Saint Kitts and Nevis,KNA,1998,33.183327
Saint Kitts and Nevis,KNA,1999,72.64411
Saint Kitts and Nevis,KNA,2000,33.150635
Saint Kitts and Nevis,KNA,2001,21.852669
Saint Kitts and Nevis,KNA,2002,7.388092
Saint Kitts and Nevis,KNA,2003,0
Saint Kitts and Nevis,KNA,2004,15.761633
Saint Kitts and Nevis,KNA,2005,42.20772
Saint Kitts and Nevis,KNA,2006,41.658615
Saint Kitts and Nevis,KNA,2007,25.050314
Saint Kitts and Nevis,KNA,2008,88.82246
Saint Kitts and Nevis,KNA,2009,60.107426
Saint Kitts and Nevis,KNA,2010,94.13824
Saint Kitts and Nevis,KNA,2011,98.75016
Saint Kitts and Nevis,KNA,2012,188.16577
Saint Kitts and Nevis,KNA,2013,275.55292
Saint Kitts and Nevis,KNA,2014,322.793
Saint Kitts and Nevis,KNA,2015,409.87958
Saint Kitts and Nevis,KNA,2016,456.93042
Saint Kitts and Nevis,KNA,2017,606.3762
Saint Kitts and Nevis,KNA,2018,579.9013
Saint Kitts and Nevis,KNA,2019,712.6427
Saint Kitts and Nevis,KNA,2020,762.5347
Saint Kitts and Nevis,KNA,2021,736.69354
Saint Kitts and Nevis,KNA,2022,832.17365
Saint Lucia,LCA,1996,16.817783
Saint Lucia,LCA,1997,6.292235
Saint Lucia,LCA,1998,15.451554
Saint Lucia,LCA,1999,1.5953848
Saint Lucia,LCA,2000,12.609069
Saint Lucia,LCA,2001,16.413189
Saint Lucia,LCA,2002,13.424812
Saint Lucia,LCA,2003,0.55222857
Saint Lucia,LCA,2004,8.097955
Saint Lucia,LCA,2005,14.203687
Saint Lucia,LCA,2006,14.102341
Saint Lucia,LCA,2007,14.187103
Saint Lucia,LCA,2008,15.816787
Saint Lucia,LCA,2009,11.773779
Saint Lucia,LCA,2010,16.26625
Saint Lucia,LCA,2011,29.04523
Saint Lucia,LCA,2012,4.3456345
Saint Lucia,LCA,2013,21.341763
Saint Lucia,LCA,2014,0.9188115
Saint Lucia,LCA,2015,17.78108
Saint Lucia,LCA,2016,27.89702
Saint Lucia,LCA,2017,13.723333
Saint Lucia,LCA,2018,23.105125
Saint Lucia,LCA,2019,22.9088
Saint Lucia,LCA,2020,17.1669
Saint Lucia,LCA,2021,27.615643
Saint Lucia,LCA,2022,26.233213
Saint Vincent and the Grenadines,VCT,1996,12.376347
Saint Vincent and the Grenadines,VCT,1997,5.9218144
Saint Vincent and the Grenadines,VCT,1998,2.208871
Saint Vincent and the Grenadines,VCT,1999,4.4104934
Saint Vincent and the Grenadines,VCT,2000,3.698974
Saint Vincent and the Grenadines,VCT,2001,0
Saint Vincent and the Grenadines,VCT,2002,1.0586958
Saint Vincent and the Grenadines,VCT,2003,16.17451
Saint Vincent and the Grenadines,VCT,2004,1.1521248
Saint Vincent and the Grenadines,VCT,2005,8.892841
Saint Vincent and the Grenadines,VCT,2006,6.249219
Saint Vincent and the Grenadines,VCT,2007,11.297307
Saint Vincent and the Grenadines,VCT,2008,0
Saint Vincent and the Grenadines,VCT,2009,10.225504
Saint Vincent and the Grenadines,VCT,2010,9.276185
Saint Vincent and the Grenadines,VCT,2011,0.45725155
Saint Vincent and the Grenadines,VCT,2012,8.460859
Saint Vincent and the Grenadines,VCT,2013,20.34494
Saint Vincent and the Grenadines,VCT,2014,14.04194
Saint Vincent and the Grenadines,VCT,2015,7.1054597
Saint Vincent and the Grenadines,VCT,2016,21.250788
Saint Vincent and the Grenadines,VCT,2017,40.222218
Saint Vincent and the Grenadines,VCT,2018,11.627242
Saint Vincent and the Grenadines,VCT,2019,50.495842
Saint Vincent and the Grenadines,VCT,2020,50.615303
Saint Vincent and the Grenadines,VCT,2021,95.195496
Saint Vincent and the Grenadines,VCT,2022,81.923836
Samoa,WSM,1996,15.164337
Samoa,WSM,1997,25.063786
Samoa,WSM,1998,25.153013
Samoa,WSM,1999,35.88961
Samoa,WSM,2000,36.71189
Samoa,WSM,2001,42.802704
Samoa,WSM,2002,39.4642
Samoa,WSM,2003,25.993637
Samoa,WSM,2004,26.040407
Samoa,WSM,2005,24.548344
Samoa,WSM,2006,63.289455
Samoa,WSM,2007,24.423454
Samoa,WSM,2008,19.094511
Samoa,WSM,2009,28.092089
Samoa,WSM,2010,29.271124
Samoa,WSM,2011,29.017067
Samoa,WSM,2012,12.773667
Samoa,WSM,2013,22.293058
Samoa,WSM,2014,51.19053
Samoa,WSM,2015,50.40093
Samoa,WSM,2016,36.216393
Samoa,WSM,2017,45.858383
Samoa,WSM,2018,56.845005
Samoa,WSM,2019,40.804653
Samoa,WSM,2020,101.01725
Samoa,WSM,2021,111.142815
Samoa,WSM,2022,75.257484
San Marino,SMR,1996,118.90746
San Marino,SMR,1997,17.829458
San Marino,SMR,1998,108.70813
San Marino,SMR,1999,3.0235457
San Marino,SMR,2000,55.972237
San Marino,SMR,2001,40.157684
San Marino,SMR,2002,0
San Marino,SMR,2003,6.105664
San Marino,SMR,2004,53.63751
San Marino,SMR,2005,44.577023
San Marino,SMR,2006,22.197191
San Marino,SMR,2007,77.536766
San Marino,SMR,2008,118.75434
San Marino,SMR,2009,36.59348
San Marino,SMR,2010,39.074238
San Marino,SMR,2011,71.428566
San Marino,SMR,2012,109.35493
San Marino,SMR,2013,212.76596
San Marino,SMR,2014,150.05359
San Marino,SMR,2015,220.38484
San Marino,SMR,2016,258.60248
San Marino,SMR,2017,423.05988
San Marino,SMR,2018,351.08047
San Marino,SMR,2019,345.0365
San Marino,SMR,2020,291.9183
San Marino,SMR,2021,470.04556
San Marino,SMR,2022,566.43463
Sao Tome and Principe,STP,1996,12.193163
Sao Tome and Principe,STP,1997,7.198284
Sao Tome and Principe,STP,1998,0.35523728
Sao Tome and Principe,STP,1999,0
Sao Tome and Principe,STP,2000,2.5691233
Sao Tome and Principe,STP,2001,5.6703672
Sao Tome and Principe,STP,2002,5.2027054
Sao Tome and Principe,STP,2003,11.507405
Sao Tome and Principe,STP,2004,3.6777527
Sao Tome and Principe,STP,2005,1.5466565
Sao Tome and Principe,STP,2006,5.8561444
Sao Tome and Principe,STP,2007,7.719505
Sao Tome and Principe,STP,2008,0
Sao Tome and Principe,STP,2009,10.0082655
Sao Tome and Principe,STP,2010,12.266091
Sao Tome and Principe,STP,2011,0
Sao Tome and Principe,STP,2012,2.7449467
Sao Tome and Principe,STP,2013,0.8283803
Sao Tome and Principe,STP,2014,6.30187
Sao Tome and Principe,STP,2015,7.0896845
Sao Tome and Principe,STP,2016,5.4985785
Sao Tome and Principe,STP,2017,4.251824
Sao Tome and Principe,STP,2018,4.0915947
Sao Tome and Principe,STP,2019,11.10632
Sao Tome and Principe,STP,2020,12.78543
Sao Tome and Principe,STP,2021,13.335676
Sao Tome and Principe,STP,2022,16.791498
Saudi Arabia,SAU,1996,120.05054
Saudi Arabia,SAU,1997,118.063774
Saudi Arabia,SAU,1998,114.5469
Saudi Arabia,SAU,1999,100.480385
Saudi Arabia,SAU,2000,98.63688
Saudi Arabia,SAU,2001,92.97243
Saudi Arabia,SAU,2002,91.57994
Saudi Arabia,SAU,2003,94.6677
Saudi Arabia,SAU,2004,90.181335
Saudi Arabia,SAU,2005,87.51944
Saudi Arabia,SAU,2006,89.205795
Saudi Arabia,SAU,2007,91.813805
Saudi Arabia,SAU,2008,97.2871
Saudi Arabia,SAU,2009,119.0842
Saudi Arabia,SAU,2010,151.25267
Saudi Arabia,SAU,2011,192.53369
Saudi Arabia,SAU,2012,222.86412
Saudi Arabia,SAU,2013,257.66684
Saudi Arabia,SAU,2014,286.8258
Saudi Arabia,SAU,2015,296.432
Saudi Arabia,SAU,2016,301.75842
Saudi Arabia,SAU,2017,321.01062
Saudi Arabia,SAU,2018,355.8511
Saudi Arabia,SAU,2019,432.6692
Saudi Arabia,SAU,2020,539.1685
Saudi Arabia,SAU,2021,701.9858
Saudi Arabia,SAU,2022,802.64557
Senegal,SEN,1996,17.02104
Senegal,SEN,1997,16.684448
Senegal,SEN,1998,18.062807
Senegal,SEN,1999,18.897558
Senegal,SEN,2000,14.625421
Senegal,SEN,2001,14.619685
Senegal,SEN,2002,15.690488
Senegal,SEN,2003,19.229235
Senegal,SEN,2004,15.473268
Senegal,SEN,2005,18.064217
Senegal,SEN,2006,14.625967
Senegal,SEN,2007,17.65114
Senegal,SEN,2008,17.338428
Senegal,SEN,2009,14.516849
Senegal,SEN,2010,14.994366
Senegal,SEN,2011,20.142145
Senegal,SEN,2012,19.589806
Senegal,SEN,2013,20.105247
Senegal,SEN,2014,20.93682
Senegal,SEN,2015,22.488354
Senegal,SEN,2016,22.156342
Senegal,SEN,2017,21.918575
Senegal,SEN,2018,24.188637
Senegal,SEN,2019,23.07294
Senegal,SEN,2020,24.624136
Senegal,SEN,2021,24.465668
Senegal,SEN,2022,25.545145
Serbia,SRB,1996,0
Serbia,SRB,1997,0
Serbia,SRB,1998,0
Serbia,SRB,1999,0
Serbia,SRB,2000,0
Serbia,SRB,2001,0
Serbia,SRB,2002,0
Serbia,SRB,2003,0
Serbia,SRB,2004,0
Serbia,SRB,2005,0
Serbia,SRB,2006,0
Serbia,SRB,2007,405.0922
Serbia,SRB,2008,424.0076
Serbia,SRB,2009,510.25247
Serbia,SRB,2010,558.5306
Serbia,SRB,2011,666.0661
Serbia,SRB,2012,820.97235
Serbia,SRB,2013,736.054
Serbia,SRB,2014,710.8036
Serbia,SRB,2015,689.90497
Serbia,SRB,2016,712.7601
Serbia,SRB,2017,700.4956
Serbia,SRB,2018,692.77454
Serbia,SRB,2019,728.87384
Serbia,SRB,2020,686.5682
Serbia,SRB,2021,771.8464
Serbia,SRB,2022,807.189
Seychelles,SYC,1996,32.715233
Seychelles,SYC,1997,29.488224
Seychelles,SYC,1998,63.79525
Seychelles,SYC,1999,8.456659
Seychelles,SYC,2000,54.849564
Seychelles,SYC,2001,48.028374
Seychelles,SYC,2002,70.709366
Seychelles,SYC,2003,115.96864
Seychelles,SYC,2004,61.10943
Seychelles,SYC,2005,59.258007
Seychelles,SYC,2006,103.546104
Seychelles,SYC,2007,145.12013
Seychelles,SYC,2008,122.47573
Seychelles,SYC,2009,75.144905
Seychelles,SYC,2010,142.92079
Seychelles,SYC,2011,110.93194
Seychelles,SYC,2012,113.24644
Seychelles,SYC,2013,187.99542
Seychelles,SYC,2014,105.5178
Seychelles,SYC,2015,204.56224
Seychelles,SYC,2016,128.85918
Seychelles,SYC,2017,124.683075
Seychelles,SYC,2018,113.88769
Seychelles,SYC,2019,113.90525
Seychelles,SYC,2020,307.7329
Seychelles,SYC,2021,219.52892
Seychelles,SYC,2022,168.83832
Sierra Leone,SLE,1996,2.5981078
Sierra Leone,SLE,1997,3.8813124
Sierra Leone,SLE,1998,3.0006158
Sierra Leone,SLE,1999,0.9541359
Sierra Leone,SLE,2000,1.0195291
Sierra Leone,SLE,2001,1.0292547
Sierra Leone,SLE,2002,0.49482694
Sierra Leone,SLE,2003,0.54271334
Sierra Leone,SLE,2004,1.0120027
Sierra Leone,SLE,2005,0.7288641
Sierra Leone,SLE,2006,0.97075886
Sierra Leone,SLE,2007,0.8209621
Sierra Leone,SLE,2008,1.3079498
Sierra Leone,SLE,2009,1.4796109
Sierra Leone,SLE,2010,1.9412751
Sierra Leone,SLE,2011,1.6626871
Sierra Leone,SLE,2012,2.2362723
Sierra Leone,SLE,2013,2.1715653
Sierra Leone,SLE,2014,2.9346817
Sierra Leone,SLE,2015,4.6535387
Sierra Leone,SLE,2016,6.542381
Sierra Leone,SLE,2017,5.656364
Sierra Leone,SLE,2018,5.4364495
Sierra Leone,SLE,2019,6.734359
Sierra Leone,SLE,2020,8.07577
Sierra Leone,SLE,2021,9.700292
Sierra Leone,SLE,2022,10.483511
Singapore,SGP,1996,664.7281
Singapore,SGP,1997,834.78876
Singapore,SGP,1998,817.70715
Singapore,SGP,1999,1020.55896
Singapore,SGP,2000,1194.8052
Singapore,SGP,2001,1188.2662
Singapore,SGP,2002,1315.77
Singapore,SGP,2003,1510.7954
Singapore,SGP,2004,1816.5923
Singapore,SGP,2005,1899.8856
Singapore,SGP,2006,1913.6426
Singapore,SGP,2007,1783.7449
Singapore,SGP,2008,1799.1193
Singapore,SGP,2009,1805.3691
Singapore,SGP,2010,1961.4784
Singapore,SGP,2011,1969.3353
Singapore,SGP,2012,2037.3381
Singapore,SGP,2013,2053.189
Singapore,SGP,2014,2071.9893
Singapore,SGP,2015,2084.357
Singapore,SGP,2016,2153.4102
Singapore,SGP,2017,2171.9656
Singapore,SGP,2018,2140.9548
Singapore,SGP,2019,2119.0732
Singapore,SGP,2020,2171.6196
Singapore,SGP,2021,2312.441
Singapore,SGP,2022,2253.023
Slovakia,SVK,1996,384.2902
Slovakia,SVK,1997,336.53207
Slovakia,SVK,1998,378.2458
Slovakia,SVK,1999,375.90485
Slovakia,SVK,2000,391.2024
Slovakia,SVK,2001,389.23996
Slovakia,SVK,2002,389.64
Slovakia,SVK,2003,399.27054
Slovakia,SVK,2004,424.4827
Slovakia,SVK,2005,465.82913
Slovakia,SVK,2006,482.88925
Slovakia,SVK,2007,526.41656
Slovakia,SVK,2008,616.66595
Slovakia,SVK,2009,579.2248
Slovakia,SVK,2010,661.53534
Slovakia,SVK,2011,708.46014
Slovakia,SVK,2012,774.7164
Slovakia,SVK,2013,810.97565
Slovakia,SVK,2014,911.8509
Slovakia,SVK,2015,934.0848
Slovakia,SVK,2016,1010.0449
Slovakia,SVK,2017,1046.4492
Slovakia,SVK,2018,961.66156
Slovakia,SVK,2019,1071.8413
Slovakia,SVK,2020,1038.9686
Slovakia,SVK,2021,1072.8868
Slovakia,SVK,2022,992.3852
Slovenia,SVN,1996,557.7615
Slovenia,SVN,1997,622.63214
Slovenia,SVN,1998,622.1548
Slovenia,SVN,1999,718.844
Slovenia,SVN,2000,863.30054
Slovenia,SVN,2001,843.06696
Slovenia,SVN,2002,905.92773
Slovenia,SVN,2003,1085.1953
Slovenia,SVN,2004,969.4233
Slovenia,SVN,2005,1181.32
Slovenia,SVN,2006,1189.7245
Slovenia,SVN,2007,1362.7819
Slovenia,SVN,2008,1508.359
Slovenia,SVN,2009,1584.5316
Slovenia,SVN,2010,1576.7484
Slovenia,SVN,2011,1783.6338
Slovenia,SVN,2012,1731.4703
Slovenia,SVN,2013,1734.9619
Slovenia,SVN,2014,1705.356
Slovenia,SVN,2015,1745.8134
Slovenia,SVN,2016,1666.276
Slovenia,SVN,2017,1695.1849
Slovenia,SVN,2018,1634.828
Slovenia,SVN,2019,1803.1637
Slovenia,SVN,2020,1885.8135
Slovenia,SVN,2021,2121.026
Slovenia,SVN,2022,1928.7611
Solomon Islands,SLB,1996,9.671497
Solomon Islands,SLB,1997,21.817345
Solomon Islands,SLB,1998,19.16143
Solomon Islands,SLB,1999,22.555168
Solomon Islands,SLB,2000,12.055332
Solomon Islands,SLB,2001,5.432786
Solomon Islands,SLB,2002,2.2723746
Solomon Islands,SLB,2003,8.280525
Solomon Islands,SLB,2004,5.5624504
Solomon Islands,SLB,2005,6.3343544
Solomon Islands,SLB,2006,13.405372
Solomon Islands,SLB,2007,9.13715
Solomon Islands,SLB,2008,5.6211796
Solomon Islands,SLB,2009,7.2953115
Solomon Islands,SLB,2010,17.393166
Solomon Islands,SLB,2011,13.202037
Solomon Islands,SLB,2012,7.6184697
Solomon Islands,SLB,2013,6.7401195
Solomon Islands,SLB,2014,13.000319
Solomon Islands,SLB,2015,21.457113
Solomon Islands,SLB,2016,22.585257
Solomon Islands,SLB,2017,15.911398
Solomon Islands,SLB,2018,21.59072
Solomon Islands,SLB,2019,18.444078
Solomon Islands,SLB,2020,21.047739
Solomon Islands,SLB,2021,18.646955
Solomon Islands,SLB,2022,14.160135
Somalia,SOM,1996,0.1747309
Somalia,SOM,1997,0.24282624
Somalia,SOM,1998,0.058856584
Somalia,SOM,1999,0.09773837
Somalia,SOM,2000,0.033941593
Somalia,SOM,2001,0
Somalia,SOM,2002,0.17905642
Somalia,SOM,2003,0.18467768
Somalia,SOM,2004,0.110884175
Somalia,SOM,2005,0
Somalia,SOM,2006,0.13940136
Somalia,SOM,2007,0
Somalia,SOM,2008,0.13547018
Somalia,SOM,2009,0.22991002
Somalia,SOM,2010,0.22345902
Somalia,SOM,2011,0.23403028
Somalia,SOM,2012,0.11475657
Somalia,SOM,2013,0.49030295
Somalia,SOM,2014,0.4085613
Somalia,SOM,2015,0.39472836
Somalia,SOM,2016,0.24462079
Somalia,SOM,2017,0.7253649
Somalia,SOM,2018,0.6626765
Somalia,SOM,2019,1.1764728
Somalia,SOM,2020,1.986044
Somalia,SOM,2021,3.154921
Somalia,SOM,2022,5.9819465
South Africa,ZAF,1996,86.99307
South Africa,ZAF,1997,85.93347
South Africa,ZAF,1998,86.63704
South Africa,ZAF,1999,86.56112
South Africa,ZAF,2000,84.066444
South Africa,ZAF,2001,87.38826
South Africa,ZAF,2002,92.89931
South Africa,ZAF,2003,90.44533
South Africa,ZAF,2004,101.36999
South Africa,ZAF,2005,106.61823
South Africa,ZAF,2006,116.85742
South Africa,ZAF,2007,118.68707
South Africa,ZAF,2008,125.27751
South Africa,ZAF,2009,139.17894
South Africa,ZAF,2010,147.05148
South Africa,ZAF,2011,157.07968
South Africa,ZAF,2012,169.29575
South Africa,ZAF,2013,176.59938
South Africa,ZAF,2014,185.69763
South Africa,ZAF,2015,196.53975
South Africa,ZAF,2016,212.7963
South Africa,ZAF,2017,225.90845
South Africa,ZAF,2018,229.93362
South Africa,ZAF,2019,254.2188
South Africa,ZAF,2020,259.97543
South Africa,ZAF,2021,261.6577
South Africa,ZAF,2022,266.9374
South Asia (WB),WB_SA,1996,17.021242
South Asia (WB),WB_SA,1997,17.137024
South Asia (WB),WB_SA,1998,17.120337
South Asia (WB),WB_SA,1999,17.740042
South Asia (WB),WB_SA,2000,17.915237
South Asia (WB),WB_SA,2001,18.492535
South Asia (WB),WB_SA,2002,19.576818
South Asia (WB),WB_SA,2003,21.188147
South Asia (WB),WB_SA,2004,22.315855
South Asia (WB),WB_SA,2005,25.219492
South Asia (WB),WB_SA,2006,28.7106
South Asia (WB),WB_SA,2007,31.548576
South Asia (WB),WB_SA,2008,35.33923
South Asia (WB),WB_SA,2009,38.75957
South Asia (WB),WB_SA,2010,43.323254
South Asia (WB),WB_SA,2011,50.363823
South Asia (WB),WB_SA,2012,54.655823
South Asia (WB),WB_SA,2013,57.17863
South Asia (WB),WB_SA,2014,62.82739
South Asia (WB),WB_SA,2015,66.223236
South Asia (WB),WB_SA,2016,71.94114
South Asia (WB),WB_SA,2017,75.40309
South Asia (WB),WB_SA,2018,85.43905
South Asia (WB),WB_SA,2019,87.73617
South Asia (WB),WB_SA,2020,96.81668
South Asia (WB),WB_SA,2021,117.24963
South Asia (WB),WB_SA,2022,132.75398
South Korea,KOR,1996,194.76291
South Korea,KOR,1997,244.5494
South Korea,KOR,1998,262.67572
South Korea,KOR,1999,314.96796
South Korea,KOR,2000,337.70874
South Korea,KOR,2001,389.18613
South Korea,KOR,2002,420.2649
South Korea,KOR,2003,498.61597
South Korea,KOR,2004,576.9473
South Korea,KOR,2005,666.1372
South Korea,KOR,2006,768.96783
South Korea,KOR,2007,848.6851
South Korea,KOR,2008,895.4009
South Korea,KOR,2009,932.0511
South Korea,KOR,2010,1015.838
South Korea,KOR,2011,1073.8429
South Korea,KOR,2012,1117.5509
South Korea,KOR,2013,1136.6523
South Korea,KOR,2014,1185.3505
South Korea,KOR,2015,1229.4979
South Korea,KOR,2016,1228.384
South Korea,KOR,2017,1247.946
South Korea,KOR,2018,1296.7445
South Korea,KOR,2019,1365.8281
South Korea,KOR,2020,1413.2156
South Korea,KOR,2021,1498.3032
South Korea,KOR,2022,1488.9082
South Sudan,SSD,1996,0
South Sudan,SSD,1997,0
South Sudan,SSD,1998,0
South Sudan,SSD,1999,0
South Sudan,SSD,2000,0
South Sudan,SSD,2001,0
South Sudan,SSD,2002,0
South Sudan,SSD,2003,0
South Sudan,SSD,2004,0
South Sudan,SSD,2005,0
South Sudan,SSD,2006,0
South Sudan,SSD,2007,0
South Sudan,SSD,2008,0
South Sudan,SSD,2009,0
South Sudan,SSD,2010,0
South Sudan,SSD,2011,0.15746334
South Sudan,SSD,2012,0.22498569
South Sudan,SSD,2013,0.8024162
South Sudan,SSD,2014,0.5002193
South Sudan,SSD,2015,0.49605852
South Sudan,SSD,2016,0.19482733
South Sudan,SSD,2017,0.55852556
South Sudan,SSD,2018,0.9503133
South Sudan,SSD,2019,0.8317836
South Sudan,SSD,2020,1.3618773
South Sudan,SSD,2021,1.2046995
South Sudan,SSD,2022,1.4862295
Spain,ESP,1996,529.5131
Spain,ESP,1997,568.36285
Spain,ESP,1998,569.9356
Spain,ESP,1999,594.24756
Spain,ESP,2000,616.2678
Spain,ESP,2001,647.6583
Spain,ESP,2002,678.52527
Spain,ESP,2003,698.7875
Spain,ESP,2004,747.12384
Spain,ESP,2005,828.104
Spain,ESP,2006,897.0395
Spain,ESP,2007,940.4998
Spain,ESP,2008,967.3937
Spain,ESP,2009,1023.99774
Spain,ESP,2010,1059.4274
Spain,ESP,2011,1121.2152
Spain,ESP,2012,1169.0399
Spain,ESP,2013,1174.3054
Spain,ESP,2014,1209.1459
Spain,ESP,2015,1191.3597
Spain,ESP,2016,1196.5836
Spain,ESP,2017,1199.976
Spain,ESP,2018,1224.1958
Spain,ESP,2019,1279.9115
Spain,ESP,2020,1383.921
Spain,ESP,2021,1481.3718
Spain,ESP,2022,1404.168
Sri Lanka,LKA,1996,9.376701
Sri Lanka,LKA,1997,11.6269
Sri Lanka,LKA,1998,10.701762
Sri Lanka,LKA,1999,10.98564
Sri Lanka,LKA,2000,10.851574
Sri Lanka,LKA,2001,11.003878
Sri Lanka,LKA,2002,12.395389
Sri Lanka,LKA,2003,13.275178
Sri Lanka,LKA,2004,13.206652
Sri Lanka,LKA,2005,16.603745
Sri Lanka,LKA,2006,19.101423
Sri Lanka,LKA,2007,21.349716
Sri Lanka,LKA,2008,24.86454
Sri Lanka,LKA,2009,23.440441
Sri Lanka,LKA,2010,24.160059
Sri Lanka,LKA,2011,27.170198
Sri Lanka,LKA,2012,28.729124
Sri Lanka,LKA,2013,35.602623
Sri Lanka,LKA,2014,33.962845
Sri Lanka,LKA,2015,35.94087
Sri Lanka,LKA,2016,53.003445
Sri Lanka,LKA,2017,55.437004
Sri Lanka,LKA,2018,67.30549
Sri Lanka,LKA,2019,78.29427
Sri Lanka,LKA,2020,81.92573
Sri Lanka,LKA,2021,107.98429
Sri Lanka,LKA,2022,111.93769
Sub-Saharan Africa (WB),WB_SSA,1996,11.408608
Sub-Saharan Africa (WB),WB_SSA,1997,11.402124
Sub-Saharan Africa (WB),WB_SSA,1998,11.183332
Sub-Saharan Africa (WB),WB_SSA,1999,11.186773
Sub-Saharan Africa (WB),WB_SSA,2000,10.681142
Sub-Saharan Africa (WB),WB_SSA,2001,10.885021
Sub-Saharan Africa (WB),WB_SSA,2002,11.446094
Sub-Saharan Africa (WB),WB_SSA,2003,11.409724
Sub-Saharan Africa (WB),WB_SSA,2004,12.261244
Sub-Saharan Africa (WB),WB_SSA,2005,13.077511
Sub-Saharan Africa (WB),WB_SSA,2006,14.057704
Sub-Saharan Africa (WB),WB_SSA,2007,14.582406
Sub-Saharan Africa (WB),WB_SSA,2008,14.961987
Sub-Saharan Africa (WB),WB_SSA,2009,16.598127
Sub-Saharan Africa (WB),WB_SSA,2010,17.556208
Sub-Saharan Africa (WB),WB_SSA,2011,18.580751
Sub-Saharan Africa (WB),WB_SSA,2012,19.061012
Sub-Saharan Africa (WB),WB_SSA,2013,19.701136
Sub-Saharan Africa (WB),WB_SSA,2014,21.081244
Sub-Saharan Africa (WB),WB_SSA,2015,21.870789
Sub-Saharan Africa (WB),WB_SSA,2016,23.582542
Sub-Saharan Africa (WB),WB_SSA,2017,25.325346
Sub-Saharan Africa (WB),WB_SSA,2018,27.270128
Sub-Saharan Africa (WB),WB_SSA,2019,30.744818
Sub-Saharan Africa (WB),WB_SSA,2020,34.161755
Sub-Saharan Africa (WB),WB_SSA,2021,37.82175
Sub-Saharan Africa (WB),WB_SSA,2022,39.517735
Sudan,SDN,1996,2.7295218
Sudan,SDN,1997,2.755833
Sudan,SDN,1998,3.3270345
Sudan,SDN,1999,2.2848728
Sudan,SDN,2000,2.4826772
Sudan,SDN,2001,2.2155385
Sudan,SDN,2002,2.4612772
Sudan,SDN,2003,2.845528
Sudan,SDN,2004,3.2693388
Sudan,SDN,2005,3.5074034
Sudan,SDN,2006,3.1948178
Sudan,SDN,2007,4.1008253
Sudan,SDN,2008,4.4521794
Sudan,SDN,2009,5.5292134
Sudan,SDN,2010,6.7449965
Sudan,SDN,2011,7.5543413
Sudan,SDN,2012,6.6012735
Sudan,SDN,2013,8.5015955
Sudan,SDN,2014,5.712289
Sudan,SDN,2015,6.2921567
Sudan,SDN,2016,8.860663
Sudan,SDN,2017,7.5316687
Sudan,SDN,2018,9.055496
Sudan,SDN,2019,8.566315
Sudan,SDN,2020,8.243136
Sudan,SDN,2021,11.398898
Sudan,SDN,2022,10.269049
Suriname,SUR,1996,5.2184215
Suriname,SUR,1997,4.374346
Suriname,SUR,1998,3.4105368
Suriname,SUR,1999,6.1038814
Suriname,SUR,2000,5.496776
Suriname,SUR,2001,8.775896
Suriname,SUR,2002,6.9882045
Suriname,SUR,2003,6.713875
Suriname,SUR,2004,8.91184
Suriname,SUR,2005,9.281493
Suriname,SUR,2006,9.942914
Suriname,SUR,2007,17.607756
Suriname,SUR,2008,8.134091
Suriname,SUR,2009,10.17352
Suriname,SUR,2010,8.473913
Suriname,SUR,2011,7.5682807
Suriname,SUR,2012,16.90267
Suriname,SUR,2013,28.768763
Suriname,SUR,2014,14.686125
Suriname,SUR,2015,22.694958
Suriname,SUR,2016,37.66863
Suriname,SUR,2017,24.708908
Suriname,SUR,2018,29.156998
Suriname,SUR,2019,32.98292
Suriname,SUR,2020,32.41785
Suriname,SUR,2021,40.33041
Suriname,SUR,2022,21.390837
Sweden,SWE,1996,1513.975
Sweden,SWE,1997,1560.4254
Sweden,SWE,1998,1582.1987
Sweden,SWE,1999,1603.4119
Sweden,SWE,2000,1642.2081
Sweden,SWE,2001,1657.1758
Sweden,SWE,2002,1633.1954
Sweden,SWE,2003,1670.8905
Sweden,SWE,2004,1719.8195
Sweden,SWE,2005,1841.362
Sweden,SWE,2006,1864.5131
Sweden,SWE,2007,1846.994
Sweden,SWE,2008,1819.2301
Sweden,SWE,2009,1896.8727
Sweden,SWE,2010,1912.4407
Sweden,SWE,2011,1954.3013
Sweden,SWE,2012,2040.2161
Sweden,SWE,2013,2085.726
Sweden,SWE,2014,2170.1497
Sweden,SWE,2015,2163.196
Sweden,SWE,2016,2132.6008
Sweden,SWE,2017,2105.3188
Sweden,SWE,2018,2088.9358
Sweden,SWE,2019,2088.4497
Sweden,SWE,2020,2102.3792
Sweden,SWE,2021,2181.6533
Sweden,SWE,2022,2131.5796
Switzerland,CHE,1996,1626.0256
Switzerland,CHE,1997,1675.5702
Switzerland,CHE,1998,1685.7748
Switzerland,CHE,1999,1674.7502
Switzerland,CHE,2000,1756.8193
Switzerland,CHE,2001,1700.9556
Switzerland,CHE,2002,1713.0093
Switzerland,CHE,2003,1812.4402
Switzerland,CHE,2004,1932.2294
Switzerland,CHE,2005,2099.5386
Switzerland,CHE,2006,2225.8252
Switzerland,CHE,2007,2259.7769
Switzerland,CHE,2008,2290.611
Switzerland,CHE,2009,2331.8135
Switzerland,CHE,2010,2414.672
Switzerland,CHE,2011,2519.4727
Switzerland,CHE,2012,2621.4272
Switzerland,CHE,2013,2670.1553
Switzerland,CHE,2014,2707.0352
Switzerland,CHE,2015,2681.247
Switzerland,CHE,2016,2675.2903
Switzerland,CHE,2017,2726.592
Switzerland,CHE,2018,2671.951
Switzerland,CHE,2019,2691.0457
Switzerland,CHE,2020,2738.6318
Switzerland,CHE,2021,2881.0476
Switzerland,CHE,2022,2762.644
Syria,SYR,1996,3.854681
Syria,SYR,1997,4.6498985
Syria,SYR,1998,4.4410977
Syria,SYR,1999,5.21997
Syria,SYR,2000,6.015787
Syria,SYR,2001,5.5661325
Syria,SYR,2002,4.753173
Syria,SYR,2003,5.826948
Syria,SYR,2004,7.4058423
Syria,SYR,2005,7.7335653
Syria,SYR,2006,6.845742
Syria,SYR,2007,7.379768
Syria,SYR,2008,9.338359
Syria,SYR,2009,7.2339363
Syria,SYR,2010,10.328069
Syria,SYR,2011,11.685849
Syria,SYR,2012,13.211913
Syria,SYR,2013,11.416484
Syria,SYR,2014,11.662424
Syria,SYR,2015,13.868999
Syria,SYR,2016,14.468188
Syria,SYR,2017,13.435343
Syria,SYR,2018,15.762204
Syria,SYR,2019,16.996557
Syria,SYR,2020,22.590635
Syria,SYR,2021,25.12109
Syria,SYR,2022,26.01262
Tajikistan,TJK,1996,9.504621
Tajikistan,TJK,1997,7.156551
Tajikistan,TJK,1998,5.393112
Tajikistan,TJK,1999,8.301696
Tajikistan,TJK,2000,5.4449396
Tajikistan,TJK,2001,5.1643596
Tajikistan,TJK,2002,6.5251317
Tajikistan,TJK,2003,4.9139643
Tajikistan,TJK,2004,5.9862633
Tajikistan,TJK,2005,4.7929735
Tajikistan,TJK,2006,4.2493405
Tajikistan,TJK,2007,4.6049213
Tajikistan,TJK,2008,4.604544
Tajikistan,TJK,2009,3.1440957
Tajikistan,TJK,2010,5.4024096
Tajikistan,TJK,2011,5.221869
Tajikistan,TJK,2012,6.0131636
Tajikistan,TJK,2013,6.9175987
Tajikistan,TJK,2014,4.685746
Tajikistan,TJK,2015,6.4554644
Tajikistan,TJK,2016,5.7401443
Tajikistan,TJK,2017,6.3482656
Tajikistan,TJK,2018,6.4003296
Tajikistan,TJK,2019,9.045153
Tajikistan,TJK,2020,11.983413
Tajikistan,TJK,2021,12.989986
Tajikistan,TJK,2022,10.819839
Tanzania,TZA,1996,4.0955524
Tanzania,TZA,1997,4.4562545
Tanzania,TZA,1998,3.856824
Tanzania,TZA,1999,4.1720304
Tanzania,TZA,2000,4.3981137
Tanzania,TZA,2001,3.7354076
Tanzania,TZA,2002,4.217179
Tanzania,TZA,2003,4.559235
Tanzania,TZA,2004,5.0446515
Tanzania,TZA,2005,5.57704
Tanzania,TZA,2006,6.9921994
Tanzania,TZA,2007,7.4585776
Tanzania,TZA,2008,7.0163236
Tanzania,TZA,2009,7.16437
Tanzania,TZA,2010,8.099916
Tanzania,TZA,2011,8.714654
Tanzania,TZA,2012,8.297755
Tanzania,TZA,2013,8.219092
Tanzania,TZA,2014,10.526596
Tanzania,TZA,2015,10.348712
Tanzania,TZA,2016,10.455185
Tanzania,TZA,2017,11.069865
Tanzania,TZA,2018,10.919937
Tanzania,TZA,2019,13.36141
Tanzania,TZA,2020,14.585849
Tanzania,TZA,2021,15.8705
Tanzania,TZA,2022,18.101948
Thailand,THA,1996,14.152187
Thailand,THA,1997,16.386608
Thailand,THA,1998,19.166445
Thailand,THA,1999,20.973999
Thailand,THA,2000,26.46862
Thailand,THA,2001,28.140266
Thailand,THA,2002,33.367027
Thailand,THA,2003,36.547974
Thailand,THA,2004,42.7131
Thailand,THA,2005,55.53443
Thailand,THA,2006,66.48751
Thailand,THA,2007,70.465744
Thailand,THA,2008,81.2037
Thailand,THA,2009,88.768265
Thailand,THA,2010,99.17782
Thailand,THA,2011,104.974106
Thailand,THA,2012,108.927635
Thailand,THA,2013,108.536156
Thailand,THA,2014,116.837715
Thailand,THA,2015,120.996796
Thailand,THA,2016,135.26434
Thailand,THA,2017,156.10484
Thailand,THA,2018,179.1173
Thailand,THA,2019,190.43692
Thailand,THA,2020,195.70128
Thailand,THA,2021,232.9023
Thailand,THA,2022,257.76044
Togo,TGO,1996,4.949911
Togo,TGO,1997,4.5883307
Togo,TGO,1998,8.058157
Togo,TGO,1999,8.285554
Togo,TGO,2000,5.95521
Togo,TGO,2001,5.017639
Togo,TGO,2002,3.7352624
Togo,TGO,2003,4.682856
Togo,TGO,2004,4.230662
Togo,TGO,2005,4.274008
Togo,TGO,2006,4.949533
Togo,TGO,2007,4.813889
Togo,TGO,2008,6.8819747
Togo,TGO,2009,6.466861
Togo,TGO,2010,7.2602077
Togo,TGO,2011,7.067185
Togo,TGO,2012,6.1993575
Togo,TGO,2013,7.7648
Togo,TGO,2014,10.046236
Togo,TGO,2015,9.120216
Togo,TGO,2016,8.547662
Togo,TGO,2017,8.227486
Togo,TGO,2018,10.329615
Togo,TGO,2019,10.715972
Togo,TGO,2020,10.406334
Togo,TGO,2021,12.09455
Togo,TGO,2022,14.82331
Tonga,TON,1996,0
Tonga,TON,1997,12.217653
Tonga,TON,1998,12.328876
Tonga,TON,1999,13.033339
Tonga,TON,2000,22.69252
Tonga,TON,2001,7.26125
Tonga,TON,2002,17.617498
Tonga,TON,2003,15.220554
Tonga,TON,2004,29.789381
Tonga,TON,2005,6.435067
Tonga,TON,2006,43.857582
Tonga,TON,2007,16.490828
Tonga,TON,2008,4.298262
Tonga,TON,2009,22.294153
Tonga,TON,2010,11.918063
Tonga,TON,2011,18.127731
Tonga,TON,2012,17.029593
Tonga,TON,2013,15.222548
Tonga,TON,2014,8.254462
Tonga,TON,2015,27.145483
Tonga,TON,2016,31.651567
Tonga,TON,2017,74.88895
Tonga,TON,2018,55.130867
Tonga,TON,2019,44.383877
Tonga,TON,2020,87.41391
Tonga,TON,2021,34.790028
Tonga,TON,2022,44.07761
Trinidad and Tobago,TTO,1996,56.13685
Trinidad and Tobago,TTO,1997,58.55253
Trinidad and Tobago,TTO,1998,65.713905
Trinidad and Tobago,TTO,1999,60.348
Trinidad and Tobago,TTO,2000,67.291824
Trinidad and Tobago,TTO,2001,80.78807
Trinidad and Tobago,TTO,2002,84.07588
Trinidad and Tobago,TTO,2003,89.922455
Trinidad and Tobago,TTO,2004,98.395996
Trinidad and Tobago,TTO,2005,134.84033
Trinidad and Tobago,TTO,2006,100.6669
Trinidad and Tobago,TTO,2007,129.97357
Trinidad and Tobago,TTO,2008,123.59897
Trinidad and Tobago,TTO,2009,159.03294
Trinidad and Tobago,TTO,2010,161.15788
Trinidad and Tobago,TTO,2011,166.6693
Trinidad and Tobago,TTO,2012,154.03754
Trinidad and Tobago,TTO,2013,118.46568
Trinidad and Tobago,TTO,2014,180.13994
Trinidad and Tobago,TTO,2015,112.37587
Trinidad and Tobago,TTO,2016,152.64847
Trinidad and Tobago,TTO,2017,163.19815
Trinidad and Tobago,TTO,2018,171.5209
Trinidad and Tobago,TTO,2019,177.04741
Trinidad and Tobago,TTO,2020,180.54108
Trinidad and Tobago,TTO,2021,193.07408
Trinidad and Tobago,TTO,2022,191.71844
Tunisia,TUN,1996,41.12032
Tunisia,TUN,1997,50.55263
Tunisia,TUN,1998,58.220436
Tunisia,TUN,1999,62.42878
Tunisia,TUN,2000,67.25083
Tunisia,TUN,2001,81.065475
Tunisia,TUN,2002,98.42436
Tunisia,TUN,2003,106.51203
Tunisia,TUN,2004,133.25676
Tunisia,TUN,2005,167.85283
Tunisia,TUN,2006,192.15747
Tunisia,TUN,2007,221.17084
Tunisia,TUN,2008,262.5321
Tunisia,TUN,2009,303.02945
Tunisia,TUN,2010,321.37344
Tunisia,TUN,2011,339.80875
Tunisia,TUN,2012,345.2118
Tunisia,TUN,2013,379.71304
Tunisia,TUN,2014,401.69452
Tunisia,TUN,2015,427.38617
Tunisia,TUN,2016,469.7062
Tunisia,TUN,2017,481.88068
Tunisia,TUN,2018,472.4086
Tunisia,TUN,2019,438.3347
Tunisia,TUN,2020,413.8731
Tunisia,TUN,2021,425.1283
Tunisia,TUN,2022,472.80072
Turkey,TUR,1996,81.365746
Turkey,TUR,1997,85.7522
Turkey,TUR,1998,90.53825
Turkey,TUR,1999,104.38318
Turkey,TUR,2000,104.169655
Turkey,TUR,2001,129.6992
Turkey,TUR,2002,163.63292
Turkey,TUR,2003,197.19798
Turkey,TUR,2004,231.3918
Turkey,TUR,2005,254.54193
Turkey,TUR,2006,277.26352
Turkey,TUR,2007,306.21805
Turkey,TUR,2008,306.64526
Turkey,TUR,2009,343.6798
Turkey,TUR,2010,357.4601
Turkey,TUR,2011,361.5928
Turkey,TUR,2012,371.95135
Turkey,TUR,2013,394.06863
Turkey,TUR,2014,396.61093
Turkey,TUR,2015,416.0082
Turkey,TUR,2016,440.63004
Turkey,TUR,2017,411.97845
Turkey,TUR,2018,416.4527
Turkey,TUR,2019,459.88275
Turkey,TUR,2020,490.77744
Turkey,TUR,2021,565.6793
Turkey,TUR,2022,619.6492
Turkmenistan,TKM,1996,2.415675
Turkmenistan,TKM,1997,1.7478607
Turkmenistan,TKM,1998,1.2855664
Turkmenistan,TKM,1999,0.39401892
Turkmenistan,TKM,2000,1.2874571
Turkmenistan,TKM,2001,1.1977562
Turkmenistan,TKM,2002,1.1762326
Turkmenistan,TKM,2003,0.8121114
Turkmenistan,TKM,2004,0.907607
Turkmenistan,TKM,2005,0.62942165
Turkmenistan,TKM,2006,0.7460504
Turkmenistan,TKM,2007,0.92867225
Turkmenistan,TKM,2008,0.2956018
Turkmenistan,TKM,2009,0.7043814
Turkmenistan,TKM,2010,1.2364414
Turkmenistan,TKM,2011,2.1518743
Turkmenistan,TKM,2012,2.1812687
Turkmenistan,TKM,2013,0.98495775
Turkmenistan,TKM,2014,3.1093202
Turkmenistan,TKM,2015,0.99746287
Turkmenistan,TKM,2016,0.46855044
Turkmenistan,TKM,2017,1.2186761
Turkmenistan,TKM,2018,0.7422406
Turkmenistan,TKM,2019,0.39976814
Turkmenistan,TKM,2020,0.79137695
Turkmenistan,TKM,2021,1.7540784
Turkmenistan,TKM,2022,3.031731
Tuvalu,TUV,1996,0
Tuvalu,TUV,1997,0
Tuvalu,TUV,1998,0
Tuvalu,TUV,1999,0
Tuvalu,TUV,2000,0
Tuvalu,TUV,2001,104.3188
Tuvalu,TUV,2002,0
Tuvalu,TUV,2003,61.887573
Tuvalu,TUV,2004,62.14344
Tuvalu,TUV,2005,0
Tuvalu,TUV,2006,126.292755
Tuvalu,TUV,2007,36.33864
Tuvalu,TUV,2008,31.973648
Tuvalu,TUV,2009,23.898289
Tuvalu,TUV,2010,0
Tuvalu,TUV,2011,0
Tuvalu,TUV,2012,3.6583135
Tuvalu,TUV,2013,29.997274
Tuvalu,TUV,2014,102.876915
Tuvalu,TUV,2015,99.42535
Tuvalu,TUV,2016,37.511436
Tuvalu,TUV,2017,59.80311
Tuvalu,TUV,2018,44.647007
Tuvalu,TUV,2019,11.341083
Tuvalu,TUV,2020,37.503605
Tuvalu,TUV,2021,5.885815
Tuvalu,TUV,2022,52.04163
Uganda,UGA,1996,3.9281166
Uganda,UGA,1997,3.4118705
Uganda,UGA,1998,4.4213386
Uganda,UGA,1999,5.055191
Uganda,UGA,2000,5.4520497
Uganda,UGA,2001,5.483382
Uganda,UGA,2002,5.126333
Uganda,UGA,2003,5.238287
Uganda,UGA,2004,7.7950206
Uganda,UGA,2005,7.877471
Uganda,UGA,2006,7.2518573
Uganda,UGA,2007,9.426565
Uganda,UGA,2008,8.333782
Uganda,UGA,2009,9.859098
Uganda,UGA,2010,12.578262
Uganda,UGA,2011,12.484056
Uganda,UGA,2012,13.136682
Uganda,UGA,2013,13.359635
Uganda,UGA,2014,14.012981
Uganda,UGA,2015,16.23119
Uganda,UGA,2016,15.582558
Uganda,UGA,2017,16.247448
Uganda,UGA,2018,16.49191
Uganda,UGA,2019,18.65225
Uganda,UGA,2020,20.706005
Uganda,UGA,2021,26.30245
Uganda,UGA,2022,26.29314
Ukraine,UKR,1996,110.22973
Ukraine,UKR,1997,119.23708
Ukraine,UKR,1998,125.8268
Ukraine,UKR,1999,111.59217
Ukraine,UKR,2000,111.53799
Ukraine,UKR,2001,138.51753
Ukraine,UKR,2002,124.08314
Ukraine,UKR,2003,122.35565
Ukraine,UKR,2004,124.27097
Ukraine,UKR,2005,128.55246
Ukraine,UKR,2006,114.75719
Ukraine,UKR,2007,116.533875
Ukraine,UKR,2008,127.15004
Ukraine,UKR,2009,121.688675
Ukraine,UKR,2010,130.64017
Ukraine,UKR,2011,136.46907
Ukraine,UKR,2012,144.10976
Ukraine,UKR,2013,159.47247
Ukraine,UKR,2014,158.41946
Ukraine,UKR,2015,164.56104
Ukraine,UKR,2016,174.54916
Ukraine,UKR,2017,201.64125
Ukraine,UKR,2018,229.0542
Ukraine,UKR,2019,295.8272
Ukraine,UKR,2020,314.6552
Ukraine,UKR,2021,341.6335
Ukraine,UKR,2022,321.7042
United Arab Emirates,ARE,1996,113.30231
United Arab Emirates,ARE,1997,100.2481
United Arab Emirates,ARE,1998,105.46566
United Arab Emirates,ARE,1999,75.866295
United Arab Emirates,ARE,2000,92.99644
United Arab Emirates,ARE,2001,101.10404
United Arab Emirates,ARE,2002,99.44587
United Arab Emirates,ARE,2003,130.38177
United Arab Emirates,ARE,2004,127.14025
United Arab Emirates,ARE,2005,154.0841
United Arab Emirates,ARE,2006,166.83437
United Arab Emirates,ARE,2007,140.16554
United Arab Emirates,ARE,2008,143.86139
United Arab Emirates,ARE,2009,155.70761
United Arab Emirates,ARE,2010,184.09312
United Arab Emirates,ARE,2011,200.32549
United Arab Emirates,ARE,2012,217.46213
United Arab Emirates,ARE,2013,229.17366
United Arab Emirates,ARE,2014,225.14592
United Arab Emirates,ARE,2015,272.09708
United Arab Emirates,ARE,2016,286.81506
United Arab Emirates,ARE,2017,310.78607
United Arab Emirates,ARE,2018,329.61578
United Arab Emirates,ARE,2019,438.05676
United Arab Emirates,ARE,2020,475.25388
United Arab Emirates,ARE,2021,550.0299
United Arab Emirates,ARE,2022,635.4198
United Kingdom,GBR,1996,1243.5312
United Kingdom,GBR,1997,1271.5182
United Kingdom,GBR,1998,1268.7859
United Kingdom,GBR,1999,1249.6775
United Kingdom,GBR,2000,1323.9215
United Kingdom,GBR,2001,1258.4325
United Kingdom,GBR,2002,1269.5852
United Kingdom,GBR,2003,1293.4551
United Kingdom,GBR,2004,1347.2003
United Kingdom,GBR,2005,1429.4624
United Kingdom,GBR,2006,1477.6782
United Kingdom,GBR,2007,1509.0277
United Kingdom,GBR,2008,1500.663
United Kingdom,GBR,2009,1525.5679
United Kingdom,GBR,2010,1515.9467
United Kingdom,GBR,2011,1524.1216
United Kingdom,GBR,2012,1548.9506
United Kingdom,GBR,2013,1556.9131
United Kingdom,GBR,2014,1544.5782
United Kingdom,GBR,2015,1554.4362
United Kingdom,GBR,2016,1548.1885
United Kingdom,GBR,2017,1546.6573
United Kingdom,GBR,2018,1550.5142
United Kingdom,GBR,2019,1559.9039
United Kingdom,GBR,2020,1567.9043
United Kingdom,GBR,2021,1641.2758
United Kingdom,GBR,2022,1561.8
United States,USA,1996,1163.3204
United States,USA,1997,1141.0557
United States,USA,1998,1096.9583
United States,USA,1999,1064.1519
United States,USA,2000,1086.1564
United States,USA,2001,1076.3765
United States,USA,2002,1115.8428
United States,USA,2003,1159.8806
United States,USA,2004,1230.6086
United States,USA,2005,1321.0851
United States,USA,2006,1321.2689
United States,USA,2007,1315.621
United States,USA,2008,1312.9935
United States,USA,2009,1316.9656
United States,USA,2010,1337.2134
United States,USA,2011,1368.7546
United States,USA,2012,1368.471
United States,USA,2013,1364.0581
United States,USA,2014,1360.6956
United States,USA,2015,1357.6378
United States,USA,2016,1348.9796
United States,USA,2017,1348.458
United States,USA,2018,1361.1085
United States,USA,2019,1367.1844
United States,USA,2020,1380.029
United States,USA,2021,1422.61
United States,USA,2022,1369.1962
Upper-middle-income countries,OWID_UMC,1996,31.344088
Upper-middle-income countries,OWID_UMC,1997,34.347664
Upper-middle-income countries,OWID_UMC,1998,37.90349
Upper-middle-income countries,OWID_UMC,1999,39.029625
Upper-middle-income countries,OWID_UMC,2000,43.494663
Upper-middle-income countries,OWID_UMC,2001,52.69968
Upper-middle-income countries,OWID_UMC,2002,57.02422
Upper-middle-income countries,OWID_UMC,2003,64.66637
Upper-middle-income countries,OWID_UMC,2004,81.388725
Upper-middle-income countries,OWID_UMC,2005,102.902435
Upper-middle-income countries,OWID_UMC,2006,119.19244
Upper-middle-income countries,OWID_UMC,2007,130.36652
Upper-middle-income countries,OWID_UMC,2008,148.9614
Upper-middle-income countries,OWID_UMC,2009,168.84354
Upper-middle-income countries,OWID_UMC,2010,182.81041
Upper-middle-income countries,OWID_UMC,2011,193.34312
Upper-middle-income countries,OWID_UMC,2012,198.18141
Upper-middle-income countries,OWID_UMC,2013,209.80809
Upper-middle-income countries,OWID_UMC,2014,223.30934
Upper-middle-income countries,OWID_UMC,2015,233.29932
Upper-middle-income countries,OWID_UMC,2016,249.58559
Upper-middle-income countries,OWID_UMC,2017,266.93335
Upper-middle-income countries,OWID_UMC,2018,297.22217
Upper-middle-income countries,OWID_UMC,2019,340.07733
Upper-middle-income countries,OWID_UMC,2020,364.88156
Upper-middle-income countries,OWID_UMC,2021,410.33826
Upper-middle-income countries,OWID_UMC,2022,454.78018
Uruguay,URY,1996,51.78204
Uruguay,URY,1997,61.97599
Uruguay,URY,1998,66.88524
Uruguay,URY,1999,62.30764
Uruguay,URY,2000,68.86277
Uruguay,URY,2001,71.70495
Uruguay,URY,2002,83.72709
Uruguay,URY,2003,86.17006
Uruguay,URY,2004,93.91596
Uruguay,URY,2005,107.54249
Uruguay,URY,2006,110.502914
Uruguay,URY,2007,117.314735
Uruguay,URY,2008,133.73904
Uruguay,URY,2009,146.16818
Uruguay,URY,2010,150.86874
Uruguay,URY,2011,173.4657
Uruguay,URY,2012,175.35223
Uruguay,URY,2013,178.39458
Uruguay,URY,2014,220.5889
Uruguay,URY,2015,206.95561
Uruguay,URY,2016,253.49756
Uruguay,URY,2017,236.71379
Uruguay,URY,2018,272.88577
Uruguay,URY,2019,292.91718
Uruguay,URY,2020,288.3993
Uruguay,URY,2021,350.06088
Uruguay,URY,2022,311.9101
Uzbekistan,UZB,1996,16.273565
Uzbekistan,UZB,1997,17.566847
Uzbekistan,UZB,1998,15.415417
Uzbekistan,UZB,1999,14.228628
Uzbekistan,UZB,2000,14.657248
Uzbekistan,UZB,2001,16.864298
Uzbekistan,UZB,2002,14.65631
Uzbekistan,UZB,2003,12.335841
Uzbekistan,UZB,2004,14.441774
Uzbekistan,UZB,2005,13.275803
Uzbekistan,UZB,2006,12.083579
Uzbekistan,UZB,2007,12.302035
Uzbekistan,UZB,2008,11.1595745
Uzbekistan,UZB,2009,12.211819
Uzbekistan,UZB,2010,13.915905
Uzbekistan,UZB,2011,13.209153
Uzbekistan,UZB,2012,11.3420515
Uzbekistan,UZB,2013,11.887674
Uzbekistan,UZB,2014,11.060122
Uzbekistan,UZB,2015,9.566708
Uzbekistan,UZB,2016,12.072406
Uzbekistan,UZB,2017,10.6860075
Uzbekistan,UZB,2018,10.827377
Uzbekistan,UZB,2019,23.437191
Uzbekistan,UZB,2020,37.491993
Uzbekistan,UZB,2021,70.33324
Uzbekistan,UZB,2022,62.606335
Vanuatu,VUT,1996,8.015868
Vanuatu,VUT,1997,21.130875
Vanuatu,VUT,1998,6.449333
Vanuatu,VUT,1999,38.396465
Vanuatu,VUT,2000,20.506653
Vanuatu,VUT,2001,16.594166
Vanuatu,VUT,2002,27.97874
Vanuatu,VUT,2003,32.528667
Vanuatu,VUT,2004,52.549454
Vanuatu,VUT,2005,62.77282
Vanuatu,VUT,2006,26.305674
Vanuatu,VUT,2007,11.795223
Vanuatu,VUT,2008,18.290318
Vanuatu,VUT,2009,25.308187
Vanuatu,VUT,2010,29.716934
Vanuatu,VUT,2011,32.611286
Vanuatu,VUT,2012,26.15687
Vanuatu,VUT,2013,30.846975
Vanuatu,VUT,2014,32.008915
Vanuatu,VUT,2015,39.646603
Vanuatu,VUT,2016,48.256622
Vanuatu,VUT,2017,37.59331
Vanuatu,VUT,2018,29.622202
Vanuatu,VUT,2019,35.070293
Vanuatu,VUT,2020,38.613655
Vanuatu,VUT,2021,58.423897
Vanuatu,VUT,2022,46.957954
Venezuela,VEN,1996,33.719276
Venezuela,VEN,1997,39.910625
Venezuela,VEN,1998,37.61609
Venezuela,VEN,1999,38.67685
Venezuela,VEN,2000,42.364834
Venezuela,VEN,2001,40.91446
Venezuela,VEN,2002,41.395412
Venezuela,VEN,2003,44.784042
Venezuela,VEN,2004,41.35442
Venezuela,VEN,2005,48.30693
Venezuela,VEN,2006,50.84797
Venezuela,VEN,2007,50.22394
Venezuela,VEN,2008,57.19104
Venezuela,VEN,2009,57.319183
Venezuela,VEN,2010,51.291946
Venezuela,VEN,2011,43.08415
Venezuela,VEN,2012,44.763073
Venezuela,VEN,2013,40.178925
Venezuela,VEN,2014,40.988194
Venezuela,VEN,2015,32.003693
Venezuela,VEN,2016,28.199244
Venezuela,VEN,2017,28.860157
Venezuela,VEN,2018,23.721138
Venezuela,VEN,2019,26.096739
Venezuela,VEN,2020,25.18978
Venezuela,VEN,2021,23.820887
Venezuela,VEN,2022,18.154387
Vietnam,VNM,1996,2.4386094
Vietnam,VNM,1997,2.7259662
Vietnam,VNM,1998,2.251139
Vietnam,VNM,1999,2.6206145
Vietnam,VNM,2000,2.6191769
Vietnam,VNM,2001,3.091599
Vietnam,VNM,2002,2.9723675
Vietnam,VNM,2003,3.7753363
Vietnam,VNM,2004,4.178545
Vietnam,VNM,2005,4.9801254
Vietnam,VNM,2006,5.5270977
Vietnam,VNM,2007,6.2202435
Vietnam,VNM,2008,9.220813
Vietnam,VNM,2009,10.249247
Vietnam,VNM,2010,12.573645
Vietnam,VNM,2011,13.796239
Vietnam,VNM,2012,17.427591
Vietnam,VNM,2013,20.771729
Vietnam,VNM,2014,21.200796
Vietnam,VNM,2015,23.949171
Vietnam,VNM,2016,32.139324
Vietnam,VNM,2017,34.452133
Vietnam,VNM,2018,44.69888
Vietnam,VNM,2019,62.909874
Vietnam,VNM,2020,84.276596
Vietnam,VNM,2021,97.5492
Vietnam,VNM,2022,105.63926
World,OWID_WRL,1996,169.13228
World,OWID_WRL,1997,171.76358
World,OWID_WRL,1998,170.2448
World,OWID_WRL,1999,167.9409
World,OWID_WRL,2000,173.80844
World,OWID_WRL,2001,177.67426
World,OWID_WRL,2002,183.01743
World,OWID_WRL,2003,191.50082
World,OWID_WRL,2004,206.37215
World,OWID_WRL,2005,228.3892
World,OWID_WRL,2006,239.17284
World,OWID_WRL,2007,246.2331
World,OWID_WRL,2008,256.95932
World,OWID_WRL,2009,268.55215
World,OWID_WRL,2010,277.4828
World,OWID_WRL,2011,287.63266
World,OWID_WRL,2012,292.47458
World,OWID_WRL,2013,297.9571
World,OWID_WRL,2014,305.28827
World,OWID_WRL,2015,309.47488
World,OWID_WRL,2016,316.90677
World,OWID_WRL,2017,323.95615
World,OWID_WRL,2018,339.37665
World,OWID_WRL,2019,360.97046
World,OWID_WRL,2020,375.49118
World,OWID_WRL,2021,408.17743
World,OWID_WRL,2022,417.82004
Yemen,YEM,1996,1.1390167
Yemen,YEM,1997,1.7377257
Yemen,YEM,1998,1.5190275
Yemen,YEM,1999,1.5192266
Yemen,YEM,2000,1.163363
Yemen,YEM,2001,2.1501873
Yemen,YEM,2002,1.3021305
Yemen,YEM,2003,1.515167
Yemen,YEM,2004,1.907657
Yemen,YEM,2005,2.1421597
Yemen,YEM,2006,2.3119316
Yemen,YEM,2007,2.0009801
Yemen,YEM,2008,2.4008498
Yemen,YEM,2009,3.1842363
Yemen,YEM,2010,3.8774948
Yemen,YEM,2011,3.695406
Yemen,YEM,2012,3.6878843
Yemen,YEM,2013,3.9975502
Yemen,YEM,2014,4.571183
Yemen,YEM,2015,3.3935206
Yemen,YEM,2016,3.5852866
Yemen,YEM,2017,3.73607
Yemen,YEM,2018,4.134935
Yemen,YEM,2019,5.9903607
Yemen,YEM,2020,7.5481124
Yemen,YEM,2021,11.645055
Yemen,YEM,2022,10.861297
Zambia,ZMB,1996,5.6518993
Zambia,ZMB,1997,7.3107653
Zambia,ZMB,1998,5.9752755
Zambia,ZMB,1999,6.1827483
Zambia,ZMB,2000,3.3540862
Zambia,ZMB,2001,5.1292057
Zambia,ZMB,2002,5.603896
Zambia,ZMB,2003,4.314616
Zambia,ZMB,2004,3.7783782
Zambia,ZMB,2005,5.208716
Zambia,ZMB,2006,5.739701
Zambia,ZMB,2007,5.512895
Zambia,ZMB,2008,7.1352196
Zambia,ZMB,2009,5.6892357
Zambia,ZMB,2010,6.287595
Zambia,ZMB,2011,6.9671297
Zambia,ZMB,2012,7.165258
Zambia,ZMB,2013,7.8277826
Zambia,ZMB,2014,8.150829
Zambia,ZMB,2015,9.849328
Zambia,ZMB,2016,10.625842
Zambia,ZMB,2017,11.92857
Zambia,ZMB,2018,12.101659
Zambia,ZMB,2019,11.332603
Zambia,ZMB,2020,13.989952
Zambia,ZMB,2021,15.954717
Zambia,ZMB,2022,17.082869
Zimbabwe,ZWE,1996,20.224298
Zimbabwe,ZWE,1997,21.980106
Zimbabwe,ZWE,1998,17.77167
Zimbabwe,ZWE,1999,21.567522
Zimbabwe,ZWE,2000,19.809025
Zimbabwe,ZWE,2001,17.469238
Zimbabwe,ZWE,2002,14.039119
Zimbabwe,ZWE,2003,14.906408
Zimbabwe,ZWE,2004,11.363512
Zimbabwe,ZWE,2005,11.314998
Zimbabwe,ZWE,2006,13.603509
Zimbabwe,ZWE,2007,14.518834
Zimbabwe,ZWE,2008,9.741381
Zimbabwe,ZWE,2009,8.947871
Zimbabwe,ZWE,2010,11.0178175
Zimbabwe,ZWE,2011,10.425567
Zimbabwe,ZWE,2012,14.816302
Zimbabwe,ZWE,2013,15.76802
Zimbabwe,ZWE,2014,18.99368
Zimbabwe,ZWE,2015,19.070751
Zimbabwe,ZWE,2016,22.14476
Zimbabwe,ZWE,2017,22.949564
Zimbabwe,ZWE,2018,26.106705
Zimbabwe,ZWE,2019,27.920223
Zimbabwe,ZWE,2020,29.399967
Zimbabwe,ZWE,2021,31.377691
Zimbabwe,ZWE,2022,35.039394